Date,High,Low,Open,Close,Volume,Adj Close
2000-01-03,26.0,23.875,26.0,24.5625,159500,24.5625
2000-01-04,24.875,23.875,24.8125,24.0,160600,24.0
2000-01-05,24.5625,23.625,24.0625,24.4375,80400,24.4375
2000-01-06,24.75,24.0,24.4375,24.3125,105300,24.3125
2000-01-07,24.625,24.0,24.1875,24.625,53700,24.625
2000-01-10,24.875,24.1875,24.8125,24.8125,60000,24.8125
2000-01-11,25.3125,24.375,24.9375,24.375,99100,24.375
2000-01-12,24.625,23.4375,24.625,23.5,105600,23.5
2000-01-13,24.375,23.8125,23.8125,24.375,236100,24.375
2000-01-14,25.4375,24.3125,24.3125,25.0,387100,25.0
2000-01-18,24.9375,24.75,24.875,24.75,96300,24.75
2000-01-19,24.875,24.75,24.75,24.875,146400,24.875
2000-01-20,24.9375,23.5,24.875,23.5625,132000,23.5625
2000-01-21,23.8125,23.625,23.6875,23.6875,105400,23.6875
2000-01-24,23.9375,23.5625,23.6875,23.5625,57500,23.5625
2000-01-25,23.625,22.125,23.625,22.25,243800,22.25
2000-01-26,22.6875,21.1875,22.0,22.3125,290600,22.3125
2000-01-27,22.9375,22.3125,22.375,22.6875,215900,22.6875
2000-01-28,23.375,22.6875,22.75,23.0625,213200,23.0625
2000-01-31,23.75,22.875,22.875,23.4375,320600,23.4375
2000-02-01,23.6875,23.4375,23.4375,23.5625,371300,23.5625
2000-02-02,23.6875,22.8125,23.5625,23.375,191200,23.375
2000-02-03,24.0625,23.0625,23.5625,23.25,211000,23.25
2000-02-04,23.6875,23.1875,23.1875,23.3125,68600,23.3125
2000-02-07,23.5,22.75,23.375,22.8125,33500,22.8125
2000-02-08,22.875,22.25,22.875,22.625,106000,22.625
2000-02-09,22.625,21.3125,22.5,21.75,169600,21.75
2000-02-10,22.1875,21.75,21.8125,22.1875,200700,22.1875
2000-02-11,22.0625,21.5625,22.0625,21.8125,171200,21.8125
2000-02-14,22.75,21.8125,21.8125,22.375,368300,22.375
2000-02-15,22.8125,22.5625,22.5625,22.625,170300,22.625
2000-02-16,23.4375,22.4375,22.5,22.625,198900,22.625
2000-02-17,22.75,22.375,22.75,22.4375,136700,22.4375
2000-02-18,23.125,22.4375,22.4375,22.8125,418900,22.8125
2000-02-22,22.6875,21.375,22.6875,21.375,131300,21.375
2000-02-23,21.875,20.3125,21.5,20.9375,173400,20.9375
2000-02-24,21.125,20.5625,20.9375,20.6875,174800,20.6875
2000-02-25,22.0,20.6875,20.6875,21.625,234400,21.625
2000-02-28,22.125,21.5,21.5625,21.875,197900,21.875
2000-02-29,22.1875,21.5625,21.9375,22.1875,153600,22.1875
2000-03-01,22.25,21.8125,22.0625,22.25,151400,22.25
2000-03-02,22.25,21.75,22.1875,21.9375,103900,21.9375
2000-03-03,22.0625,21.3125,22.0,21.4375,99200,21.4375
2000-03-06,21.5,20.5625,21.375,20.625,81000,20.625
2000-03-07,21.1875,20.3125,20.3125,21.0,137500,21.0
2000-03-08,21.0,19.75,20.9375,19.75,167600,19.75
2000-03-09,20.3125,19.5,19.9375,20.3125,255100,20.3125
2000-03-10,20.375,19.5,20.375,19.8125,100300,19.8125
2000-03-13,19.8125,18.9375,19.8125,19.25,138300,19.25
2000-03-14,20.375,19.125,19.125,20.375,369100,20.375
2000-03-15,21.5,20.1875,20.375,21.25,262800,21.25
2000-03-16,21.5,21.0,21.5,21.0625,262500,21.0625
2000-03-17,21.625,20.25,20.75,20.75,209500,20.75
2000-03-20,21.5,19.625,20.875,19.6875,147300,19.6875
2000-03-21,19.9375,19.25,19.75,19.6875,162500,19.6875
2000-03-22,19.9375,19.625,19.6875,19.625,110800,19.625
2000-03-23,20.75,19.625,19.625,20.5625,247500,20.5625
2000-03-24,20.875,20.5625,20.6875,20.5625,385100,20.5625
2000-03-27,20.75,20.0,20.6875,20.0625,66000,20.0625
2000-03-28,20.3125,20.0,20.0625,20.3125,81100,20.3125
2000-03-29,21.1875,20.3125,20.3125,21.125,359200,21.125
2000-03-30,23.375,21.25,21.25,23.375,349200,23.375
2000-03-31,24.25,21.8125,23.75,22.375,376500,22.375
2000-04-03,23.1875,22.5,22.625,23.0,234300,23.0
2000-04-04,23.25,22.6875,23.25,22.9375,170700,22.9375
2000-04-05,22.9375,21.8125,22.875,22.0,331400,22.0
2000-04-06,22.875,22.1875,22.1875,22.375,136700,22.375
2000-04-07,22.5,22.125,22.3125,22.25,131800,22.25
2000-04-10,22.9375,22.25,22.375,22.25,84400,22.25
2000-04-11,22.875,22.0625,22.375,22.25,148600,22.25
2000-04-12,23.125,22.3125,22.3125,23.0625,287400,23.0625
2000-04-13,23.375,22.75,23.0625,23.0,138200,23.0
2000-04-14,23.0,21.75,23.0,22.0625,96400,22.0625
2000-04-17,22.375,21.5,22.0,22.125,105800,22.125
2000-04-18,22.375,21.6875,22.25,21.8125,88400,21.8125
2000-04-19,22.9375,22.0,22.0,22.3125,213000,22.3125
2000-04-20,23.9375,22.3125,22.3125,23.4375,272700,23.4375
2000-04-24,24.6875,23.375,23.375,24.625,219200,24.625
2000-04-25,24.875,23.8125,24.625,24.5625,271500,24.5625
2000-04-26,24.5625,24.0,24.5,24.3125,303900,24.3125
2000-04-27,24.875,24.0,24.0,24.625,402900,24.625
2000-04-28,24.9375,24.625,24.625,24.8125,248400,24.8125
2000-05-01,25.9375,24.8125,24.875,25.5,118200,25.5
2000-05-02,25.375,24.125,25.375,24.5,56000,24.5
2000-05-03,25.125,24.375,24.5,24.5625,71400,24.5625
2000-05-04,25.0625,24.75,24.75,24.9375,108600,24.9375
2000-05-05,25.5625,24.875,25.375,24.9375,185400,24.9375
2000-05-08,24.9375,23.5625,24.875,23.9375,76000,23.9375
2000-05-09,23.875,23.5,23.75,23.875,117400,23.875
2000-05-10,24.625,23.875,23.875,24.1875,139100,24.1875
2000-05-11,25.8125,24.1875,24.1875,25.4375,397900,25.4375
2000-05-12,26.25,24.4375,25.5,24.4375,321600,24.4375
2000-05-15,24.875,24.0,24.5625,24.125,65100,24.125
2000-05-16,24.75,24.25,24.25,24.6875,111400,24.6875
2000-05-17,24.5625,23.75,24.5625,23.8125,136900,23.8125
2000-05-18,23.9375,23.5625,23.875,23.5625,144300,23.5625
2000-05-19,23.625,23.0,23.625,23.125,91700,23.125
2000-05-22,24.4375,23.0,23.0,23.6875,195400,23.6875
2000-05-23,24.875,23.4375,23.5625,24.375,468100,24.375
2000-05-24,24.4375,23.375,24.4375,23.375,286200,23.375
2000-05-25,23.4375,22.8125,23.4375,23.1875,315300,23.1875
2000-05-26,23.3125,22.5625,23.3125,22.6875,193000,22.6875
2000-05-30,23.25,22.6875,22.75,22.9375,130200,22.9375
2000-05-31,24.0,22.9375,22.9375,23.8125,240400,23.8125
2000-06-01,24.5625,23.75,23.75,23.75,344000,23.75
2000-06-02,24.5,24.0,24.0,24.125,228000,24.125
2000-06-05,24.375,23.6875,24.125,23.6875,79600,23.6875
2000-06-06,23.875,23.25,23.75,23.3125,60600,23.3125
2000-06-07,23.4375,22.75,23.375,22.75,68200,22.75
2000-06-08,22.8125,22.4375,22.75,22.75,138800,22.75
2000-06-09,22.8125,22.1875,22.75,22.1875,209600,22.1875
2000-06-12,22.3125,21.4375,22.3125,21.5625,167600,21.5625
2000-06-13,21.6875,21.25,21.625,21.375,106300,21.375
2000-06-14,21.75,21.4375,21.5,21.5625,146900,21.5625
2000-06-15,22.625,21.4375,21.4375,22.4375,124700,22.4375
2000-06-16,22.1875,21.4375,22.1875,21.4375,139700,21.4375
2000-06-19,21.9375,21.375,21.5625,21.6875,113200,21.6875
2000-06-20,22.0,21.1875,21.6875,21.9375,125000,21.9375
2000-06-21,21.9375,20.9375,21.9375,20.9375,105300,20.9375
2000-06-22,21.125,20.5,21.125,20.75,160600,20.75
2000-06-23,20.9375,20.6875,20.9375,20.9375,105500,20.9375
2000-06-26,21.875,20.9375,20.9375,21.6875,378900,21.6875
2000-06-27,22.8125,21.6875,21.6875,22.4375,241600,22.4375
2000-06-28,22.8125,22.375,22.4375,22.5625,208400,22.5625
2000-06-29,24.25,22.625,22.625,24.0625,323600,24.0625
2000-06-30,24.0625,21.734375,24.0,21.734375,625800,21.734375
2000-07-03,24.25,22.0,22.0,24.25,124600,24.25
2000-07-05,24.25,23.125,24.25,23.3125,157300,23.3125
2000-07-06,23.5,23.25,23.3125,23.5,158400,23.5
2000-07-07,24.1875,23.625,23.625,24.1875,347800,24.1875
2000-07-10,24.75,24.3125,24.3125,24.625,212000,24.625
2000-07-11,24.8125,24.1875,24.5625,24.3125,441700,24.3125
2000-07-12,24.25,24.0,24.25,24.0625,235200,24.0625
2000-07-13,24.5625,24.125,24.125,24.3125,35900,24.3125
2000-07-14,24.9375,24.375,24.375,24.9375,92500,24.9375
2000-07-17,25.125,24.5,24.8125,24.5,76600,24.5
2000-07-18,24.625,24.0625,24.5625,24.1875,77200,24.1875
2000-07-19,24.3125,24.0,24.3125,24.125,97300,24.125
2000-07-20,24.625,24.0,24.0625,24.625,128500,24.625
2000-07-21,24.875,24.4375,24.875,24.5625,123500,24.5625
2000-07-24,25.0625,24.5,24.6875,24.5625,72000,24.5625
2000-07-25,25.0625,24.5,24.6875,25.0625,128200,25.0625
2000-07-26,25.9375,24.9375,24.9375,25.9375,257400,25.9375
2000-07-27,26.1875,25.6875,25.9375,25.9375,160300,25.9375
2000-07-28,26.1875,25.5625,25.75,25.875,112000,25.875
2000-07-31,26.6875,26.0625,26.125,26.6875,167300,26.6875
2000-08-01,27.5,26.6875,26.6875,27.0,298700,27.0
2000-08-02,27.0625,26.75,27.0,26.8125,269200,26.8125
2000-08-03,26.6875,26.1875,26.6875,26.375,74300,26.375
2000-08-04,27.0625,26.0625,26.375,26.8125,47900,26.8125
2000-08-07,27.3125,26.5625,26.625,27.25,180000,27.25
2000-08-08,27.8125,27.3125,27.3125,27.375,309300,27.375
2000-08-09,27.4375,26.875,27.375,27.0,144300,27.0
2000-08-10,27.0,26.125,27.0,26.1875,145800,26.1875
2000-08-11,26.9375,26.1875,26.25,26.875,158500,26.875
2000-08-14,26.9375,26.6875,26.8125,26.875,115500,26.875
2000-08-15,27.0,26.375,26.9375,26.625,78200,26.625
2000-08-16,26.6875,26.25,26.5625,26.5625,56200,26.5625
2000-08-17,26.6875,25.875,26.3125,26.0,64000,26.0
2000-08-18,26.0,25.25,25.9375,25.8125,72200,25.8125
2000-08-21,26.125,25.75,25.75,25.8125,73600,25.8125
2000-08-22,26.375,25.875,25.875,26.3125,96300,26.3125
2000-08-23,26.1875,25.3125,26.1875,25.3125,69100,25.3125
2000-08-24,25.5625,25.375,25.4375,25.4375,133900,25.4375
2000-08-25,25.5,24.875,25.4375,24.9375,136800,24.9375
2000-08-28,24.9375,24.0,24.875,24.0,81400,24.0
2000-08-29,24.875,24.0625,24.1875,24.5,92700,24.5
2000-08-30,24.6875,23.875,24.6875,23.875,47600,23.875
2000-08-31,24.25,23.75,23.875,23.75,105500,23.75
2000-09-01,24.4375,23.8125,23.875,24.25,142700,24.25
2000-09-05,24.25,23.3125,24.25,23.4375,134100,23.4375
2000-09-06,27.5625,23.3125,23.5,26.5,840000,26.5
2000-09-07,27.1875,26.5,26.5,27.0625,259300,27.0625
2000-09-08,26.5,24.4375,26.5,25.875,1355700,25.875
2000-09-11,25.8125,25.0625,25.75,25.4375,168300,25.4375
2000-09-12,25.6875,25.25,25.625,25.6875,169300,25.6875
2000-09-13,25.6875,24.5625,25.6875,24.5625,403200,24.5625
2000-09-14,24.6875,23.875,24.625,23.9375,556100,23.9375
2000-09-15,23.5625,23.0,23.3125,23.3125,317100,23.3125
2000-09-18,23.3125,22.125,23.3125,22.375,385000,22.375
2000-09-19,22.625,22.125,22.375,22.125,565100,22.125
2000-09-20,22.25,21.625,22.25,21.625,318200,21.625
2000-09-21,21.6875,21.25,21.5,21.25,202600,21.25
2000-09-22,22.125,21.125,21.25,22.0,130900,22.0
2000-09-25,22.75,21.875,22.0,22.4375,1548400,22.4375
2000-09-26,22.375,21.71875,22.375,22.0,135900,22.0
2000-09-27,22.1875,21.6875,21.875,21.875,109700,21.875
2000-09-28,22.75,21.6875,21.875,22.75,144400,22.75
2000-09-29,22.75,21.8125,22.6875,21.8125,145200,21.8125
2000-10-02,21.875,21.3125,21.875,21.5,411800,21.5
2000-10-03,21.5,21.25,21.5,21.3125,160100,21.3125
2000-10-04,21.5625,21.375,21.4375,21.5,438800,21.5
2000-10-05,22.125,21.5625,21.5625,22.0625,147100,22.0625
2000-10-06,22.25,22.0,22.0625,22.125,112900,22.125
2000-10-09,22.375,21.625,22.1875,21.6875,54000,21.6875
2000-10-10,21.5625,21.0625,21.5,21.1875,286300,21.1875
2000-10-11,21.0625,19.25,21.0625,19.75,440400,19.75
2000-10-12,20.125,19.125,20.0,19.3125,175700,19.3125
2000-10-13,20.125,19.1875,19.25,19.5,867300,19.5
2000-10-16,20.0,19.5,19.5,19.75,301800,19.75
2000-10-17,19.875,19.125,19.875,19.1875,301700,19.1875
2000-10-18,19.5,19.0625,19.0625,19.3125,560500,19.3125
2000-10-19,20.1875,19.375,19.375,20.125,610000,20.125
2000-10-20,20.5,20.125,20.125,20.125,77900,20.125
2000-10-23,20.0,19.25,19.9375,19.5625,139000,19.5625
2000-10-24,19.625,19.5,19.625,19.5625,254100,19.5625
2000-10-25,19.625,19.375,19.625,19.4375,653500,19.4375
2000-10-26,20.25,19.5,19.5,20.25,831100,20.25
2000-10-27,20.25,19.75,20.1875,20.1875,66400,20.1875
2000-10-30,21.3125,20.25,20.25,21.1875,168500,21.1875
2000-10-31,22.0,21.0625,21.1875,21.8125,97900,21.8125
2000-11-01,22.1875,21.5,22.1875,21.5625,72600,21.5625
2000-11-02,22.1875,21.625,21.8125,21.625,80900,21.625
2000-11-03,21.875,21.5625,21.6875,21.6875,47100,21.6875
2000-11-06,22.4375,21.6875,21.8125,21.75,115000,21.75
2000-11-07,21.6875,21.0,21.625,21.375,96200,21.375
2000-11-08,21.3125,21.1875,21.3125,21.1875,111300,21.1875
2000-11-09,21.3125,19.875,21.3125,20.6875,140600,20.6875
2000-11-10,20.9375,19.9375,20.8125,20.5,120000,20.5
2000-11-13,21.125,20.0,20.25,20.9375,138100,20.9375
2000-11-14,21.4375,20.9375,20.9375,21.375,172400,21.375
2000-11-15,21.3125,21.0625,21.25,21.25,103400,21.25
2000-11-16,22.375,21.375,21.375,21.625,198900,21.625
2000-11-17,22.0,21.75,21.8125,21.9375,53900,21.9375
2000-11-20,22.5625,21.5625,22.0625,22.375,207400,22.375
2000-11-21,22.4375,22.0625,22.1875,22.3125,195100,22.3125
2000-11-22,22.875,22.0,22.3125,22.0625,147700,22.0625
2000-11-24,22.25,22.0,22.0625,22.25,39600,22.25
2000-11-27,23.3125,22.25,22.25,23.1875,93800,23.1875
2000-11-28,23.375,22.875,23.0625,22.9375,156200,22.9375
2000-11-29,23.875,22.9375,22.9375,23.8125,309300,23.8125
2000-11-30,23.875,23.5,23.75,23.6875,181400,23.6875
2000-12-01,25.0,24.125,24.125,24.6875,415300,24.6875
2000-12-04,24.6875,24.0,24.625,24.125,105300,24.125
2000-12-05,25.1875,24.375,24.375,25.1875,193700,25.1875
2000-12-06,25.125,24.625,25.0625,25.0,114100,25.0
2000-12-07,25.5,24.9375,25.0625,25.1875,258600,25.1875
2000-12-08,26.0,25.1875,25.1875,25.6875,258100,25.6875
2000-12-11,26.25,25.375,25.6875,26.0625,223500,26.0625
2000-12-12,26.0625,25.25,25.8125,25.3125,227200,25.3125
2000-12-13,25.375,24.0625,25.1875,24.5,144700,24.5
2000-12-14,24.75,23.6875,24.6875,24.625,199100,24.625
2000-12-15,25.1875,24.375,24.375,24.9375,213100,24.9375
2000-12-18,25.0,24.8125,25.0,24.9375,74800,24.9375
2000-12-19,24.9375,24.5625,24.9375,24.6875,215600,24.6875
2000-12-20,24.75,24.0,24.75,24.0,197600,24.0
2000-12-21,24.75,24.0625,24.0625,24.25,775000,24.25
2000-12-22,25.375,24.3125,24.3125,25.3125,322800,25.3125
2000-12-26,26.1875,24.9375,25.6875,25.1875,101200,25.1875
2000-12-27,27.75,25.1875,25.1875,27.6875,122600,27.6875
2000-12-28,29.125,27.6875,27.6875,29.0,270500,29.0
2000-12-29,29.0,27.1875,29.0,27.375,244900,27.375
2001-01-02,27.9375,26.6875,27.4375,27.25,219900,27.25
2001-01-03,29.625,27.25,27.25,28.5,363400,28.5
2001-01-04,30.0,28.4375,28.4375,29.5625,252700,29.5625
2001-01-05,30.375,29.5,29.5625,29.5625,284400,29.5625
2001-01-08,30.8125,29.5,29.5,30.75,374600,30.75
2001-01-09,30.5,30.0,30.0,30.5,474600,30.5
2001-01-10,30.5,29.75,30.5,30.0,323000,30.0
2001-01-11,30.5,29.9375,30.0,30.0,103300,30.0
2001-01-12,31.0,29.625,29.625,30.875,363600,30.875
2001-01-16,31.875,30.875,30.875,31.5625,416000,31.5625
2001-01-17,31.875,30.9375,31.4375,31.0,237700,31.0
2001-01-18,31.25,29.8125,31.25,31.0,298800,31.0
2001-01-19,31.0,29.9375,31.0,30.0,248900,30.0
2001-01-22,30.9375,29.5,30.0,30.4375,175100,30.4375
2001-01-23,31.5,30.3125,30.4375,31.0625,183800,31.0625
2001-01-24,31.0,30.125,31.0,30.1875,227600,30.1875
2001-01-25,31.0625,30.125,30.125,30.875,287000,30.875
2001-01-26,30.6875,29.75,30.6875,30.1875,171700,30.1875
2001-01-29,31.0,30.06999969482422,30.1200008392334,30.850000381469727,187000,30.850000381469727
2001-01-30,30.850000381469727,30.200000762939453,30.850000381469727,30.670000076293945,168600,30.670000076293945
2001-01-31,31.989999771118164,30.670000076293945,30.670000076293945,31.5,284900,31.5
2001-02-01,32.599998474121094,31.579999923706055,31.649999618530273,32.20000076293945,285200,32.20000076293945
2001-02-02,32.290000915527344,31.940000534057617,32.150001525878906,31.940000534057617,79200,31.940000534057617
2001-02-05,32.290000915527344,31.81999969482422,31.950000762939453,31.889999389648438,69300,31.889999389648438
2001-02-06,32.0,31.700000762939453,31.850000381469727,31.969999313354492,191500,31.969999313354492
2001-02-07,31.90999984741211,31.469999313354492,31.899999618530273,31.469999313354492,248100,31.469999313354492
2001-02-08,31.479999542236328,30.219999313354492,31.479999542236328,30.75,307400,30.75
2001-02-09,29.649999618530273,26.850000381469727,27.0,29.40999984741211,1172200,29.40999984741211
2001-02-12,29.75,28.799999237060547,28.799999237060547,29.649999618530273,551900,29.649999618530273
2001-02-13,29.889999389648438,29.450000762939453,29.649999618530273,29.84000015258789,142700,29.84000015258789
2001-02-14,30.59000015258789,29.809999465942383,29.84000015258789,30.0,476800,30.0
2001-02-15,30.700000762939453,30.299999237060547,30.299999237060547,30.690000534057617,382800,30.690000534057617
2001-02-16,30.799999237060547,30.68000030517578,30.68000030517578,30.770000457763672,248500,30.770000457763672
2001-02-20,31.649999618530273,30.780000686645508,30.780000686645508,31.510000228881836,279500,31.510000228881836
2001-02-21,32.099998474121094,31.200000762939453,31.709999084472656,31.979999542236328,546100,31.979999542236328
2001-02-22,32.099998474121094,31.399999618530273,31.950000762939453,31.469999313354492,425100,31.469999313354492
2001-02-23,31.459999084472656,30.260000228881836,31.450000762939453,30.899999618530273,144000,30.899999618530273
2001-02-26,31.329999923706055,30.8799991607666,30.8799991607666,31.059999465942383,145600,31.059999465942383
2001-02-27,31.190000534057617,30.5,31.059999465942383,30.530000686645508,150600,30.530000686645508
2001-02-28,30.450000762939453,29.75,30.450000762939453,29.950000762939453,343100,29.950000762939453
2001-03-01,29.989999771118164,29.299999237060547,29.950000762939453,29.739999771118164,211800,29.739999771118164
2001-03-02,30.549999237060547,29.649999618530273,29.739999771118164,30.229999542236328,288300,30.229999542236328
2001-03-05,31.200000762939453,30.270000457763672,30.270000457763672,30.969999313354492,223900,30.969999313354492
2001-03-06,31.040000915527344,28.799999237060547,31.0,30.200000762939453,313500,30.200000762939453
2001-03-07,30.649999618530273,30.049999237060547,30.049999237060547,30.559999465942383,222900,30.559999465942383
2001-03-08,31.020000457763672,30.450000762939453,30.450000762939453,30.940000534057617,183500,30.940000534057617
2001-03-09,31.040000915527344,30.709999084472656,30.979999542236328,30.93000030517578,92800,30.93000030517578
2001-03-12,31.0,30.81999969482422,30.899999618530273,30.829999923706055,87000,30.829999923706055
2001-03-13,30.75,29.75,30.75,30.030000686645508,334700,30.030000686645508
2001-03-14,29.8700008392334,29.020000457763672,29.770000457763672,29.020000457763672,115800,29.020000457763672
2001-03-15,30.0,28.979999542236328,29.010000228881836,29.59000015258789,154200,29.59000015258789
2001-03-16,29.600000381469727,28.780000686645508,29.5,28.899999618530273,254200,28.899999618530273
2001-03-19,28.979999542236328,27.34000015258789,28.850000381469727,28.959999084472656,353700,28.959999084472656
2001-03-20,29.450000762939453,28.1200008392334,28.959999084472656,29.190000534057617,240900,29.190000534057617
2001-03-21,29.190000534057617,27.450000762939453,29.190000534057617,27.450000762939453,525200,27.450000762939453
2001-03-22,27.799999237060547,25.5,27.450000762939453,27.65999984741211,356700,27.65999984741211
2001-03-23,28.0,27.34000015258789,27.600000381469727,27.389999389648438,103000,27.389999389648438
2001-03-26,28.799999237060547,27.389999389648438,27.389999389648438,28.639999389648438,110300,28.639999389648438
2001-03-27,28.850000381469727,27.780000686645508,28.850000381469727,28.850000381469727,137900,28.850000381469727
2001-03-28,28.600000381469727,27.68000030517578,28.600000381469727,28.100000381469727,162600,28.100000381469727
2001-03-29,28.8700008392334,28.1299991607666,28.149999618530273,28.510000228881836,117000,28.510000228881836
2001-03-30,28.959999084472656,28.0,28.709999084472656,28.079999923706055,466400,28.079999923706055
2001-04-02,29.360000610351562,28.209999084472656,28.579999923706055,28.549999237060547,214800,28.549999237060547
2001-04-03,28.959999084472656,28.049999237060547,28.549999237060547,28.059999465942383,184400,28.059999465942383
2001-04-04,28.600000381469727,27.950000762939453,28.0,28.600000381469727,75400,28.600000381469727
2001-04-05,29.75,28.700000762939453,28.700000762939453,29.729999542236328,109900,29.729999542236328
2001-04-06,29.81999969482422,29.260000228881836,29.729999542236328,29.270000457763672,117400,29.270000457763672
2001-04-09,30.329999923706055,29.299999237060547,29.350000381469727,30.059999465942383,165500,30.059999465942383
2001-04-10,30.290000915527344,30.030000686645508,30.059999465942383,30.110000610351562,75300,30.110000610351562
2001-04-11,30.18000030517578,27.90999984741211,30.110000610351562,28.139999389648438,220700,28.139999389648438
2001-04-12,29.860000610351562,28.079999923706055,28.389999389648438,29.860000610351562,169100,29.860000610351562
2001-04-16,29.799999237060547,28.540000915527344,29.799999237060547,28.889999389648438,112600,28.889999389648438
2001-04-17,29.8799991607666,28.5,28.5,29.399999618530273,270000,29.399999618530273
2001-04-18,30.25,29.100000381469727,29.399999618530273,30.239999771118164,193700,30.239999771118164
2001-04-19,30.75,30.020000457763672,30.239999771118164,30.5,185700,30.5
2001-04-20,31.06999969482422,30.18000030517578,30.489999771118164,31.0,255500,31.0
2001-04-23,31.190000534057617,31.010000228881836,31.049999237060547,31.059999465942383,161400,31.059999465942383
2001-04-24,31.860000610351562,30.899999618530273,31.0,31.5,268000,31.5
2001-04-25,32.45000076293945,31.5,31.5,32.20000076293945,368000,32.20000076293945
2001-04-26,33.349998474121094,32.209999084472656,32.209999084472656,33.20000076293945,600400,33.20000076293945
2001-04-27,33.70000076293945,33.130001068115234,33.599998474121094,33.56999969482422,343300,33.56999969482422
2001-04-30,33.75,32.63999938964844,33.5,32.65999984741211,320700,32.65999984741211
2001-05-01,32.65999984741211,32.119998931884766,32.65999984741211,32.59000015258789,378800,32.59000015258789
2001-05-02,33.400001525878906,32.220001220703125,33.400001525878906,32.27000045776367,201800,32.27000045776367
2001-05-03,32.27000045776367,31.450000762939453,32.27000045776367,31.6200008392334,237400,31.6200008392334
2001-05-04,31.889999389648438,31.389999389648438,31.6200008392334,31.889999389648438,214500,31.889999389648438
2001-05-07,31.889999389648438,31.56999969482422,31.889999389648438,31.56999969482422,122100,31.56999969482422
2001-05-08,31.59000015258789,30.90999984741211,31.56999969482422,30.920000076293945,174100,30.920000076293945
2001-05-09,30.920000076293945,30.0,30.920000076293945,30.100000381469727,480400,30.100000381469727
2001-05-10,30.65999984741211,30.149999618530273,30.200000762939453,30.6200008392334,430700,30.6200008392334
2001-05-11,31.1299991607666,29.920000076293945,30.6200008392334,30.0,799400,30.0
2001-05-14,30.049999237060547,29.799999237060547,30.0,29.950000762939453,140000,29.950000762939453
2001-05-15,30.030000686645508,29.899999618530273,29.940000534057617,30.0,642400,30.0
2001-05-16,30.0,29.649999618530273,30.0,30.0,628400,30.0
2001-05-17,31.25,29.989999771118164,30.0,31.25,422700,31.25
2001-05-18,31.0,30.600000381469727,30.90999984741211,30.600000381469727,174400,30.600000381469727
2001-05-21,30.600000381469727,30.1200008392334,30.600000381469727,30.520000457763672,216600,30.520000457763672
2001-05-22,30.75,30.309999465942383,30.530000686645508,30.389999389648438,184000,30.389999389648438
2001-05-23,30.670000076293945,30.0,30.670000076293945,30.049999237060547,253700,30.049999237060547
2001-05-24,30.950000762939453,30.010000228881836,30.049999237060547,30.799999237060547,163400,30.799999237060547
2001-05-25,31.110000610351562,30.799999237060547,30.799999237060547,30.959999084472656,119300,30.959999084472656
2001-05-29,31.649999618530273,30.65999984741211,30.65999984741211,31.610000610351562,154000,31.610000610351562
2001-05-30,31.549999237060547,31.200000762939453,31.40999984741211,31.200000762939453,176100,31.200000762939453
2001-05-31,32.099998474121094,31.299999237060547,31.299999237060547,32.029998779296875,232000,32.029998779296875
2001-06-01,32.5,31.68000030517578,32.040000915527344,32.060001373291016,174700,32.060001373291016
2001-06-04,32.060001373291016,31.809999465942383,32.060001373291016,31.899999618530273,46200,31.899999618530273
2001-06-05,32.25,31.850000381469727,31.899999618530273,32.209999084472656,80500,32.209999084472656
2001-06-06,32.849998474121094,32.29999923706055,32.29999923706055,32.70000076293945,152800,32.70000076293945
2001-06-07,33.349998474121094,32.68000030517578,32.900001525878906,32.68000030517578,157100,32.68000030517578
2001-06-08,32.95000076293945,32.599998474121094,32.689998626708984,32.790000915527344,60500,32.790000915527344
2001-06-11,33.16999816894531,32.650001525878906,32.79999923706055,33.150001525878906,117100,33.150001525878906
2001-06-12,33.540000915527344,33.099998474121094,33.099998474121094,33.380001068115234,187200,33.380001068115234
2001-06-13,35.060001373291016,33.380001068115234,33.380001068115234,33.97999954223633,632200,33.97999954223633
2001-06-14,34.45000076293945,33.29999923706055,33.970001220703125,33.65999984741211,202700,33.65999984741211
2001-06-15,33.66999816894531,33.34000015258789,33.5,33.400001525878906,344700,33.400001525878906
2001-06-18,33.40999984741211,32.849998474121094,33.40999984741211,32.869998931884766,352300,32.869998931884766
2001-06-19,33.20000076293945,32.75,32.900001525878906,32.869998931884766,162300,32.869998931884766
2001-06-20,33.099998474121094,32.75,32.869998931884766,33.099998474121094,188700,33.099998474121094
2001-06-21,35.130001068115234,33.099998474121094,33.099998474121094,35.099998474121094,309200,35.099998474121094
2001-06-22,35.08000183105469,34.16999816894531,35.04999923706055,34.529998779296875,241800,34.529998779296875
2001-06-25,34.95000076293945,34.25,34.29999923706055,34.25,230600,34.25
2001-06-26,34.93000030517578,33.849998474121094,34.20000076293945,34.83000183105469,227700,34.83000183105469
2001-06-27,35.20000076293945,34.29999923706055,34.79999923706055,35.0,376900,35.0
2001-06-28,35.5,35.0,35.0,35.459999084472656,169500,35.459999084472656
2001-06-29,35.849998474121094,35.13999938964844,35.47999954223633,35.20000076293945,582600,35.20000076293945
2001-07-02,35.29999923706055,35.06999969482422,35.209999084472656,35.099998474121094,179600,35.099998474121094
2001-07-03,35.349998474121094,34.63999938964844,35.349998474121094,35.0,166900,35.0
2001-07-05,35.25,34.58000183105469,34.900001525878906,34.84000015258789,151200,34.84000015258789
2001-07-06,34.810001373291016,34.04999923706055,34.79999923706055,34.130001068115234,89000,34.130001068115234
2001-07-09,34.5,33.720001220703125,34.029998779296875,33.7400016784668,117500,33.7400016784668
2001-07-10,34.5,33.84000015258789,33.84000015258789,34.0099983215332,419000,34.0099983215332
2001-07-11,34.0099983215332,33.849998474121094,34.0099983215332,34.0,174800,34.0
2001-07-12,35.0,34.0,34.04999923706055,34.97999954223633,451500,34.97999954223633
2001-07-13,35.5,34.900001525878906,35.0,35.5,410300,35.5
2001-07-16,35.849998474121094,35.0099983215332,35.5,35.83000183105469,576100,35.83000183105469
2001-07-17,42.0,38.79999923706055,39.0,40.77000045776367,2389600,40.77000045776367
2001-07-18,42.0,40.5,40.779998779296875,41.13999938964844,435200,41.13999938964844
2001-07-19,42.5,41.20000076293945,41.20000076293945,42.36000061035156,582300,42.36000061035156
2001-07-20,42.400001525878906,41.720001220703125,42.29999923706055,41.79999923706055,197900,41.79999923706055
2001-07-23,42.939998626708984,41.79999923706055,42.04999923706055,42.130001068115234,298200,42.130001068115234
2001-07-24,42.75,41.91999816894531,42.25,41.95000076293945,300600,41.95000076293945
2001-07-25,42.150001525878906,41.470001220703125,42.0,41.84000015258789,187900,41.84000015258789
2001-07-26,43.0,41.84000015258789,41.84000015258789,42.93000030517578,272500,42.93000030517578
2001-07-27,43.779998779296875,42.810001373291016,42.900001525878906,43.779998779296875,156900,43.779998779296875
2001-07-30,44.790000915527344,43.45000076293945,43.779998779296875,44.689998626708984,405300,44.689998626708984
2001-07-31,45.45000076293945,43.95000076293945,44.939998626708984,44.0,402700,44.0
2001-08-01,44.470001220703125,43.790000915527344,44.0,43.869998931884766,222200,43.869998931884766
2001-08-02,44.20000076293945,42.5,44.099998474121094,42.849998474121094,193100,42.849998474121094
2001-08-03,43.20000076293945,42.650001525878906,43.0,43.09000015258789,185900,43.09000015258789
2001-08-06,43.810001373291016,43.130001068115234,43.150001525878906,43.650001525878906,298500,43.650001525878906
2001-08-07,43.97999954223633,43.279998779296875,43.70000076293945,43.93000030517578,239700,43.93000030517578
2001-08-08,44.79999923706055,43.91999816894531,43.91999816894531,44.20000076293945,164800,44.20000076293945
2001-08-09,44.20000076293945,42.22999954223633,44.20000076293945,43.209999084472656,463500,43.209999084472656
2001-08-10,43.54999923706055,42.75,43.2599983215332,43.209999084472656,270300,43.209999084472656
2001-08-13,44.310001373291016,43.45000076293945,43.5099983215332,44.04999923706055,370900,44.04999923706055
2001-08-14,44.150001525878906,43.91999816894531,44.04999923706055,44.04999923706055,197100,44.04999923706055
2001-08-15,44.25,43.119998931884766,44.04999923706055,43.22999954223633,205800,43.22999954223633
2001-08-16,44.150001525878906,43.349998474121094,43.630001068115234,44.0,214500,44.0
2001-08-17,44.099998474121094,43.0,44.0099983215332,43.099998474121094,134700,43.099998474121094
2001-08-20,43.5,42.95000076293945,43.5,43.099998474121094,152600,43.099998474121094
2001-08-21,43.099998474121094,41.650001525878906,43.099998474121094,41.68000030517578,376400,41.68000030517578
2001-08-22,42.0,41.290000915527344,41.68000030517578,41.59000015258789,242900,41.59000015258789
2001-08-23,41.68000030517578,40.75,41.599998474121094,41.560001373291016,193200,41.560001373291016
2001-08-24,42.43000030517578,41.470001220703125,41.65999984741211,42.40999984741211,126300,42.40999984741211
2001-08-27,43.25,42.40999984741211,42.40999984741211,43.029998779296875,164500,43.029998779296875
2001-08-28,42.93000030517578,42.130001068115234,42.93000030517578,42.58000183105469,150300,42.58000183105469
2001-08-29,43.849998474121094,42.56999969482422,42.59000015258789,43.45000076293945,228200,43.45000076293945
2001-08-30,43.45000076293945,42.79999923706055,43.45000076293945,42.95000076293945,165400,42.95000076293945
2001-08-31,44.70000076293945,42.959999084472656,42.959999084472656,44.599998474121094,297300,44.599998474121094
2001-09-04,47.130001068115234,44.56999969482422,44.61000061035156,46.220001220703125,340700,46.220001220703125
2001-09-05,46.11000061035156,42.61000061035156,46.099998474121094,42.900001525878906,492400,42.900001525878906
2001-09-06,43.75,41.18000030517578,42.90999984741211,42.95000076293945,550100,42.95000076293945
2001-09-07,42.900001525878906,41.70000076293945,42.70000076293945,41.70000076293945,242000,41.70000076293945
2001-09-10,41.400001525878906,40.220001220703125,41.04999923706055,40.470001220703125,360800,40.470001220703125
2001-09-17,39.0,35.900001525878906,39.0,35.959999084472656,268200,35.959999084472656
2001-09-18,36.16999816894531,35.25,36.11000061035156,35.599998474121094,819800,35.599998474121094
2001-09-19,35.88999938964844,32.25,35.54999923706055,33.15999984741211,589900,33.15999984741211
2001-09-20,33.79999923706055,31.899999618530273,33.099998474121094,32.54999923706055,352000,32.54999923706055
2001-09-21,31.649999618530273,29.850000381469727,30.0,29.940000534057617,547500,29.940000534057617
2001-09-24,32.29999923706055,30.5,30.5,32.060001373291016,451800,32.060001373291016
2001-09-25,35.70000076293945,32.15999984741211,32.15999984741211,35.27000045776367,546400,35.27000045776367
2001-09-26,36.7400016784668,35.119998931884766,35.470001220703125,35.119998931884766,651000,35.119998931884766
2001-09-27,36.20000076293945,34.2400016784668,34.52000045776367,35.79999923706055,298800,35.79999923706055
2001-09-28,37.099998474121094,35.29999923706055,35.79999923706055,36.75,330800,36.75
2001-10-01,36.70000076293945,35.900001525878906,36.650001525878906,36.33000183105469,221100,36.33000183105469
2001-10-02,38.400001525878906,36.43000030517578,36.43000030517578,37.810001373291016,219600,37.810001373291016
2001-10-03,39.83000183105469,37.29999923706055,37.72999954223633,39.5099983215332,327500,39.5099983215332
2001-10-04,41.150001525878906,39.52000045776367,39.52000045776367,39.59000015258789,281100,39.59000015258789
2001-10-05,39.7400016784668,37.86000061035156,39.599998474121094,38.59000015258789,313400,38.59000015258789
2001-10-08,38.59000015258789,37.189998626708984,38.59000015258789,38.04999923706055,378800,38.04999923706055
2001-10-09,38.650001525878906,37.279998779296875,38.04999923706055,38.16999816894531,160500,38.16999816894531
2001-10-10,41.04999923706055,38.099998474121094,38.209999084472656,41.04999923706055,305000,41.04999923706055
2001-10-11,42.5,41.0,41.04999923706055,41.4900016784668,318300,41.4900016784668
2001-10-12,42.099998474121094,41.04999923706055,41.45000076293945,41.59000015258789,206400,41.59000015258789
2001-10-15,42.099998474121094,40.38999938964844,41.59000015258789,40.38999938964844,153000,40.38999938964844
2001-10-16,44.29999923706055,41.880001068115234,44.20000076293945,42.08000183105469,979900,42.08000183105469
2001-10-17,43.70000076293945,42.13999938964844,42.13999938964844,42.86000061035156,441400,42.86000061035156
2001-10-18,43.349998474121094,42.369998931884766,42.86000061035156,43.06999969482422,466400,43.06999969482422
2001-10-19,44.040000915527344,43.06999969482422,43.06999969482422,44.040000915527344,350400,44.040000915527344
2001-10-22,45.88999938964844,44.70000076293945,45.20000076293945,45.849998474121094,417500,45.849998474121094
2001-10-23,46.25,45.0,45.95000076293945,45.2400016784668,265800,45.2400016784668
2001-10-24,45.25,44.68000030517578,45.20000076293945,44.7400016784668,217400,44.7400016784668
2001-10-25,45.04999923706055,44.040000915527344,44.7400016784668,44.93000030517578,399300,44.93000030517578
2001-10-26,45.959999084472656,44.540000915527344,44.849998474121094,45.0099983215332,552600,45.0099983215332
2001-10-29,45.599998474121094,44.70000076293945,45.209999084472656,45.560001373291016,286100,45.560001373291016
2001-10-30,45.36000061035156,43.81999969482422,45.36000061035156,43.939998626708984,253700,43.939998626708984
2001-10-31,43.939998626708984,42.13999938964844,43.939998626708984,43.20000076293945,540500,43.20000076293945
2001-11-01,44.66999816894531,42.650001525878906,43.209999084472656,44.09000015258789,183600,44.09000015258789
2001-11-02,45.38999938964844,44.099998474121094,44.099998474121094,44.9900016784668,194700,44.9900016784668
2001-11-05,47.63999938964844,45.029998779296875,45.029998779296875,47.40999984741211,491200,47.40999984741211
2001-11-06,47.849998474121094,46.849998474121094,47.400001525878906,47.63999938964844,379200,47.63999938964844
2001-11-07,47.84000015258789,47.31999969482422,47.540000915527344,47.790000915527344,367400,47.790000915527344
2001-11-08,48.5,47.75,47.79999923706055,47.75,304700,47.75
2001-11-09,48.5,47.099998474121094,47.599998474121094,47.459999084472656,177000,47.459999084472656
2001-11-12,49.88999938964844,47.790000915527344,48.150001525878906,49.0099983215332,380800,49.0099983215332
2001-11-13,51.20000076293945,49.75,49.849998474121094,51.150001525878906,640100,51.150001525878906
2001-11-14,52.75,51.599998474121094,51.900001525878906,51.900001525878906,544700,51.900001525878906
2001-11-15,51.79999923706055,51.060001373291016,51.54999923706055,51.25,354900,51.25
2001-11-16,51.58000183105469,50.52000045776367,51.400001525878906,51.02000045776367,180700,51.02000045776367
2001-11-19,51.9900016784668,50.599998474121094,51.02000045776367,51.380001068115234,168500,51.380001068115234
2001-11-20,48.75,44.52000045776367,48.25,47.279998779296875,2826500,47.279998779296875
2001-11-21,47.279998779296875,45.0099983215332,47.279998779296875,46.70000076293945,1159800,46.70000076293945
2001-11-23,47.75,46.95000076293945,46.95000076293945,47.650001525878906,290500,47.650001525878906
2001-11-26,48.18000030517578,45.75,47.79999923706055,46.220001220703125,377500,46.220001220703125
2001-11-27,45.900001525878906,44.0099983215332,45.54999923706055,44.77000045776367,594500,44.77000045776367
2001-11-28,44.7400016784668,43.79999923706055,44.70000076293945,44.040000915527344,501400,44.040000915527344
2001-11-29,46.4900016784668,43.84000015258789,44.20000076293945,46.45000076293945,787500,46.45000076293945
2001-11-30,46.70000076293945,45.5,46.45000076293945,45.86000061035156,383600,45.86000061035156
2001-12-03,45.779998779296875,44.95000076293945,45.779998779296875,45.0,291600,45.0
2001-12-04,45.720001220703125,45.04999923706055,45.400001525878906,45.36000061035156,241600,45.36000061035156
2001-12-05,48.0,45.47999954223633,45.65999984741211,47.79999923706055,502700,47.79999923706055
2001-12-06,50.27000045776367,46.779998779296875,47.599998474121094,49.880001068115234,538700,49.880001068115234
2001-12-07,50.75,49.099998474121094,49.54999923706055,50.27000045776367,500100,50.27000045776367
2001-12-10,54.0,52.25,53.25,53.400001525878906,1841200,53.400001525878906
2001-12-11,54.31999969482422,51.70000076293945,53.40999984741211,51.959999084472656,1066400,51.959999084472656
2001-12-12,52.86000061035156,51.29999923706055,51.959999084472656,52.619998931884766,556900,52.619998931884766
2001-12-13,52.630001068115234,51.84000015258789,52.630001068115234,51.84000015258789,340800,51.84000015258789
2001-12-14,52.34000015258789,50.86000061035156,52.040000915527344,51.47999954223633,252100,51.47999954223633
2001-12-17,53.040000915527344,51.54999923706055,51.54999923706055,52.52000045776367,391700,52.52000045776367
2001-12-18,54.0,52.5,53.150001525878906,52.90999984741211,517900,52.90999984741211
2001-12-19,53.4900016784668,52.65999984741211,52.90999984741211,52.93000030517578,210800,52.93000030517578
2001-12-20,53.47999954223633,52.380001068115234,53.0,53.0099983215332,369300,53.0099983215332
2001-12-21,53.400001525878906,52.540000915527344,53.099998474121094,53.16999816894531,689000,53.16999816894531
2001-12-24,54.79999923706055,53.470001220703125,53.470001220703125,54.0,251100,54.0
2001-12-26,55.29999923706055,54.099998474121094,54.20000076293945,54.70000076293945,259900,54.70000076293945
2001-12-27,55.54999923706055,54.58000183105469,54.70000076293945,54.9900016784668,508600,54.9900016784668
2001-12-28,55.36000061035156,54.5,55.25,55.0099983215332,594600,55.0099983215332
2001-12-31,55.4900016784668,54.689998626708984,55.04999923706055,54.880001068115234,437900,54.880001068115234
2002-01-02,55.38999938964844,54.0,55.38999938964844,54.689998626708984,410400,54.689998626708984
2002-01-03,55.900001525878906,54.689998626708984,54.689998626708984,55.27000045776367,369300,55.27000045776367
2002-01-04,56.20000076293945,55.5,55.869998931884766,56.0099983215332,365500,56.0099983215332
2002-01-07,56.5,55.599998474121094,56.43000030517578,55.599998474121094,207100,55.599998474121094
2002-01-08,55.61000061035156,54.91999816894531,55.61000061035156,55.41999816894531,453900,55.41999816894531
2002-01-09,56.349998474121094,55.400001525878906,55.77000045776367,55.900001525878906,304200,55.900001525878906
2002-01-10,56.09000015258789,54.93000030517578,56.06999969482422,55.11000061035156,327000,55.11000061035156
2002-01-11,55.150001525878906,53.439998626708984,55.150001525878906,54.2599983215332,452600,54.2599983215332
2002-01-14,54.189998626708984,53.02000045776367,54.189998626708984,53.02000045776367,310400,53.02000045776367
2002-01-15,53.349998474121094,52.7599983215332,52.779998779296875,53.06999969482422,340300,53.06999969482422
2002-01-16,53.349998474121094,52.70000076293945,53.06999969482422,52.77000045776367,142000,52.77000045776367
2002-01-17,52.79999923706055,50.5,52.79999923706055,52.0099983215332,776100,52.0099983215332
2002-01-18,52.04999923706055,51.36000061035156,51.810001373291016,51.90999984741211,271500,51.90999984741211
2002-01-22,53.4900016784668,52.0,52.0,53.0,344100,53.0
2002-01-23,54.45000076293945,53.0,53.0,54.04999923706055,340200,54.04999923706055
2002-01-24,54.45000076293945,53.540000915527344,54.04999923706055,54.189998626708984,158500,54.189998626708984
2002-01-25,54.25,53.29999923706055,54.189998626708984,54.25,466300,54.25
2002-01-28,55.220001220703125,54.5,54.70000076293945,55.060001373291016,582000,55.060001373291016
2002-01-29,55.400001525878906,53.7599983215332,55.099998474121094,54.560001373291016,321400,54.560001373291016
2002-01-30,54.849998474121094,53.959999084472656,54.36000061035156,54.790000915527344,249200,54.790000915527344
2002-01-31,55.0,54.0,54.869998931884766,54.959999084472656,352900,54.959999084472656
2002-02-01,55.36000061035156,54.619998931884766,55.36000061035156,54.709999084472656,217800,54.709999084472656
2002-02-04,55.209999084472656,54.209999084472656,54.709999084472656,54.45000076293945,277300,54.45000076293945
2002-02-05,54.599998474121094,53.959999084472656,54.400001525878906,54.38999938964844,355800,54.38999938964844
2002-02-06,55.40999984741211,53.79999923706055,54.349998474121094,55.06999969482422,769800,55.06999969482422
2002-02-07,55.060001373291016,54.5,55.060001373291016,54.709999084472656,507900,54.709999084472656
2002-02-08,57.75,56.15999984741211,56.45000076293945,56.599998474121094,1605100,56.599998474121094
2002-02-11,60.0,57.20000076293945,57.20000076293945,59.72999954223633,1062100,59.72999954223633
2002-02-12,60.18000030517578,59.04999923706055,59.97999954223633,60.060001373291016,830400,60.060001373291016
2002-02-13,60.59000015258789,59.59000015258789,60.400001525878906,59.75,405500,59.75
2002-02-14,59.5,59.0,59.099998474121094,59.36000061035156,329700,59.36000061035156
2002-02-15,59.400001525878906,58.86000061035156,59.400001525878906,58.9900016784668,278900,58.9900016784668
2002-02-19,60.119998931884766,58.97999954223633,59.150001525878906,59.18000030517578,438900,59.18000030517578
2002-02-20,60.11000061035156,59.06999969482422,59.5,60.0,515500,60.0
2002-02-21,62.75,60.630001068115234,60.79999923706055,61.70000076293945,889300,61.70000076293945
2002-02-22,62.0,60.779998779296875,61.45000076293945,61.47999954223633,422800,61.47999954223633
2002-02-25,62.20000076293945,61.400001525878906,61.400001525878906,61.7599983215332,652000,61.7599983215332
2002-02-26,64.25,62.40999984741211,62.45000076293945,63.13999938964844,651100,63.13999938964844
2002-02-27,63.439998626708984,61.900001525878906,63.18000030517578,62.25,367200,62.25
2002-02-28,63.29999923706055,62.2599983215332,62.349998474121094,62.93000030517578,564800,62.93000030517578
2002-03-01,63.0099983215332,62.58000183105469,62.95000076293945,62.900001525878906,295500,62.900001525878906
2002-03-04,65.80000305175781,62.900001525878906,62.900001525878906,65.62999725341797,815100,65.62999725341797
2002-03-05,65.41000366210938,64.04000091552734,65.4000015258789,64.05000305175781,466900,64.05000305175781
2002-03-06,65.5,63.709999084472656,63.849998474121094,65.37000274658203,482700,65.37000274658203
2002-03-07,66.9800033569336,65.75,66.5,66.61000061035156,649400,66.61000061035156
2002-03-08,67.33999633789062,65.55999755859375,66.66999816894531,65.5999984741211,395300,65.5999984741211
2002-03-11,67.87999725341797,65.0199966430664,65.58000183105469,67.08000183105469,415300,67.08000183105469
2002-03-12,68.0999984741211,66.9800033569336,67.72000122070312,67.06999969482422,557000,67.06999969482422
2002-03-13,67.19999694824219,65.4000015258789,67.19999694824219,65.47000122070312,452000,65.47000122070312
2002-03-14,65.9000015258789,64.26000213623047,65.66999816894531,64.69000244140625,420200,64.69000244140625
2002-03-15,65.5,60.5,64.5199966430664,64.87000274658203,1147100,64.87000274658203
2002-03-18,64.87000274658203,62.52000045776367,64.80000305175781,64.23999786376953,525200,64.23999786376953
2002-03-19,66.0999984741211,64.29000091552734,64.4000015258789,65.9000015258789,583500,65.9000015258789
2002-03-20,66.44999694824219,63.52000045776367,66.44999694824219,63.900001525878906,2032900,63.900001525878906
2002-03-21,64.43000030517578,60.70000076293945,64.4000015258789,61.29999923706055,1078700,61.29999923706055
2002-03-22,61.290000915527344,57.400001525878906,61.290000915527344,59.83000183105469,1922700,59.83000183105469
2002-03-25,61.150001525878906,59.70000076293945,60.04999923706055,60.369998931884766,899200,60.369998931884766
2002-03-26,61.540000915527344,59.86000061035156,60.29999923706055,61.540000915527344,872900,61.540000915527344
2002-03-27,62.099998474121094,59.29999923706055,61.5,60.349998474121094,891200,60.349998474121094
2002-03-28,60.709999084472656,59.900001525878906,60.400001525878906,60.09000015258789,838500,60.09000015258789
2002-04-01,60.25,58.54999923706055,59.900001525878906,60.2400016784668,821800,60.2400016784668
2002-04-02,60.25,58.83000183105469,60.25,58.83000183105469,448900,58.83000183105469
2002-04-03,60.04999923706055,58.66999816894531,59.029998779296875,59.599998474121094,460200,59.599998474121094
2002-04-04,60.380001068115234,59.59000015258789,59.70000076293945,60.29999923706055,433300,60.29999923706055
2002-04-05,61.900001525878906,60.400001525878906,60.400001525878906,61.79999923706055,520100,61.79999923706055
2002-04-08,63.0,60.75,61.599998474121094,63.0,304900,63.0
2002-04-09,63.400001525878906,62.189998626708984,63.04999923706055,62.20000076293945,633200,62.20000076293945
2002-04-10,61.7599983215332,57.25,61.75,58.900001525878906,2203700,58.900001525878906
2002-04-11,59.58000183105469,58.20000076293945,58.900001525878906,58.900001525878906,767000,58.900001525878906
2002-04-12,59.959999084472656,59.0,59.0,59.95000076293945,405900,59.95000076293945
2002-04-15,59.95000076293945,58.09000015258789,59.95000076293945,58.38999938964844,656500,58.38999938964844
2002-04-16,63.33000183105469,60.20000076293945,60.29999923706055,63.27000045776367,2148100,63.27000045776367
2002-04-17,64.9000015258789,63.33000183105469,64.05000305175781,63.81999969482422,906300,63.81999969482422
2002-04-18,63.95000076293945,62.72999954223633,63.79999923706055,63.7400016784668,425000,63.7400016784668
2002-04-19,64.75,63.65999984741211,63.70000076293945,64.5,606000,64.5
2002-04-22,66.25,64.31999969482422,64.33999633789062,66.18000030517578,1049100,66.18000030517578
2002-04-23,66.62000274658203,65.69999694824219,66.25,66.08999633789062,701200,66.08999633789062
2002-04-24,66.94999694824219,65.75,66.19999694824219,66.0,395100,66.0
2002-04-25,66.01000213623047,63.970001220703125,66.0,64.44999694824219,625900,64.44999694824219
2002-04-26,65.04000091552734,63.81999969482422,64.0199966430664,64.30000305175781,514600,64.30000305175781
2002-04-29,65.0199966430664,64.0,64.1500015258789,65.0,420200,65.0
2002-04-30,66.44999694824219,63.790000915527344,65.0,64.33000183105469,350900,64.33000183105469
2002-05-01,65.48999786376953,63.47999954223633,64.30000305175781,65.19999694824219,395000,65.19999694824219
2002-05-02,65.94999694824219,64.44999694824219,64.44999694824219,65.76000213623047,276300,65.76000213623047
2002-05-03,66.69000244140625,65.26000213623047,65.86000061035156,66.30000305175781,348300,66.30000305175781
2002-05-06,68.44999694824219,66.48999786376953,66.9000015258789,66.5,776000,66.5
2002-05-07,66.56999969482422,64.55000305175781,66.5,64.83999633789062,401500,64.83999633789062
2002-05-08,66.48999786376953,64.87000274658203,65.05000305175781,65.0199966430664,496300,65.0199966430664
2002-05-09,65.36000061035156,64.30000305175781,65.0,64.36000061035156,295100,64.36000061035156
2002-05-10,64.83000183105469,63.5,64.3499984741211,64.23999786376953,266900,64.23999786376953
2002-05-13,64.73999786376953,63.83000183105469,64.4800033569336,64.19000244140625,409400,64.19000244140625
2002-05-14,66.8499984741211,64.5999984741211,64.69999694824219,66.1500015258789,575300,66.1500015258789
2002-05-15,66.94999694824219,65.44999694824219,66.19999694824219,66.91000366210938,372800,66.91000366210938
2002-05-16,67.0999984741211,64.87999725341797,67.0999984741211,65.0199966430664,391400,65.0199966430664
2002-05-17,68.43000030517578,65.0199966430664,65.0199966430664,68.43000030517578,1131200,68.43000030517578
2002-05-20,70.5999984741211,68.9000015258789,69.0,69.80000305175781,1336100,69.80000305175781
2002-05-21,69.80000305175781,68.25,69.80000305175781,69.0,749100,69.0
2002-05-22,69.75,68.5999984741211,68.5999984741211,69.6500015258789,547200,69.6500015258789
2002-05-23,69.68000030517578,68.56999969482422,69.6500015258789,68.94000244140625,633500,68.94000244140625
2002-05-24,68.94000244140625,67.61000061035156,68.94000244140625,68.30000305175781,606100,68.30000305175781
2002-05-28,68.37000274658203,66.30000305175781,68.30999755859375,67.0,567000,67.0
2002-05-29,66.5,64.63999938964844,66.5,65.8499984741211,574000,65.8499984741211
2002-05-30,66.91999816894531,65.51000213623047,65.87000274658203,66.05000305175781,396400,66.05000305175781
2002-05-31,66.75,65.51000213623047,65.9000015258789,65.5199966430664,370600,65.5199966430664
2002-06-03,65.52999877929688,64.08000183105469,65.52999877929688,64.12000274658203,451400,64.12000274658203
2002-06-04,63.93000030517578,61.099998474121094,63.52000045776367,62.720001220703125,954300,62.720001220703125
2002-06-05,63.59000015258789,62.25,62.720001220703125,63.400001525878906,639100,63.400001525878906
2002-06-06,63.75,62.75,63.349998474121094,62.790000915527344,420400,62.790000915527344
2002-06-07,63.599998474121094,61.84000015258789,62.65999984741211,62.95000076293945,267400,62.95000076293945
2002-06-10,64.44000244140625,62.83000183105469,62.959999084472656,64.25,288100,64.25
2002-06-11,65.8499984741211,64.0199966430664,65.0,64.37999725341797,406500,64.37999725341797
2002-06-12,65.2699966430664,64.0,64.44999694824219,64.44000244140625,430300,64.44000244140625
2002-06-13,65.0999984741211,63.560001373291016,65.0999984741211,63.75,400900,63.75
2002-06-14,64.5,62.099998474121094,63.099998474121094,64.44999694824219,568600,64.44999694824219
2002-06-17,65.72000122070312,64.4000015258789,64.44999694824219,65.58000183105469,407300,65.58000183105469
2002-06-18,66.44000244140625,65.55000305175781,65.69999694824219,66.0199966430664,434500,66.0199966430664
2002-06-19,67.8499984741211,66.0999984741211,66.1500015258789,66.16000366210938,312800,66.16000366210938
2002-06-20,67.3499984741211,66.6500015258789,67.05000305175781,67.05000305175781,516400,67.05000305175781
2002-06-21,68.19999694824219,65.0,67.05000305175781,65.31999969482422,765400,65.31999969482422
2002-06-24,66.25,62.5,65.8499984741211,63.849998474121094,663200,63.849998474121094
2002-06-25,64.5,62.630001068115234,64.05000305175781,62.810001373291016,469500,62.810001373291016
2002-06-26,62.599998474121094,60.209999084472656,62.599998474121094,60.9900016784668,718900,60.9900016784668
2002-06-27,62.90999984741211,61.150001525878906,61.5,62.90999984741211,598500,62.90999984741211
2002-06-28,63.5,61.529998779296875,62.90999984741211,61.529998779296875,718800,61.529998779296875
2002-07-01,62.2400016784668,60.40999984741211,61.650001525878906,60.52000045776367,449000,60.52000045776367
2002-07-02,59.900001525878906,56.86000061035156,59.54999923706055,59.13999938964844,808000,59.13999938964844
2002-07-03,57.75,53.79999923706055,55.91999816894531,56.47999954223633,925300,56.47999954223633
2002-07-05,59.599998474121094,57.29999923706055,57.29999923706055,59.52000045776367,308700,59.52000045776367
2002-07-08,60.66999816894531,59.29999923706055,59.29999923706055,60.0099983215332,382400,60.0099983215332
2002-07-09,60.849998474121094,59.41999816894531,60.400001525878906,59.56999969482422,324500,59.56999969482422
2002-07-10,59.41999816894531,56.7400016784668,59.41999816894531,56.880001068115234,585800,56.880001068115234
2002-07-11,57.060001373291016,55.29999923706055,55.900001525878906,56.369998931884766,729000,56.369998931884766
2002-07-12,57.5,54.75,56.119998931884766,56.54999923706055,832400,56.54999923706055
2002-07-15,56.45000076293945,52.0099983215332,56.400001525878906,55.20000076293945,796300,55.20000076293945
2002-07-16,47.5,42.79999923706055,43.5,47.5,16419600,47.5
2002-07-17,49.849998474121094,46.599998474121094,47.70000076293945,47.77000045776367,2825500,47.77000045776367
2002-07-18,49.369998931884766,47.560001373291016,47.77000045776367,49.09000015258789,1505400,49.09000015258789
2002-07-19,48.459999084472656,44.849998474121094,48.45000076293945,45.900001525878906,1580000,45.900001525878906
2002-07-22,46.650001525878906,44.79999923706055,45.29999923706055,44.97999954223633,1082000,44.97999954223633
2002-07-23,46.0,43.5,44.900001525878906,43.5,727400,43.5
2002-07-24,45.709999084472656,40.25,42.0099983215332,45.70000076293945,730100,45.70000076293945
2002-07-25,46.31999969482422,43.599998474121094,45.709999084472656,44.68000030517578,784700,44.68000030517578
2002-07-26,44.95000076293945,43.959999084472656,44.68000030517578,44.61000061035156,684000,44.61000061035156
2002-07-29,47.04999923706055,45.75,45.900001525878906,46.810001373291016,543300,46.810001373291016
2002-07-30,48.650001525878906,46.459999084472656,47.0,48.290000915527344,716200,48.290000915527344
2002-07-31,48.970001220703125,47.0,48.349998474121094,47.5,503800,47.5
2002-08-01,47.5,45.31999969482422,47.5,45.959999084472656,635200,45.959999084472656
2002-08-02,45.970001220703125,42.869998931884766,45.959999084472656,43.68000030517578,540700,43.68000030517578
2002-08-05,43.619998931884766,41.900001525878906,43.619998931884766,42.86000061035156,437900,42.86000061035156
2002-08-06,45.04999923706055,43.0,43.0,44.060001373291016,771400,44.060001373291016
2002-08-07,45.04999923706055,42.79999923706055,45.0,44.08000183105469,454900,44.08000183105469
2002-08-08,45.540000915527344,43.599998474121094,44.0,45.43000030517578,365400,45.43000030517578
2002-08-09,45.279998779296875,44.720001220703125,45.25,45.0099983215332,278900,45.0099983215332
2002-08-12,45.5,44.060001373291016,45.0099983215332,44.560001373291016,639900,44.560001373291016
2002-08-13,45.54999923706055,44.5,45.20000076293945,44.560001373291016,427700,44.560001373291016
2002-08-14,45.25,43.75,44.630001068115234,45.25,453500,45.25
2002-08-15,48.43000030517578,45.27000045776367,45.27000045776367,47.13999938964844,569800,47.13999938964844
2002-08-16,48.650001525878906,46.099998474121094,47.150001525878906,48.5,588000,48.5
2002-08-19,49.79999923706055,48.599998474121094,48.91999816894531,49.560001373291016,559000,49.560001373291016
2002-08-20,49.59000015258789,48.189998626708984,49.560001373291016,48.959999084472656,265900,48.959999084472656
2002-08-21,50.029998779296875,48.81999969482422,49.5,49.720001220703125,278000,49.720001220703125
2002-08-22,50.5,49.20000076293945,49.720001220703125,50.459999084472656,232900,50.459999084472656
2002-08-23,50.459999084472656,49.5,50.459999084472656,49.5,256700,49.5
2002-08-26,49.5099983215332,47.93000030517578,49.5,49.04999923706055,554600,49.04999923706055
2002-08-27,49.43000030517578,48.310001373291016,49.099998474121094,49.0,473100,49.0
2002-08-28,49.58000183105469,48.380001068115234,49.0,49.2599983215332,526200,49.2599983215332
2002-08-29,49.61000061035156,48.439998626708984,49.27000045776367,49.61000061035156,645500,49.61000061035156
2002-08-30,50.130001068115234,49.380001068115234,49.52000045776367,49.5,323600,49.5
2002-09-03,49.5,47.5099983215332,49.0,48.529998779296875,500300,48.529998779296875
2002-09-04,49.70000076293945,48.150001525878906,48.52000045776367,49.5,503800,49.5
2002-09-05,50.45000076293945,48.560001373291016,49.5099983215332,48.84000015258789,367300,48.84000015258789
2002-09-06,51.150001525878906,49.47999954223633,49.5,51.150001525878906,345300,51.150001525878906
2002-09-09,52.099998474121094,50.27000045776367,50.900001525878906,51.81999969482422,434100,51.81999969482422
2002-09-10,53.939998626708984,52.5,52.5,53.22999954223633,766400,53.22999954223633
2002-09-11,54.40999984741211,53.29999923706055,53.29999923706055,53.97999954223633,362200,53.97999954223633
2002-09-12,53.959999084472656,50.900001525878906,53.95000076293945,51.27000045776367,1124100,51.27000045776367
2002-09-13,51.29999923706055,50.150001525878906,51.02000045776367,51.0,743500,51.0
2002-09-16,51.93000030517578,50.45000076293945,51.0,51.81999969482422,353800,51.81999969482422
2002-09-17,52.70000076293945,50.0099983215332,52.04999923706055,50.189998626708984,377000,50.189998626708984
2002-09-18,50.5,48.86000061035156,50.20000076293945,49.5,736800,49.5
2002-09-19,49.650001525878906,48.630001068115234,49.150001525878906,49.0,765700,49.0
2002-09-20,49.93000030517578,49.33000183105469,49.75,49.75,424700,49.75
2002-09-23,50.599998474121094,47.34000015258789,49.75,47.7400016784668,679000,47.7400016784668
2002-09-24,47.20000076293945,45.400001525878906,45.900001525878906,46.25,664200,46.25
2002-09-25,48.150001525878906,46.470001220703125,46.72999954223633,47.939998626708984,413700,47.939998626708984
2002-09-26,48.40999984741211,47.900001525878906,48.0099983215332,48.150001525878906,481800,48.150001525878906
2002-09-27,51.70000076293945,49.400001525878906,49.95000076293945,50.04999923706055,1183800,50.04999923706055
2002-09-30,50.150001525878906,48.75,49.900001525878906,49.650001525878906,722000,49.650001525878906
2002-10-01,49.970001220703125,48.25,49.650001525878906,49.93000030517578,616700,49.93000030517578
2002-10-02,49.9900016784668,49.04999923706055,49.959999084472656,49.150001525878906,431900,49.150001525878906
2002-10-03,49.75,48.04999923706055,49.29999923706055,48.060001373291016,579900,48.060001373291016
2002-10-04,48.459999084472656,45.849998474121094,48.25,46.47999954223633,812400,46.47999954223633
2002-10-07,46.560001373291016,44.150001525878906,46.0,44.61000061035156,561900,44.61000061035156
2002-10-08,46.650001525878906,44.72999954223633,45.5,46.150001525878906,442900,46.150001525878906
2002-10-09,46.15999984741211,43.75,46.15999984741211,44.630001068115234,821400,44.630001068115234
2002-10-10,46.5,43.900001525878906,44.54999923706055,46.25,787800,46.25
2002-10-11,49.2400016784668,46.650001525878906,46.79999923706055,48.58000183105469,735900,48.58000183105469
2002-10-14,48.79999923706055,48.0099983215332,48.33000183105469,48.119998931884766,311700,48.119998931884766
2002-10-15,51.72999954223633,49.29999923706055,49.900001525878906,51.72999954223633,638700,51.72999954223633
2002-10-16,52.29999923706055,50.619998931884766,50.900001525878906,51.779998779296875,577100,51.779998779296875
2002-10-17,53.849998474121094,52.900001525878906,53.0,53.529998779296875,520600,53.529998779296875
2002-10-18,55.70000076293945,53.20000076293945,53.540000915527344,54.56999969482422,474800,54.56999969482422
2002-10-21,55.849998474121094,53.630001068115234,54.369998931884766,55.70000076293945,308400,55.70000076293945
2002-10-22,55.709999084472656,53.25,55.709999084472656,53.709999084472656,370700,53.709999084472656
2002-10-23,53.720001220703125,51.61000061035156,53.720001220703125,52.470001220703125,633900,52.470001220703125
2002-10-24,54.349998474121094,52.25,53.0,52.36000061035156,340700,52.36000061035156
2002-10-25,53.0,51.7400016784668,51.95000076293945,53.0,339300,53.0
2002-10-28,55.0,52.34000015258789,53.5,52.5099983215332,510400,52.5099983215332
2002-10-29,52.970001220703125,51.599998474121094,52.5099983215332,52.54999923706055,167600,52.54999923706055
2002-10-30,53.54999923706055,52.25,52.54999923706055,53.20000076293945,292100,53.20000076293945
2002-10-31,53.95000076293945,53.20000076293945,53.20000076293945,53.54999923706055,174700,53.54999923706055
2002-11-01,53.29999923706055,52.29999923706055,53.29999923706055,53.0,399100,53.0
2002-11-04,54.40999984741211,52.900001525878906,53.5,53.90999984741211,358700,53.90999984741211
2002-11-05,54.20000076293945,53.400001525878906,53.95000076293945,54.189998626708984,218100,54.189998626708984
2002-11-06,54.400001525878906,52.939998626708984,54.25,54.310001373291016,335600,54.310001373291016
2002-11-07,53.79999923706055,52.400001525878906,53.40999984741211,53.68000030517578,406200,53.68000030517578
2002-11-08,54.2400016784668,52.70000076293945,53.68000030517578,52.849998474121094,344400,52.849998474121094
2002-11-11,53.29999923706055,52.150001525878906,52.849998474121094,52.38999938964844,249900,52.38999938964844
2002-11-12,54.04999923706055,52.400001525878906,52.400001525878906,53.849998474121094,360400,53.849998474121094
2002-11-13,54.45000076293945,52.86000061035156,53.70000076293945,54.18000030517578,334800,54.18000030517578
2002-11-14,56.060001373291016,54.5099983215332,54.54999923706055,56.0099983215332,342200,56.0099983215332
2002-11-15,58.650001525878906,56.099998474121094,56.29999923706055,58.5,750600,58.5
2002-11-18,59.939998626708984,58.16999816894531,58.599998474121094,58.25,747400,58.25
2002-11-19,58.220001220703125,56.599998474121094,58.209999084472656,56.79999923706055,547800,56.79999923706055
2002-11-20,58.29999923706055,56.2400016784668,56.540000915527344,57.9900016784668,517600,57.9900016784668
2002-11-21,59.0099983215332,57.77000045776367,58.400001525878906,58.9900016784668,560500,58.9900016784668
2002-11-22,58.93000030517578,58.0,58.849998474121094,58.36000061035156,376700,58.36000061035156
2002-11-25,60.45000076293945,58.400001525878906,58.45000076293945,60.45000076293945,307200,60.45000076293945
2002-11-26,60.209999084472656,59.08000183105469,60.20000076293945,59.290000915527344,367800,59.290000915527344
2002-11-27,61.54999923706055,59.68000030517578,59.70000076293945,61.5,386600,61.5
2002-11-29,61.9900016784668,61.45000076293945,61.70000076293945,61.61000061035156,122700,61.61000061035156
2002-12-02,63.400001525878906,61.91999816894531,61.97999954223633,62.83000183105469,744600,62.83000183105469
2002-12-03,62.099998474121094,60.18000030517578,62.099998474121094,60.2599983215332,546300,60.2599983215332
2002-12-04,60.27000045776367,59.400001525878906,60.27000045776367,59.619998931884766,653600,59.619998931884766
2002-12-05,61.40999984741211,59.099998474121094,59.79999923706055,60.900001525878906,472400,60.900001525878906
2002-12-06,60.90999984741211,59.0099983215332,60.90999984741211,59.2400016784668,566100,59.2400016784668
2002-12-09,59.0,57.16999816894531,58.5,57.400001525878906,871300,57.400001525878906
2002-12-10,57.5,55.77000045776367,57.400001525878906,57.040000915527344,1097700,57.040000915527344
2002-12-11,58.02000045776367,56.81999969482422,57.040000915527344,58.0,528300,58.0
2002-12-12,60.2400016784668,58.0,58.0,59.63999938964844,664400,59.63999938964844
2002-12-13,59.54999923706055,58.150001525878906,59.5,58.20000076293945,202200,58.20000076293945
2002-12-16,61.33000183105469,58.209999084472656,58.209999084472656,61.209999084472656,490300,61.209999084472656
2002-12-17,62.040000915527344,60.79999923706055,61.099998474121094,61.41999816894531,518700,61.41999816894531
2002-12-18,61.220001220703125,59.900001525878906,61.220001220703125,60.13999938964844,345200,60.13999938964844
2002-12-19,60.97999954223633,59.290000915527344,60.099998474121094,59.43000030517578,414200,59.43000030517578
2002-12-20,60.40999984741211,59.70000076293945,59.70000076293945,60.279998779296875,301300,60.279998779296875
2002-12-23,60.25,58.5,60.18000030517578,58.70000076293945,346100,58.70000076293945
2002-12-24,58.630001068115234,58.0,58.52000045776367,58.150001525878906,202600,58.150001525878906
2002-12-26,59.400001525878906,58.13999938964844,58.13999938964844,58.65999984741211,176200,58.65999984741211
2002-12-27,58.880001068115234,56.81999969482422,58.70000076293945,57.25,344200,57.25
2002-12-30,57.470001220703125,55.599998474121094,57.099998474121094,57.0,538200,57.0
2002-12-31,57.290000915527344,56.650001525878906,57.04999923706055,56.95000076293945,363800,56.95000076293945
2003-01-02,59.380001068115234,56.849998474121094,56.849998474121094,59.20000076293945,337100,59.20000076293945
2003-01-03,59.209999084472656,56.959999084472656,59.209999084472656,57.310001373291016,406300,57.310001373291016
2003-01-06,58.43000030517578,56.849998474121094,57.099998474121094,58.040000915527344,273100,58.040000915527344
2003-01-07,57.900001525878906,56.650001525878906,57.900001525878906,57.529998779296875,459000,57.529998779296875
2003-01-08,57.689998626708984,56.54999923706055,57.529998779296875,56.90999984741211,446100,56.90999984741211
2003-01-09,58.09000015258789,57.13999938964844,57.13999938964844,57.86000061035156,324700,57.86000061035156
2003-01-10,57.900001525878906,57.0,57.869998931884766,57.33000183105469,703300,57.33000183105469
2003-01-13,58.5,57.38999938964844,58.5,57.400001525878906,631200,57.400001525878906
2003-01-14,57.5099983215332,56.83000183105469,57.400001525878906,57.029998779296875,262600,57.029998779296875
2003-01-15,57.099998474121094,55.83000183105469,56.97999954223633,56.400001525878906,387100,56.400001525878906
2003-01-16,56.88999938964844,56.060001373291016,56.29999923706055,56.22999954223633,560900,56.22999954223633
2003-01-17,56.04999923706055,54.060001373291016,56.04999923706055,54.29999923706055,586800,54.29999923706055
2003-01-21,54.900001525878906,52.65999984741211,54.47999954223633,53.0,727400,53.0
2003-01-22,53.5,52.5099983215332,52.91999816894531,53.0,558500,53.0
2003-01-23,53.900001525878906,52.779998779296875,53.0,53.900001525878906,291000,53.900001525878906
2003-01-24,53.79999923706055,53.0,53.79999923706055,53.349998474121094,296400,53.349998474121094
2003-01-27,53.25,50.810001373291016,53.150001525878906,51.310001373291016,481400,51.310001373291016
2003-01-28,51.619998931884766,50.849998474121094,51.150001525878906,51.40999984741211,465300,51.40999984741211
2003-01-29,53.060001373291016,50.91999816894531,51.45000076293945,52.650001525878906,305000,52.650001525878906
2003-01-30,53.25,52.5,52.66999816894531,52.630001068115234,457500,52.630001068115234
2003-01-31,53.18000030517578,52.349998474121094,52.599998474121094,52.68000030517578,349500,52.68000030517578
2003-02-03,53.93000030517578,52.529998779296875,52.75,53.56999969482422,311100,53.56999969482422
2003-02-04,53.5099983215332,52.15999984741211,53.5,52.34000015258789,326400,52.34000015258789
2003-02-05,53.220001220703125,51.880001068115234,52.59000015258789,51.880001068115234,316800,51.880001068115234
2003-02-06,52.2400016784668,50.599998474121094,51.900001525878906,50.70000076293945,348000,50.70000076293945
2003-02-07,51.25,48.790000915527344,49.54999923706055,49.40999984741211,1683300,49.40999984741211
2003-02-10,50.93000030517578,49.40999984741211,49.40999984741211,50.93000030517578,657400,50.93000030517578
2003-02-11,51.099998474121094,49.099998474121094,50.900001525878906,49.5,469500,49.5
2003-02-12,50.0,48.02000045776367,49.7400016784668,48.189998626708984,572800,48.189998626708984
2003-02-13,48.06999969482422,46.63999938964844,48.04999923706055,47.54999923706055,685200,47.54999923706055
2003-02-14,50.29999923706055,47.54999923706055,47.54999923706055,50.08000183105469,991600,50.08000183105469
2003-02-18,51.65999984741211,50.54999923706055,50.650001525878906,51.16999816894531,649200,51.16999816894531
2003-02-19,51.25,49.79999923706055,51.25,49.88999938964844,620200,49.88999938964844
2003-02-20,49.900001525878906,48.61000061035156,49.900001525878906,49.27000045776367,564800,49.27000045776367
2003-02-21,49.0,48.04999923706055,48.849998474121094,48.83000183105469,842100,48.83000183105469
2003-02-24,48.9900016784668,48.11000061035156,48.95000076293945,48.5,776900,48.5
2003-02-25,49.619998931884766,47.970001220703125,48.25,49.529998779296875,563100,49.529998779296875
2003-02-26,49.91999816894531,48.65999984741211,49.849998474121094,48.65999984741211,316600,48.65999984741211
2003-02-27,49.689998626708984,48.779998779296875,48.849998474121094,49.31999969482422,399000,49.31999969482422
2003-02-28,50.04999923706055,49.150001525878906,49.75,49.380001068115234,265000,49.380001068115234
2003-03-03,49.380001068115234,48.29999923706055,49.380001068115234,48.560001373291016,587800,48.560001373291016
2003-03-04,48.09000015258789,47.380001068115234,48.0,47.380001068115234,721300,47.380001068115234
2003-03-05,47.599998474121094,46.400001525878906,47.380001068115234,46.66999816894531,633900,46.66999816894531
2003-03-06,46.66999816894531,45.349998474121094,46.66999816894531,45.689998626708984,821000,45.689998626708984
2003-03-07,46.79999923706055,45.20000076293945,45.650001525878906,46.27000045776367,458500,46.27000045776367
2003-03-10,46.0,44.540000915527344,46.0,44.849998474121094,560200,44.849998474121094
2003-03-11,45.349998474121094,44.5,44.75,44.93000030517578,665600,44.93000030517578
2003-03-12,44.70000076293945,43.439998626708984,44.70000076293945,44.2599983215332,1718000,44.2599983215332
2003-03-13,47.0,44.959999084472656,45.20000076293945,47.0,737800,47.0
2003-03-14,47.5,46.70000076293945,47.20000076293945,47.130001068115234,404500,47.130001068115234
2003-03-17,46.540000915527344,41.0,42.959999084472656,45.040000915527344,5170400,45.040000915527344
2003-03-18,46.459999084472656,45.5,45.5,46.0099983215332,846500,46.0099983215332
2003-03-19,46.22999954223633,45.45000076293945,45.849998474121094,46.08000183105469,355500,46.08000183105469
2003-03-20,47.880001068115234,45.83000183105469,45.95000076293945,47.849998474121094,547700,47.849998474121094
2003-03-21,50.11000061035156,48.5,48.5,50.099998474121094,815100,50.099998474121094
2003-03-24,49.54999923706055,47.54999923706055,49.5,47.81999969482422,820200,47.81999969482422
2003-03-25,49.459999084472656,47.79999923706055,47.79999923706055,48.90999984741211,476600,48.90999984741211
2003-03-26,48.849998474121094,47.849998474121094,48.849998474121094,48.2400016784668,250700,48.2400016784668
2003-03-27,48.900001525878906,47.65999984741211,48.04999923706055,48.560001373291016,323700,48.560001373291016
2003-03-28,49.09000015258789,48.04999923706055,48.470001220703125,48.939998626708984,430200,48.939998626708984
2003-03-31,48.77000045776367,47.650001525878906,48.54999923706055,47.939998626708984,350700,47.939998626708984
2003-04-01,49.650001525878906,47.95000076293945,48.04999923706055,49.59000015258789,693500,49.59000015258789
2003-04-02,52.0099983215332,50.11000061035156,50.11000061035156,51.61000061035156,558700,51.61000061035156
2003-04-03,51.529998779296875,50.79999923706055,51.47999954223633,50.810001373291016,352100,50.810001373291016
2003-04-04,51.20000076293945,50.09000015258789,50.81999969482422,50.189998626708984,246900,50.189998626708984
2003-04-07,52.70000076293945,51.08000183105469,51.099998474121094,51.689998626708984,646900,51.689998626708984
2003-04-08,51.689998626708984,51.04999923706055,51.689998626708984,51.40999984741211,254200,51.40999984741211
2003-04-09,51.849998474121094,50.70000076293945,51.54999923706055,50.709999084472656,328400,50.709999084472656
2003-04-10,51.79999923706055,50.25,50.709999084472656,51.31999969482422,265600,51.31999969482422
2003-04-11,52.099998474121094,51.20000076293945,51.880001068115234,51.720001220703125,252500,51.720001220703125
2003-04-14,53.349998474121094,51.650001525878906,51.72999954223633,53.15999984741211,294800,53.15999984741211
2003-04-15,53.349998474121094,52.599998474121094,53.099998474121094,53.27000045776367,325300,53.27000045776367
2003-04-16,53.810001373291016,52.45000076293945,53.27000045776367,52.56999969482422,216000,52.56999969482422
2003-04-17,54.75,53.25,53.400001525878906,54.720001220703125,680500,54.720001220703125
2003-04-21,55.15999984741211,54.560001373291016,54.720001220703125,54.70000076293945,408700,54.70000076293945
2003-04-22,56.400001525878906,54.20000076293945,54.709999084472656,56.02000045776367,614000,56.02000045776367
2003-04-23,56.060001373291016,54.52000045776367,56.0,54.52000045776367,704500,54.52000045776367
2003-04-24,54.529998779296875,53.150001525878906,54.529998779296875,54.0099983215332,690000,54.0099983215332
2003-04-25,54.290000915527344,53.099998474121094,54.02000045776367,53.34000015258789,348000,53.34000015258789
2003-04-28,55.41999816894531,53.47999954223633,53.5,55.25,287000,55.25
2003-04-29,56.04999923706055,54.93000030517578,55.0,55.83000183105469,224500,55.83000183105469
2003-04-30,55.900001525878906,55.29999923706055,55.59000015258789,55.470001220703125,340700,55.470001220703125
2003-05-01,55.34000015258789,53.849998474121094,55.29999923706055,54.470001220703125,292100,54.470001220703125
2003-05-02,55.939998626708984,54.5,54.56999969482422,55.65999984741211,286300,55.65999984741211
2003-05-05,56.20000076293945,55.65999984741211,55.70000076293945,55.83000183105469,278900,55.83000183105469
2003-05-06,56.93000030517578,55.83000183105469,55.84000015258789,56.5,291200,56.5
2003-05-07,56.900001525878906,56.04999923706055,56.25,56.75,270800,56.75
2003-05-08,56.95000076293945,56.22999954223633,56.400001525878906,56.5,269300,56.5
2003-05-09,56.779998779296875,56.34000015258789,56.650001525878906,56.54999923706055,257500,56.54999923706055
2003-05-12,57.900001525878906,56.02000045776367,56.25,57.630001068115234,353600,57.630001068115234
2003-05-13,58.45000076293945,56.900001525878906,57.54999923706055,58.04999923706055,366200,58.04999923706055
2003-05-14,58.84000015258789,57.779998779296875,58.25,57.95000076293945,655300,57.95000076293945
2003-05-15,58.349998474121094,57.29999923706055,58.0,57.880001068115234,723100,57.880001068115234
2003-05-16,57.75,56.75,57.75,57.06999969482422,355700,57.06999969482422
2003-05-19,56.900001525878906,55.630001068115234,56.900001525878906,55.630001068115234,395600,55.630001068115234
2003-05-20,55.630001068115234,53.5,55.630001068115234,53.79999923706055,1038400,53.79999923706055
2003-05-21,54.0,53.13999938964844,53.900001525878906,53.400001525878906,763500,53.400001525878906
2003-05-22,54.11000061035156,53.150001525878906,53.45000076293945,54.0,384800,54.0
2003-05-23,54.099998474121094,53.650001525878906,54.0099983215332,53.86000061035156,355200,53.86000061035156
2003-05-27,55.099998474121094,53.79999923706055,53.900001525878906,55.0,423500,55.0
2003-05-28,56.97999954223633,54.900001525878906,55.0,56.4900016784668,719300,56.4900016784668
2003-05-29,58.0099983215332,56.029998779296875,57.099998474121094,56.209999084472656,437800,56.209999084472656
2003-05-30,57.88999938964844,56.25,56.25,57.709999084472656,373900,57.709999084472656
2003-06-02,60.900001525878906,57.900001525878906,57.900001525878906,59.099998474121094,1072500,59.099998474121094
2003-06-03,59.290000915527344,57.79999923706055,59.0,59.04999923706055,442800,59.04999923706055
2003-06-04,61.33000183105469,59.20000076293945,59.20000076293945,60.7400016784668,677300,60.7400016784668
2003-06-05,62.599998474121094,59.90999984741211,60.599998474121094,62.54999923706055,735200,62.54999923706055
2003-06-06,63.040000915527344,60.75,62.849998474121094,60.86000061035156,557400,60.86000061035156
2003-06-09,60.650001525878906,57.900001525878906,60.650001525878906,58.439998626708984,800700,58.439998626708984
2003-06-10,59.400001525878906,58.20000076293945,58.599998474121094,58.52000045776367,543000,58.52000045776367
2003-06-11,60.439998626708984,58.040000915527344,58.5099983215332,59.959999084472656,929600,59.959999084472656
2003-06-12,61.04999923706055,59.43000030517578,60.45000076293945,60.7599983215332,416600,60.7599983215332
2003-06-13,60.970001220703125,59.4900016784668,60.900001525878906,59.849998474121094,327900,59.849998474121094
2003-06-16,61.29999923706055,59.95000076293945,60.150001525878906,61.060001373291016,454900,61.060001373291016
2003-06-17,61.880001068115234,60.68000030517578,61.5,60.720001220703125,621200,60.720001220703125
2003-06-18,60.0,57.0,60.0,57.400001525878906,1599900,57.400001525878906
2003-06-19,58.970001220703125,57.29999923706055,57.29999923706055,58.18000030517578,978900,58.18000030517578
2003-06-20,58.45000076293945,55.189998626708984,58.45000076293945,55.52000045776367,1242600,55.52000045776367
2003-06-23,56.380001068115234,54.880001068115234,55.529998779296875,55.5,626400,55.5
2003-06-24,58.0099983215332,55.70000076293945,55.70000076293945,57.689998626708984,870500,57.689998626708984
2003-06-25,58.20000076293945,56.7599983215332,57.70000076293945,56.849998474121094,441400,56.849998474121094
2003-06-26,57.88999938964844,56.599998474121094,56.650001525878906,57.599998474121094,585900,57.599998474121094
2003-06-27,57.54999923706055,56.560001373291016,57.5,56.560001373291016,345600,56.560001373291016
2003-06-30,56.95000076293945,55.529998779296875,56.630001068115234,55.529998779296875,500400,55.529998779296875
2003-07-01,57.29999923706055,55.25,55.529998779296875,57.04999923706055,514300,57.04999923706055
2003-07-02,57.459999084472656,56.540000915527344,57.04999923706055,57.2599983215332,291300,57.2599983215332
2003-07-03,58.099998474121094,57.150001525878906,57.75,57.150001525878906,240500,57.150001525878906
2003-07-07,58.599998474121094,57.31999969482422,57.630001068115234,58.290000915527344,207100,58.290000915527344
2003-07-08,58.349998474121094,57.70000076293945,57.79999923706055,58.0,465800,58.0
2003-07-09,58.0,56.529998779296875,58.0,56.66999816894531,458200,56.66999816894531
2003-07-10,56.349998474121094,55.689998626708984,56.349998474121094,55.88999938964844,341200,55.88999938964844
2003-07-11,56.25,55.70000076293945,55.939998626708984,56.13999938964844,382400,56.13999938964844
2003-07-14,57.650001525878906,56.97999954223633,57.0,57.099998474121094,564500,57.099998474121094
2003-07-15,58.439998626708984,57.099998474121094,57.54999923706055,57.900001525878906,613400,57.900001525878906
2003-07-16,58.16999816894531,57.599998474121094,57.900001525878906,57.75,411200,57.75
2003-07-17,65.02999877929688,59.0,59.0,64.0999984741211,2579300,64.0999984741211
2003-07-18,66.5199966430664,64.9000015258789,65.0,66.38999938964844,1212300,66.38999938964844
2003-07-21,66.4000015258789,65.69999694824219,66.36000061035156,66.20999908447266,606400,66.20999908447266
2003-07-22,66.98999786376953,65.8499984741211,66.26000213623047,66.6500015258789,507100,66.6500015258789
2003-07-23,67.6500015258789,66.1500015258789,66.7300033569336,67.62000274658203,514100,67.62000274658203
2003-07-24,68.98999786376953,67.70999908447266,67.76000213623047,67.80000305175781,964100,67.80000305175781
2003-07-25,68.1500015258789,66.0999984741211,67.80000305175781,66.63999938964844,1072600,66.63999938964844
2003-07-28,67.79000091552734,66.5199966430664,66.63999938964844,67.45999908447266,450300,67.45999908447266
2003-07-29,67.55000305175781,66.26000213623047,67.36000061035156,66.47000122070312,472100,66.47000122070312
2003-07-30,66.69999694824219,65.25,66.5999984741211,66.2699966430664,479000,66.2699966430664
2003-07-31,67.58000183105469,66.43000030517578,66.5,67.41000366210938,471300,67.41000366210938
2003-08-01,67.43000030517578,66.05000305175781,67.43000030517578,66.8499984741211,583400,66.8499984741211
2003-08-04,67.30000305175781,65.9000015258789,66.7699966430664,66.83000183105469,358700,66.83000183105469
2003-08-05,67.06999969482422,65.11000061035156,67.0,65.16999816894531,519000,65.16999816894531
2003-08-06,66.5,65.1500015258789,65.19999694824219,66.33999633789062,616300,66.33999633789062
2003-08-07,66.69999694824219,65.36000061035156,66.33000183105469,65.80000305175781,437400,65.80000305175781
2003-08-08,66.72000122070312,65.75,66.05000305175781,66.23999786376953,231400,66.23999786376953
2003-08-11,67.0999984741211,66.25,66.25,67.0199966430664,227700,67.0199966430664
2003-08-12,67.9000015258789,67.0,67.01000213623047,67.86000061035156,319200,67.86000061035156
2003-08-13,68.30000305175781,67.12000274658203,67.94999694824219,67.5999984741211,325200,67.5999984741211
2003-08-14,68.33999633789062,67.5,67.5999984741211,67.94999694824219,241500,67.94999694824219
2003-08-15,68.54000091552734,67.80000305175781,67.9000015258789,68.5199966430664,99600,68.5199966430664
2003-08-18,69.26000213623047,68.5199966430664,68.5999984741211,68.87999725341797,199100,68.87999725341797
2003-08-19,69.9000015258789,68.87000274658203,68.93000030517578,69.83999633789062,220400,69.83999633789062
2003-08-20,70.0,69.61000061035156,69.80000305175781,69.9800033569336,152400,69.9800033569336
2003-08-21,71.29000091552734,69.83999633789062,69.98999786376953,71.27999877929688,347500,71.27999877929688
2003-08-22,71.91999816894531,70.87000274658203,71.5199966430664,70.93000030517578,323500,70.93000030517578
2003-08-25,70.76000213623047,69.9000015258789,70.75,70.55000305175781,180500,70.55000305175781
2003-08-26,71.0,69.5,70.5,70.9000015258789,189300,70.9000015258789
2003-08-27,71.13999938964844,70.5,70.8499984741211,70.94999694824219,156000,70.94999694824219
2003-08-28,71.6500015258789,70.5999984741211,71.0,71.55000305175781,235000,71.55000305175781
2003-08-29,73.1500015258789,71.5199966430664,71.5199966430664,72.95999908447266,334900,72.95999908447266
2003-09-02,73.05999755859375,72.08999633789062,72.95999908447266,72.66999816894531,641100,72.66999816894531
2003-09-03,72.8499984741211,72.12999725341797,72.6500015258789,72.80999755859375,327300,72.80999755859375
2003-09-04,72.88999938964844,72.05999755859375,72.8499984741211,72.16999816894531,500700,72.16999816894531
2003-09-05,72.2699966430664,71.19999694824219,72.16999816894531,71.6500015258789,343100,71.6500015258789
2003-09-08,73.0199966430664,71.5999984741211,71.66000366210938,72.8499984741211,414700,72.8499984741211
2003-09-09,73.0999984741211,72.12000274658203,73.0,72.66999816894531,370600,72.66999816894531
2003-09-10,72.48999786376953,69.4800033569336,72.47000122070312,69.73999786376953,499500,69.73999786376953
2003-09-11,70.38999938964844,69.22000122070312,69.5999984741211,70.26000213623047,521100,70.26000213623047
2003-09-12,71.4800033569336,70.4000015258789,70.44999694824219,71.44999694824219,263700,71.44999694824219
2003-09-15,72.29000091552734,71.37000274658203,71.5,72.26000213623047,341600,72.26000213623047
2003-09-16,73.26000213623047,72.26000213623047,72.26000213623047,73.19999694824219,342200,73.19999694824219
2003-09-17,73.29000091552734,72.44999694824219,73.1500015258789,73.18000030517578,356000,73.18000030517578
2003-09-18,74.81999969482422,73.3499984741211,73.3499984741211,74.81999969482422,495600,74.81999969482422
2003-09-19,74.6500015258789,74.0999984741211,74.5999984741211,74.5,538200,74.5
2003-09-22,74.66999816894531,73.5,74.25,74.6500015258789,407900,74.6500015258789
2003-09-23,75.4000015258789,74.44000244140625,74.6500015258789,75.37999725341797,436300,75.37999725341797
2003-09-24,75.75,74.55000305175781,75.44999694824219,74.55999755859375,471500,74.55999755859375
2003-09-25,75.22000122070312,73.75,74.80000305175781,73.9000015258789,321700,73.9000015258789
2003-09-26,73.9000015258789,72.4800033569336,73.9000015258789,72.75,542300,72.75
2003-09-29,73.04000091552734,71.9000015258789,72.76000213623047,72.05000305175781,310800,72.05000305175781
2003-09-30,72.0999984741211,70.69999694824219,71.81999969482422,71.31999969482422,528500,71.31999969482422
2003-10-01,73.5199966430664,71.05999755859375,71.55000305175781,73.36000061035156,331200,73.36000061035156
2003-10-02,73.94999694824219,72.94999694824219,73.4000015258789,73.37000274658203,286000,73.37000274658203
2003-10-03,75.1500015258789,73.9000015258789,74.19999694824219,74.72000122070312,269700,74.72000122070312
2003-10-06,75.0999984741211,73.72000122070312,74.72000122070312,75.05000305175781,249900,75.05000305175781
2003-10-07,74.87000274658203,74.05000305175781,74.87000274658203,74.69999694824219,321900,74.69999694824219
2003-10-08,74.9000015258789,73.58000183105469,74.87999725341797,73.91999816894531,305800,73.91999816894531
2003-10-09,74.87999725341797,73.9000015258789,74.30000305175781,74.33999633789062,305600,74.33999633789062
2003-10-10,74.37999725341797,73.72000122070312,74.30000305175781,74.01000213623047,217300,74.01000213623047
2003-10-13,75.0999984741211,74.44999694824219,74.44999694824219,74.94999694824219,153700,74.94999694824219
2003-10-14,75.30000305175781,74.6500015258789,75.0,75.25,271800,75.25
2003-10-15,75.4800033569336,74.77999877929688,75.30000305175781,75.13999938964844,192400,75.13999938964844
2003-10-16,75.44999694824219,74.63999938964844,75.19999694824219,74.93000030517578,284800,74.93000030517578
2003-10-17,74.9800033569336,70.0999984741211,74.9800033569336,70.47000122070312,1778600,70.47000122070312
2003-10-20,71.9000015258789,70.22000122070312,70.5999984741211,71.76000213623047,753300,71.76000213623047
2003-10-21,71.9000015258789,69.8499984741211,71.83999633789062,70.0,599400,70.0
2003-10-22,70.47000122070312,68.86000061035156,69.9000015258789,68.91999816894531,505600,68.91999816894531
2003-10-23,71.0,68.61000061035156,68.91999816894531,70.87999725341797,538400,70.87999725341797
2003-10-24,70.8499984741211,70.19999694824219,70.7300033569336,70.83000183105469,436600,70.83000183105469
2003-10-27,71.63999938964844,70.80000305175781,70.91000366210938,71.5,246400,71.5
2003-10-28,73.91000366210938,71.5999984741211,71.66999816894531,73.88999938964844,447500,73.88999938964844
2003-10-29,74.4000015258789,73.2300033569336,73.88999938964844,74.2699966430664,253500,74.2699966430664
2003-10-30,74.5999984741211,73.30999755859375,74.5199966430664,73.61000061035156,242300,73.61000061035156
2003-10-31,74.25,73.68000030517578,73.69999694824219,74.12000274658203,168100,74.12000274658203
2003-11-03,74.87999725341797,74.13999938964844,74.19999694824219,74.83000183105469,207300,74.83000183105469
2003-11-04,74.77999877929688,74.05999755859375,74.77999877929688,74.13999938964844,276100,74.13999938964844
2003-11-05,74.98999786376953,74.12999725341797,74.1500015258789,74.87999725341797,389200,74.87999725341797
2003-11-06,74.9800033569336,74.44999694824219,74.75,74.9800033569336,146700,74.9800033569336
2003-11-07,74.9800033569336,74.1500015258789,74.9800033569336,74.30999755859375,196100,74.30999755859375
2003-11-10,74.5,73.27999877929688,74.30000305175781,73.29000091552734,164800,73.29000091552734
2003-11-11,73.12999725341797,72.51000213623047,73.05000305175781,72.83000183105469,248800,72.83000183105469
2003-11-12,74.05000305175781,72.75,72.75,74.05000305175781,156300,74.05000305175781
2003-11-13,74.87000274658203,73.86000061035156,73.94999694824219,74.02999877929688,162100,74.02999877929688
2003-11-14,74.52999877929688,73.20999908447266,74.1500015258789,73.25,183300,73.25
2003-11-17,73.20999908447266,71.69999694824219,73.20999908447266,72.47000122070312,374600,72.47000122070312
2003-11-18,72.9000015258789,72.04000091552734,72.66999816894531,72.04000091552734,172900,72.04000091552734
2003-11-19,72.37999725341797,71.56999969482422,72.04000091552734,71.98999786376953,165700,71.98999786376953
2003-11-20,72.08000183105469,71.31999969482422,71.98999786376953,71.76000213623047,183200,71.76000213623047
2003-11-21,71.88999938964844,71.29000091552734,71.5999984741211,71.58999633789062,178200,71.58999633789062
2003-11-24,72.12000274658203,71.75,71.75,72.0,311600,72.0
2003-11-25,72.5999984741211,72.0,72.0,72.55999755859375,354700,72.55999755859375
2003-11-26,72.76000213623047,71.9000015258789,72.62000274658203,71.98999786376953,277200,71.98999786376953
2003-11-28,72.2300033569336,71.9000015258789,71.9000015258789,72.08000183105469,84600,72.08000183105469
2003-12-01,73.9800033569336,72.0999984741211,72.0999984741211,73.68000030517578,237200,73.68000030517578
2003-12-02,74.0,73.0,74.0,73.08000183105469,200400,73.08000183105469
2003-12-03,73.31999969482422,72.33999633789062,73.08000183105469,72.45999908447266,149400,72.45999908447266
2003-12-04,72.62000274658203,71.33999633789062,72.44000244140625,71.95999908447266,191400,71.95999908447266
2003-12-05,71.95999908447266,71.0999984741211,71.95999908447266,71.23999786376953,220900,71.23999786376953
2003-12-08,71.4800033569336,70.69999694824219,71.0999984741211,70.80000305175781,247400,70.80000305175781
2003-12-09,70.8499984741211,69.9800033569336,70.8499984741211,70.0,572700,70.0
2003-12-10,70.04000091552734,67.06999969482422,70.0,68.16000366210938,509000,68.16000366210938
2003-12-11,69.58999633789062,68.16000366210938,68.16000366210938,69.45999908447266,237800,69.45999908447266
2003-12-12,69.52999877929688,68.6500015258789,69.4800033569336,68.75,141000,68.75
2003-12-15,69.75,68.31999969482422,69.30000305175781,68.4000015258789,360900,68.4000015258789
2003-12-16,69.31999969482422,67.75,68.55000305175781,69.19000244140625,408000,69.19000244140625
2003-12-17,69.77999877929688,68.9000015258789,69.19000244140625,69.52999877929688,306800,69.52999877929688
2003-12-18,70.23999786376953,69.0999984741211,69.4000015258789,70.19999694824219,442900,70.19999694824219
2003-12-19,70.37000274658203,69.86000061035156,70.30000305175781,70.1500015258789,316200,70.1500015258789
2003-12-22,70.80000305175781,69.98999786376953,70.1500015258789,70.4800033569336,185600,70.4800033569336
2003-12-23,71.29000091552734,70.23999786376953,70.8499984741211,70.75,210200,70.75
2003-12-24,70.79000091552734,70.11000061035156,70.77999877929688,70.19999694824219,50100,70.19999694824219
2003-12-26,70.76000213623047,70.19999694824219,70.19999694824219,70.69999694824219,39800,70.69999694824219
2003-12-29,71.25,70.58999633789062,70.93000030517578,70.94999694824219,188400,70.94999694824219
2003-12-30,71.16999816894531,70.55000305175781,71.0999984741211,70.87999725341797,167400,70.87999725341797
2003-12-31,71.05000305175781,70.08000183105469,70.9000015258789,70.54000091552734,181700,70.54000091552734
2004-01-02,72.06999969482422,70.7699966430664,71.44999694824219,71.0999984741211,588300,71.0999984741211
2004-01-05,71.19999694824219,70.47000122070312,71.1500015258789,70.80000305175781,325000,70.80000305175781
2004-01-06,71.12000274658203,70.33000183105469,70.75,70.56999969482422,464300,70.56999969482422
2004-01-07,71.20999908447266,70.36000061035156,70.8499984741211,71.0999984741211,432100,71.0999984741211
2004-01-08,71.19999694824219,70.16000366210938,71.19999694824219,71.0,368600,71.0
2004-01-09,71.69999694824219,70.44999694824219,70.94000244140625,70.79000091552734,296800,70.79000091552734
2004-01-12,71.54000091552734,70.75,70.79000091552734,71.54000091552734,314500,71.54000091552734
2004-01-13,71.5,70.41999816894531,71.44999694824219,71.0,451500,71.0
2004-01-14,71.6500015258789,71.05999755859375,71.05999755859375,71.44000244140625,741900,71.44000244140625
2004-01-15,71.8499984741211,71.13999938964844,71.8499984741211,71.4800033569336,380800,71.4800033569336
2004-01-16,71.8499984741211,71.1500015258789,71.4800033569336,71.80000305175781,440700,71.80000305175781
2004-01-20,71.77999877929688,70.72000122070312,71.7699966430664,71.20999908447266,206500,71.20999908447266
2004-01-21,72.87000274658203,70.6500015258789,71.0,72.66999816894531,395500,72.66999816894531
2004-01-22,73.58999633789062,72.8499984741211,72.9800033569336,73.08999633789062,207000,73.08999633789062
2004-01-23,73.72000122070312,72.18000030517578,73.19999694824219,72.56999969482422,221700,72.56999969482422
2004-01-26,72.73999786376953,72.02999877929688,72.69999694824219,72.5199966430664,187300,72.5199966430664
2004-01-27,72.4800033569336,71.80000305175781,72.47000122070312,72.0,176200,72.0
2004-01-28,72.5999984741211,72.0,72.4000015258789,72.11000061035156,429700,72.11000061035156
2004-01-29,71.8499984741211,69.5999984741211,71.55000305175781,70.27999877929688,423500,70.27999877929688
2004-01-30,70.04000091552734,68.7699966430664,70.04000091552734,69.58000183105469,485600,69.58000183105469
2004-02-02,72.54000091552734,69.7300033569336,69.73999786376953,71.94999694824219,667300,71.94999694824219
2004-02-03,72.5,71.5999984741211,71.94999694824219,71.9000015258789,207600,71.9000015258789
2004-02-04,72.19000244140625,71.0,71.80000305175781,71.58000183105469,207100,71.58000183105469
2004-02-05,73.44999694824219,71.19999694824219,71.58000183105469,73.44999694824219,373300,73.44999694824219
2004-02-06,80.0,76.75,77.98999786376953,79.63999938964844,1820400,79.63999938964844
2004-02-09,81.5,79.80000305175781,79.80000305175781,80.5,703100,80.5
2004-02-10,81.45999908447266,79.73999786376953,80.44000244140625,80.86000061035156,428000,80.86000061035156
2004-02-11,82.0,79.7699966430664,80.87999725341797,81.9000015258789,366100,81.9000015258789
2004-02-12,84.16000366210938,81.68000030517578,81.7699966430664,82.91000366210938,501000,82.91000366210938
2004-02-13,83.66999816894531,82.41000366210938,82.91999816894531,82.44000244140625,369700,82.44000244140625
2004-02-17,83.2699966430664,82.5999984741211,82.5999984741211,82.83000183105469,383300,82.83000183105469
2004-02-18,82.7699966430664,80.91999816894531,82.7699966430664,81.4000015258789,685400,81.4000015258789
2004-02-19,81.87999725341797,80.61000061035156,81.44000244140625,80.69999694824219,260900,80.69999694824219
2004-02-20,81.19999694824219,80.5,80.6500015258789,80.55000305175781,192700,80.55000305175781
2004-02-23,80.94999694824219,80.1500015258789,80.51000213623047,80.2699966430664,186100,80.2699966430664
2004-02-24,80.6500015258789,79.5199966430664,79.9000015258789,80.33999633789062,238500,80.33999633789062
2004-02-25,80.75,79.55000305175781,80.54000091552734,80.45999908447266,263500,80.45999908447266
2004-02-26,82.68000030517578,80.16000366210938,80.4000015258789,82.5,344800,82.5
2004-02-27,83.55000305175781,82.25,82.25,83.30000305175781,413200,83.30000305175781
2004-03-01,84.0,83.12000274658203,83.30000305175781,83.62999725341797,321200,83.62999725341797
2004-03-02,83.68000030517578,82.75,83.68000030517578,83.29000091552734,240900,83.29000091552734
2004-03-03,83.2300033569336,82.4000015258789,83.0,83.18000030517578,317900,83.18000030517578
2004-03-04,84.52999877929688,82.88999938964844,83.19999694824219,84.52999877929688,227500,84.52999877929688
2004-03-05,85.79000091552734,84.16999816894531,84.5,85.2699966430664,559500,85.2699966430664
2004-03-08,85.30000305175781,83.70999908447266,84.9000015258789,84.30999755859375,176800,84.30999755859375
2004-03-09,84.19999694824219,82.55999755859375,84.19999694824219,83.18000030517578,271800,83.18000030517578
2004-03-10,83.26000213623047,81.76000213623047,83.26000213623047,82.0,299200,82.0
2004-03-11,81.8499984741211,80.5,81.8499984741211,80.87000274658203,366000,80.87000274658203
2004-03-12,82.91000366210938,81.12000274658203,81.12000274658203,82.9000015258789,215200,82.9000015258789
2004-03-15,82.80000305175781,80.8499984741211,82.80000305175781,80.97000122070312,248100,80.97000122070312
2004-03-16,82.4000015258789,80.69000244140625,81.44999694824219,81.4800033569336,236700,81.4800033569336
2004-03-17,83.13999938964844,81.80999755859375,81.94999694824219,82.7699966430664,208600,82.7699966430664
2004-03-18,83.1500015258789,81.87000274658203,83.0,82.80000305175781,199600,82.80000305175781
2004-03-19,83.69999694824219,82.12999725341797,83.69999694824219,82.33999633789062,192000,82.33999633789062
2004-03-22,82.05999755859375,80.16000366210938,81.6500015258789,81.20999908447266,302400,81.20999908447266
2004-03-23,82.22000122070312,81.01000213623047,81.44999694824219,81.12000274658203,215400,81.12000274658203
2004-03-24,80.9000015258789,79.33000183105469,80.9000015258789,79.61000061035156,434600,79.61000061035156
2004-03-25,80.25,79.1500015258789,80.0,79.91999816894531,505400,79.91999816894531
2004-03-26,81.20999908447266,79.55000305175781,79.75,80.4800033569336,526900,80.4800033569336
2004-03-29,81.33999633789062,80.44999694824219,81.0,80.80000305175781,327300,80.80000305175781
2004-03-30,81.11000061035156,80.26000213623047,80.79000091552734,81.0,381100,81.0
2004-03-31,82.87999725341797,81.16000366210938,81.5999984741211,82.3499984741211,443600,82.3499984741211
2004-04-01,83.83999633789062,82.3499984741211,82.3499984741211,83.19999694824219,397600,83.19999694824219
2004-04-02,83.54000091552734,81.33999633789062,83.19999694824219,82.4000015258789,591900,82.4000015258789
2004-04-05,82.8499984741211,81.44000244140625,82.6500015258789,82.08999633789062,235200,82.08999633789062
2004-04-06,82.29000091552734,81.5,82.0,82.23999786376953,246100,82.23999786376953
2004-04-07,82.6500015258789,81.94999694824219,82.4000015258789,82.3499984741211,171700,82.3499984741211
2004-04-08,82.9800033569336,81.25,82.55000305175781,81.6500015258789,296400,81.6500015258789
2004-04-12,82.4800033569336,81.4000015258789,81.44999694824219,81.69999694824219,138800,81.69999694824219
2004-04-13,81.76000213623047,79.88999938964844,81.75,79.94999694824219,287900,79.94999694824219
2004-04-14,79.66999816894531,78.05000305175781,79.0,79.18000030517578,506200,79.18000030517578
2004-04-15,79.94000244140625,78.63999938964844,79.43000030517578,79.23999786376953,178100,79.23999786376953
2004-04-16,80.41000366210938,78.8499984741211,79.33999633789062,80.4000015258789,237900,80.4000015258789
2004-04-19,80.79000091552734,79.91999816894531,80.4000015258789,80.76000213623047,172700,80.76000213623047
2004-04-20,81.6500015258789,80.75,80.76000213623047,80.93000030517578,353800,80.93000030517578
2004-04-21,81.30000305175781,80.16000366210938,80.93000030517578,80.75,378200,80.75
2004-04-22,80.76000213623047,78.5,78.80000305175781,80.5199966430664,1428500,80.5199966430664
2004-04-23,80.91999816894531,79.44999694824219,80.5199966430664,79.95999908447266,365600,79.95999908447266
2004-04-26,80.1500015258789,78.5,79.6500015258789,78.8499984741211,386400,78.8499984741211
2004-04-27,80.51000213623047,78.80000305175781,79.0,79.4000015258789,177800,79.4000015258789
2004-04-28,78.91000366210938,77.9000015258789,78.9000015258789,78.0999984741211,368500,78.0999984741211
2004-04-29,78.0999984741211,76.55000305175781,78.0999984741211,77.2300033569336,475100,77.2300033569336
2004-04-30,77.9800033569336,77.0,77.2300033569336,77.13999938964844,235500,77.13999938964844
2004-05-03,78.08999633789062,76.76000213623047,77.13999938964844,77.9000015258789,331900,77.9000015258789
2004-05-04,77.80999755859375,75.81999969482422,77.75,76.52999877929688,635600,76.52999877929688
2004-05-05,77.02999877929688,76.18000030517578,77.0,76.4000015258789,320300,76.4000015258789
2004-05-06,75.75,74.75,75.75,75.33999633789062,247300,75.33999633789062
2004-05-07,75.33999633789062,73.4000015258789,74.5,74.19999694824219,610200,74.19999694824219
2004-05-10,74.19999694824219,72.16999816894531,74.19999694824219,72.97000122070312,618100,72.97000122070312
2004-05-11,73.19000244140625,72.75,73.0,72.94999694824219,465500,72.94999694824219
2004-05-12,72.9000015258789,69.3499984741211,72.9000015258789,71.9800033569336,1252300,71.9800033569336
2004-05-13,72.9000015258789,71.37999725341797,71.9800033569336,72.37999725341797,361800,72.37999725341797
2004-05-14,72.44999694824219,71.5,72.37999725341797,71.9800033569336,403800,71.9800033569336
2004-05-17,71.29000091552734,70.61000061035156,71.0,71.2699966430664,432000,71.2699966430664
2004-05-18,71.91999816894531,70.33999633789062,71.5999984741211,70.7300033569336,552100,70.7300033569336
2004-05-19,71.5199966430664,69.63999938964844,71.0,69.94999694824219,546700,69.94999694824219
2004-05-20,70.80000305175781,69.95999908447266,70.3499984741211,70.73999786376953,328500,70.73999786376953
2004-05-21,71.86000061035156,70.5999984741211,71.0,71.16999816894531,250400,71.16999816894531
2004-05-24,72.25,71.01000213623047,71.4000015258789,71.5,301300,71.5
2004-05-25,73.61000061035156,70.30000305175781,72.37000274658203,73.25,436400,73.25
2004-05-26,73.37000274658203,72.41999816894531,73.3499984741211,72.93000030517578,324400,72.93000030517578
2004-05-27,73.94000244140625,72.83999633789062,72.86000061035156,73.55000305175781,385500,73.55000305175781
2004-05-28,74.4800033569336,73.69999694824219,73.75,74.23999786376953,772600,74.23999786376953
2004-06-01,75.41000366210938,73.7699966430664,74.0999984741211,74.66999816894531,374600,74.66999816894531
2004-06-02,74.80000305175781,73.5999984741211,74.80000305175781,74.33999633789062,225800,74.33999633789062
2004-06-03,73.91999816894531,72.68000030517578,73.5999984741211,72.75,377300,72.75
2004-06-04,73.0,71.0,73.0,71.45999908447266,731700,71.45999908447266
2004-06-07,72.73999786376953,71.69999694824219,71.69999694824219,72.27999877929688,375200,72.27999877929688
2004-06-08,72.27999877929688,70.70999908447266,72.27999877929688,71.75,577400,71.75
2004-06-09,71.9800033569336,70.68000030517578,71.69999694824219,70.94000244140625,318700,70.94000244140625
2004-06-10,71.69000244140625,70.91999816894531,71.0,71.19999694824219,321600,71.19999694824219
2004-06-14,71.23999786376953,69.08000183105469,71.1500015258789,69.41000366210938,489600,69.41000366210938
2004-06-15,70.9000015258789,70.0,70.25,70.19999694824219,601200,70.19999694824219
2004-06-16,70.26000213623047,68.88999938964844,70.25,69.72000122070312,553400,69.72000122070312
2004-06-17,70.19000244140625,69.16999816894531,69.55000305175781,70.08999633789062,407700,70.08999633789062
2004-06-18,70.76000213623047,69.93000030517578,69.94999694824219,70.38999938964844,296700,70.38999938964844
2004-06-21,70.66999816894531,69.4000015258789,69.9000015258789,70.4800033569336,220400,70.4800033569336
2004-06-22,70.93000030517578,69.56999969482422,70.0,70.27999877929688,233000,70.27999877929688
2004-06-23,70.94999694824219,70.0,70.08000183105469,70.9000015258789,288600,70.9000015258789
2004-06-24,73.6500015258789,71.04000091552734,71.04000091552734,73.41999816894531,600000,73.41999816894531
2004-06-25,74.44000244140625,73.51000213623047,74.1500015258789,74.37000274658203,335300,74.37000274658203
2004-06-28,74.22000122070312,72.83000183105469,73.5,72.94999694824219,541900,72.94999694824219
2004-06-29,73.75,72.62999725341797,72.69999694824219,73.30000305175781,353700,73.30000305175781
2004-06-30,73.44999694824219,72.73999786376953,73.0999984741211,73.33000183105469,361700,73.33000183105469
2004-07-01,73.11000061035156,71.6500015258789,73.08000183105469,72.0,582000,72.0
2004-07-02,72.19999694824219,71.79000091552734,71.9000015258789,71.9800033569336,349700,71.9800033569336
2004-07-06,71.98999786376953,70.4000015258789,71.87999725341797,70.91999816894531,292700,70.91999816894531
2004-07-07,71.30000305175781,70.4000015258789,70.72000122070312,71.01000213623047,404200,71.01000213623047
2004-07-08,71.68000030517578,70.94000244140625,71.0199966430664,71.4000015258789,559600,71.4000015258789
2004-07-09,72.79000091552734,71.4000015258789,71.4000015258789,72.69999694824219,342700,72.69999694824219
2004-07-12,72.5999984741211,71.76000213623047,72.44999694824219,72.4000015258789,392400,72.4000015258789
2004-07-13,72.95999908447266,71.91000366210938,72.4000015258789,72.44000244140625,126200,72.44000244140625
2004-07-14,72.9000015258789,71.69999694824219,72.19999694824219,71.94999694824219,268800,71.94999694824219
2004-07-15,72.3499984741211,71.70999908447266,72.1500015258789,71.8499984741211,188800,71.8499984741211
2004-07-16,72.3499984741211,71.04000091552734,71.37999725341797,71.5,407300,71.5
2004-07-19,71.69999694824219,70.8499984741211,71.55000305175781,71.5,209900,71.5
2004-07-20,73.0,70.91000366210938,71.3499984741211,72.97000122070312,334700,72.97000122070312
2004-07-21,73.11000061035156,71.31999969482422,72.97000122070312,71.31999969482422,369300,71.31999969482422
2004-07-22,71.20999908447266,69.06999969482422,70.3499984741211,70.97000122070312,1085000,70.97000122070312
2004-07-23,70.4000015258789,69.25,70.19999694824219,70.25,445500,70.25
2004-07-26,71.0,70.19999694824219,70.19999694824219,70.9800033569336,424900,70.9800033569336
2004-07-27,72.30999755859375,70.8499984741211,70.9800033569336,72.06999969482422,403900,72.06999969482422
2004-07-28,72.30000305175781,70.5,72.0,72.19999694824219,470200,72.19999694824219
2004-07-29,73.25,72.19000244140625,72.19999694824219,73.25,317800,73.25
2004-07-30,73.69999694824219,72.55999755859375,73.02999877929688,73.54000091552734,466700,73.54000091552734
2004-08-02,74.0999984741211,72.70999908447266,72.9000015258789,73.91999816894531,453200,73.91999816894531
2004-08-03,73.75,72.70999908447266,73.66999816894531,72.79000091552734,378300,72.79000091552734
2004-08-04,73.08999633789062,72.08999633789062,72.77999877929688,72.56999969482422,348100,72.56999969482422
2004-08-05,73.0999984741211,71.94000244140625,72.56999969482422,71.97000122070312,391300,71.97000122070312
2004-08-06,71.75,70.9000015258789,71.25,71.48999786376953,389500,71.48999786376953
2004-08-09,72.13999938964844,70.37999725341797,71.48999786376953,71.19000244140625,527400,71.19000244140625
2004-08-10,72.43000030517578,71.25,71.25,72.16000366210938,272600,72.16000366210938
2004-08-11,72.43000030517578,70.6500015258789,71.91000366210938,72.20999908447266,347900,72.20999908447266
2004-08-12,72.2300033569336,71.4000015258789,71.62999725341797,71.97000122070312,344600,71.97000122070312
2004-08-13,72.16000366210938,71.54000091552734,72.0999984741211,71.94999694824219,130300,71.94999694824219
2004-08-16,73.38999938964844,72.19999694824219,72.19999694824219,73.2699966430664,172700,73.2699966430664
2004-08-17,74.44999694824219,73.52999877929688,73.80000305175781,74.0199966430664,286600,74.0199966430664
2004-08-18,75.08999633789062,73.1500015258789,74.02999877929688,74.5999984741211,300700,74.5999984741211
2004-08-19,74.44999694824219,72.97000122070312,74.19999694824219,73.26000213623047,489700,73.26000213623047
2004-08-20,73.70999908447266,72.83999633789062,73.3499984741211,73.41999816894531,249600,73.41999816894531
2004-08-23,74.80999755859375,73.33999633789062,73.66999816894531,74.12000274658203,261300,74.12000274658203
2004-08-24,76.25,74.2699966430664,74.2699966430664,76.0,640200,76.0
2004-08-25,77.0,75.08000183105469,76.0,77.0,449400,77.0
2004-08-26,77.43000030517578,76.69000244140625,76.98999786376953,77.19999694824219,273500,77.19999694824219
2004-08-27,77.62999725341797,76.95999908447266,77.20999908447266,77.47000122070312,330700,77.47000122070312
2004-08-30,77.47000122070312,76.5199966430664,77.47000122070312,76.5199966430664,409900,76.5199966430664
2004-08-31,77.05000305175781,76.47000122070312,76.47000122070312,76.91999816894531,660600,76.91999816894531
2004-09-01,78.4800033569336,76.8499984741211,76.87999725341797,78.4800033569336,320900,78.4800033569336
2004-09-02,79.0999984741211,77.75,78.4800033569336,78.94000244140625,169300,78.94000244140625
2004-09-03,79.2699966430664,78.44999694824219,79.0999984741211,79.05000305175781,285700,79.05000305175781
2004-09-07,81.5999984741211,79.4800033569336,79.5,81.30000305175781,536600,81.30000305175781
2004-09-08,81.55000305175781,80.0999984741211,80.8499984741211,80.23999786376953,279000,80.23999786376953
2004-09-09,81.02999877929688,79.76000213623047,80.31999969482422,80.25,309500,80.25
2004-09-10,80.2699966430664,79.08000183105469,80.18000030517578,80.0999984741211,307100,80.0999984741211
2004-09-13,80.2300033569336,79.8499984741211,80.0,80.2300033569336,300100,80.2300033569336
2004-09-14,80.87999725341797,79.05000305175781,80.44999694824219,79.2300033569336,383000,79.2300033569336
2004-09-15,79.23999786376953,78.2699966430664,79.2300033569336,78.4000015258789,296800,78.4000015258789
2004-09-16,80.36000061035156,78.5999984741211,78.5999984741211,80.27999877929688,365200,80.27999877929688
2004-09-17,80.41999816894531,79.69999694824219,80.19999694824219,80.25,314900,80.25
2004-09-20,80.30000305175781,78.97000122070312,80.1500015258789,79.0999984741211,320000,79.0999984741211
2004-09-21,79.41000366210938,78.69999694824219,79.19999694824219,79.4000015258789,328600,79.4000015258789
2004-09-22,79.19999694824219,78.69000244140625,79.19999694824219,78.83999633789062,345000,78.83999633789062
2004-09-23,79.26000213623047,77.75,78.63999938964844,78.83000183105469,202800,78.83000183105469
2004-09-24,79.5999984741211,78.72000122070312,78.75,78.80999755859375,162100,78.80999755859375
2004-09-27,79.48999786376953,77.70999908447266,78.5999984741211,78.83999633789062,297100,78.83999633789062
2004-09-28,79.16000366210938,78.16999816894531,78.6500015258789,79.05999755859375,214000,79.05999755859375
2004-09-29,79.20999908447266,78.22000122070312,79.12999725341797,78.69000244140625,152400,78.69000244140625
2004-09-30,79.38999938964844,77.97000122070312,78.77999877929688,79.38999938964844,318300,79.38999938964844
2004-10-01,80.45999908447266,79.12999725341797,79.31999969482422,80.3499984741211,206100,80.3499984741211
2004-10-04,80.81999969482422,79.80000305175781,80.5,80.2699966430664,225300,80.2699966430664
2004-10-05,80.86000061035156,79.0,79.5,79.69000244140625,480800,79.69000244140625
2004-10-06,80.0999984741211,78.62000274658203,79.94000244140625,79.27999877929688,456400,79.27999877929688
2004-10-07,79.33999633789062,76.94999694824219,78.27999877929688,76.9800033569336,545500,76.9800033569336
2004-10-08,77.9800033569336,76.16999816894531,77.75,76.9000015258789,316900,76.9000015258789
2004-10-11,77.36000061035156,76.5,77.1500015258789,76.95999908447266,147700,76.95999908447266
2004-10-12,77.06999969482422,75.98999786376953,76.9000015258789,76.81999969482422,312900,76.81999969482422
2004-10-13,76.36000061035156,75.19000244140625,75.9000015258789,75.31999969482422,254900,75.31999969482422
2004-10-14,75.4000015258789,74.47000122070312,75.4000015258789,74.55000305175781,184700,74.55000305175781
2004-10-15,74.9000015258789,74.05000305175781,74.55999755859375,74.8499984741211,331300,74.8499984741211
2004-10-18,75.81999969482422,74.30999755859375,74.5999984741211,75.81999969482422,251900,75.81999969482422
2004-10-19,76.2300033569336,75.27999877929688,75.72000122070312,75.75,256500,75.75
2004-10-20,75.70999908447266,74.69999694824219,75.70999908447266,75.44999694824219,292700,75.44999694824219
2004-10-21,82.83000183105469,76.5,77.0,81.37999725341797,1795100,81.37999725341797
2004-10-22,82.73999786376953,81.4800033569336,81.5,82.38999938964844,953300,82.38999938964844
2004-10-25,84.69999694824219,82.0,82.29000091552734,84.19999694824219,710300,84.19999694824219
2004-10-26,84.55999755859375,82.8499984741211,84.04000091552734,84.25,497900,84.25
2004-10-27,85.41999816894531,83.80999755859375,84.26000213623047,85.0,539800,85.0
2004-10-28,85.47000122070312,84.55000305175781,85.25,84.8499984741211,347400,84.8499984741211
2004-10-29,85.43000030517578,84.62999725341797,84.75,85.08000183105469,325600,85.08000183105469
2004-11-01,85.08000183105469,84.4000015258789,85.06999969482422,84.8499984741211,301600,84.8499984741211
2004-11-02,87.0,84.97000122070312,85.0,86.11000061035156,557900,86.11000061035156
2004-11-03,87.52999877929688,86.66999816894531,87.4000015258789,87.0,361900,87.0
2004-11-04,89.33999633789062,86.11000061035156,87.0,89.16999816894531,481200,89.16999816894531
2004-11-05,89.56999969482422,86.83000183105469,89.0999984741211,87.6500015258789,723600,87.6500015258789
2004-11-08,87.94999694824219,87.11000061035156,87.6500015258789,87.62999725341797,226300,87.62999725341797
2004-11-09,88.0999984741211,86.94999694824219,87.5999984741211,87.44000244140625,280200,87.44000244140625
2004-11-10,87.68000030517578,86.98999786376953,87.5,87.44999694824219,139500,87.44999694824219
2004-11-11,88.0999984741211,87.06999969482422,87.3499984741211,87.97000122070312,204100,87.97000122070312
2004-11-12,89.63999938964844,87.37000274658203,87.83000183105469,89.0999984741211,318400,89.0999984741211
2004-11-15,89.25,88.52999877929688,88.9000015258789,89.02999877929688,168100,89.02999877929688
2004-11-16,88.83000183105469,87.83999633789062,88.83000183105469,88.4000015258789,164900,88.4000015258789
2004-11-17,89.55999755859375,87.93000030517578,88.33000183105469,88.2699966430664,186600,88.2699966430664
2004-11-18,88.9800033569336,88.0,88.2699966430664,88.77999877929688,220300,88.77999877929688
2004-11-19,88.77999877929688,86.38999938964844,88.69999694824219,86.63999938964844,193300,86.63999938964844
2004-11-22,86.93000030517578,85.73999786376953,86.63999938964844,86.93000030517578,209700,86.93000030517578
2004-11-23,87.70999908447266,86.0,86.93000030517578,87.5999984741211,258200,87.5999984741211
2004-11-24,88.93000030517578,87.5,87.5,88.58999633789062,141200,88.58999633789062
2004-11-26,89.31999969482422,88.30000305175781,88.44999694824219,89.1500015258789,62700,89.1500015258789
2004-11-29,89.0,87.20999908447266,88.93000030517578,87.30000305175781,190500,87.30000305175781
2004-11-30,87.9000015258789,86.61000061035156,87.05000305175781,87.69999694824219,223900,87.69999694824219
2004-12-01,90.51000213623047,87.94999694824219,90.51000213623047,89.0,204600,89.0
2004-12-02,89.38999938964844,88.02999877929688,88.6500015258789,89.29000091552734,248100,89.29000091552734
2004-12-03,90.33999633789062,89.20999908447266,89.29000091552734,89.79000091552734,258400,89.79000091552734
2004-12-06,90.05000305175781,87.62000274658203,89.55000305175781,87.79000091552734,240500,87.79000091552734
2004-12-07,88.5,87.55000305175781,88.19999694824219,87.55999755859375,145000,87.55999755859375
2004-12-08,87.98999786376953,86.88999938964844,87.62000274658203,87.70999908447266,138300,87.70999908447266
2004-12-09,88.37000274658203,87.1500015258789,87.70999908447266,87.9800033569336,180300,87.9800033569336
2004-12-10,89.55999755859375,87.7300033569336,89.55999755859375,88.05000305175781,150400,88.05000305175781
2004-12-13,88.80000305175781,87.5999984741211,88.0,88.75,158200,88.75
2004-12-14,91.19000244140625,88.37000274658203,88.6500015258789,91.0,300400,91.0
2004-12-15,92.44000244140625,90.69999694824219,90.75,91.56999969482422,363300,91.56999969482422
2004-12-16,91.31999969482422,90.43000030517578,91.31999969482422,90.97000122070312,188800,90.97000122070312
2004-12-17,90.20999908447266,88.69000244140625,89.97000122070312,89.4000015258789,252100,89.4000015258789
2004-12-20,89.4800033569336,88.31999969482422,89.4000015258789,88.80999755859375,180400,88.80999755859375
2004-12-21,89.36000061035156,88.5999984741211,89.05000305175781,89.30000305175781,135600,89.30000305175781
2004-12-22,89.38999938964844,88.56999969482422,89.0,89.26000213623047,182600,89.26000213623047
2004-12-23,90.16999816894531,89.01000213623047,89.01000213623047,89.62000274658203,160600,89.62000274658203
2004-12-27,89.9800033569336,88.41999816894531,89.5,88.73999786376953,159800,88.73999786376953
2004-12-28,90.5,88.73999786376953,88.75,90.5,180700,90.5
2004-12-29,90.86000061035156,90.08000183105469,90.4000015258789,90.5999984741211,82200,90.5999984741211
2004-12-30,91.58999633789062,90.5999984741211,90.5999984741211,91.5,74700,91.5
2004-12-31,92.06999969482422,91.12999725341797,91.48999786376953,91.25,118500,91.25
2005-01-03,91.4000015258789,89.56999969482422,91.19000244140625,89.80000305175781,211800,89.80000305175781
2005-01-04,90.4800033569336,88.33000183105469,90.05000305175781,88.75,162600,88.75
2005-01-05,88.83999633789062,87.80000305175781,88.68000030517578,87.80000305175781,192800,87.80000305175781
2005-01-06,88.80000305175781,87.80000305175781,87.80000305175781,88.30000305175781,124900,88.30000305175781
2005-01-07,88.01000213623047,86.91000366210938,87.8499984741211,87.0999984741211,197300,87.0999984741211
2005-01-10,88.91000366210938,87.0999984741211,87.0999984741211,88.0999984741211,154600,88.0999984741211
2005-01-11,88.11000061035156,87.4000015258789,88.0999984741211,87.62000274658203,163700,87.62000274658203
2005-01-12,87.9000015258789,86.23999786376953,87.62999725341797,87.5199966430664,135100,87.5199966430664
2005-01-13,88.37000274658203,87.66999816894531,87.7699966430664,87.8499984741211,168200,87.8499984741211
2005-01-14,89.47000122070312,87.91000366210938,87.91000366210938,89.44999694824219,174000,89.44999694824219
2005-01-18,89.95999908447266,88.51000213623047,89.19999694824219,89.9000015258789,335800,89.9000015258789
2005-01-19,90.20999908447266,89.45999908447266,90.0,89.63999938964844,224300,89.63999938964844
2005-01-20,91.06999969482422,89.62999725341797,89.63999938964844,90.1500015258789,451000,90.1500015258789
2005-01-21,90.05999755859375,88.5,90.05000305175781,88.5,254500,88.5
2005-01-24,88.56999969482422,86.70999908447266,88.51000213623047,86.80000305175781,232600,86.80000305175781
2005-01-25,88.13999938964844,87.58000183105469,87.6500015258789,87.77999877929688,237800,87.77999877929688
2005-01-26,88.0,86.87000274658203,87.97000122070312,87.25,297500,87.25
2005-01-27,87.3499984741211,86.88999938964844,87.0,87.0,432000,87.0
2005-01-28,88.08999633789062,86.9000015258789,87.25,87.0,292400,87.0
2005-01-31,88.83999633789062,87.16999816894531,87.19999694824219,88.51000213623047,264800,88.51000213623047
2005-02-01,90.08000183105469,88.1500015258789,88.26000213623047,90.05000305175781,446400,90.05000305175781
2005-02-02,90.30000305175781,89.80000305175781,90.0,90.12000274658203,214100,90.12000274658203
2005-02-03,91.55999755859375,89.52999877929688,90.12000274658203,91.4000015258789,254300,91.4000015258789
2005-02-04,92.7300033569336,91.30000305175781,91.30000305175781,92.61000061035156,267000,92.61000061035156
2005-02-07,94.72000122070312,92.61000061035156,92.61000061035156,93.0,431000,93.0
2005-02-08,93.47000122070312,92.44000244140625,92.91000366210938,93.16000366210938,164300,93.16000366210938
2005-02-09,93.37000274658203,91.62000274658203,93.19999694824219,91.80000305175781,236500,91.80000305175781
2005-02-10,93.06999969482422,91.80999755859375,91.80999755859375,92.9000015258789,337000,92.9000015258789
2005-02-11,93.83000183105469,92.16000366210938,92.6500015258789,93.66000366210938,286900,93.66000366210938
2005-02-14,93.51000213623047,92.44999694824219,93.5,92.8499984741211,299500,92.8499984741211
2005-02-15,93.20999908447266,92.36000061035156,92.6500015258789,92.36000061035156,306600,92.36000061035156
2005-02-16,90.9800033569336,88.1500015258789,89.0999984741211,90.55999755859375,1216100,90.55999755859375
2005-02-17,90.86000061035156,89.36000061035156,90.75,89.45999908447266,485300,89.45999908447266
2005-02-18,89.75,89.23999786376953,89.47000122070312,89.48999786376953,195800,89.48999786376953
2005-02-22,88.91000366210938,87.51000213623047,88.9000015258789,87.5199966430664,321700,87.5199966430664
2005-02-23,88.72000122070312,87.37999725341797,87.69999694824219,88.33000183105469,363400,88.33000183105469
2005-02-24,89.6500015258789,87.87999725341797,88.19999694824219,89.55000305175781,251200,89.55000305175781
2005-02-25,89.77999877929688,88.88999938964844,89.30000305175781,89.77999877929688,235300,89.77999877929688
2005-02-28,89.91000366210938,89.12999725341797,89.69999694824219,89.73999786376953,302600,89.73999786376953
2005-03-01,90.73999786376953,89.9800033569336,89.9800033569336,90.56999969482422,428000,90.56999969482422
2005-03-02,91.25,90.20999908447266,90.56999969482422,90.81999969482422,293400,90.81999969482422
2005-03-03,91.37999725341797,89.55999755859375,90.56999969482422,90.56999969482422,340900,90.56999969482422
2005-03-04,91.91999816894531,90.75,90.9000015258789,91.69999694824219,234800,91.69999694824219
2005-03-07,92.22000122070312,91.1500015258789,91.94999694824219,91.93000030517578,224700,91.93000030517578
2005-03-08,91.45999908447266,89.91000366210938,91.4000015258789,89.98999786376953,207500,89.98999786376953
2005-03-09,90.5,89.12999725341797,90.0,90.0,308800,90.0
2005-03-10,90.0,88.66000366210938,89.80000305175781,89.43000030517578,181900,89.43000030517578
2005-03-11,89.75,88.54000091552734,89.43000030517578,89.30999755859375,171600,89.30999755859375
2005-03-14,90.2699966430664,89.37999725341797,89.55999755859375,90.19999694824219,203400,90.19999694824219
2005-03-15,90.94999694824219,89.97000122070312,90.44999694824219,90.19999694824219,160200,90.19999694824219
2005-03-16,90.05000305175781,89.0999984741211,90.05000305175781,89.38999938964844,220200,89.38999938964844
2005-03-17,89.55999755859375,89.02999877929688,89.3499984741211,89.30999755859375,307600,89.30999755859375
2005-03-18,89.18000030517578,88.22000122070312,89.18000030517578,88.45999908447266,399900,88.45999908447266
2005-03-21,88.2300033569336,87.30000305175781,87.80000305175781,87.80999755859375,499400,87.80999755859375
2005-03-22,88.44999694824219,87.2300033569336,87.97000122070312,87.44999694824219,702600,87.44999694824219
2005-03-23,85.91000366210938,83.30999755859375,85.0,83.9000015258789,1804900,83.9000015258789
2005-03-24,85.02999877929688,84.19000244140625,84.19999694824219,84.5,358400,84.5
2005-03-28,84.94000244140625,84.27999877929688,84.4800033569336,84.41999816894531,223400,84.41999816894531
2005-03-29,84.69000244140625,83.61000061035156,84.25,83.62999725341797,232700,83.62999725341797
2005-03-30,85.66000366210938,82.1500015258789,83.63999938964844,85.41999816894531,777200,85.41999816894531
2005-03-31,85.19999694824219,84.01000213623047,85.0,84.30000305175781,570200,84.30000305175781
2005-04-01,84.44999694824219,82.76000213623047,84.30000305175781,83.04000091552734,720100,83.04000091552734
2005-04-04,83.87999725341797,82.13999938964844,83.05000305175781,83.62999725341797,303300,83.62999725341797
2005-04-05,84.0999984741211,83.4000015258789,83.87999725341797,83.58000183105469,226900,83.58000183105469
2005-04-06,84.91999816894531,83.6500015258789,83.69999694824219,83.97000122070312,274300,83.97000122070312
2005-04-07,84.1500015258789,83.26000213623047,83.87000274658203,83.47000122070312,240000,83.47000122070312
2005-04-08,83.47000122070312,82.04000091552734,83.47000122070312,82.22000122070312,496300,82.22000122070312
2005-04-11,82.5,81.6500015258789,82.22000122070312,81.72000122070312,203800,81.72000122070312
2005-04-12,82.9000015258789,80.7300033569336,81.72000122070312,82.63999938964844,400300,82.63999938964844
2005-04-13,82.5999984741211,81.5999984741211,82.44999694824219,81.62000274658203,408400,81.62000274658203
2005-04-14,81.87000274658203,79.12999725341797,81.87000274658203,79.12999725341797,660300,79.12999725341797
2005-04-15,80.05000305175781,78.68000030517578,79.0999984741211,79.0199966430664,662100,79.0199966430664
2005-04-18,79.83000183105469,78.4800033569336,79.0199966430664,79.4000015258789,437900,79.4000015258789
2005-04-19,79.77999877929688,79.0,79.30000305175781,79.43000030517578,402400,79.43000030517578
2005-04-20,79.69999694824219,78.7300033569336,79.5199966430664,78.7300033569336,505300,78.7300033569336
2005-04-21,81.5,78.9000015258789,79.05000305175781,81.5,454600,81.5
2005-04-22,79.80000305175781,76.62999725341797,77.25,78.0,1431400,78.0
2005-04-25,78.5,77.0999984741211,78.01000213623047,77.62999725341797,664300,77.62999725341797
2005-04-26,79.2300033569336,76.54000091552734,77.62999725341797,78.05999755859375,652000,78.05999755859375
2005-04-27,78.37999725341797,76.80000305175781,78.05999755859375,77.45999908447266,513000,77.45999908447266
2005-04-28,78.12000274658203,76.9000015258789,77.4000015258789,77.25,430300,77.25
2005-04-29,77.80999755859375,76.5999984741211,77.2699966430664,77.80999755859375,437500,77.80999755859375
2005-05-02,78.13999938964844,76.73999786376953,77.7699966430664,77.5999984741211,307600,77.5999984741211
2005-05-03,79.05999755859375,77.4000015258789,77.5999984741211,78.25,279400,78.25
2005-05-04,80.05999755859375,77.83999633789062,78.23999786376953,80.05999755859375,424000,80.05999755859375
2005-05-05,80.5999984741211,79.37000274658203,80.05999755859375,79.93000030517578,203900,79.93000030517578
2005-05-06,80.43000030517578,79.83000183105469,80.1500015258789,80.08999633789062,162500,80.08999633789062
2005-05-09,81.29000091552734,79.83999633789062,80.12999725341797,81.0,375900,81.0
2005-05-10,81.55999755859375,80.63999938964844,81.01000213623047,80.91000366210938,352200,80.91000366210938
2005-05-11,81.66000366210938,80.38999938964844,80.7699966430664,81.6500015258789,390900,81.6500015258789
2005-05-12,81.91999816894531,80.38999938964844,81.70999908447266,80.4800033569336,276300,80.4800033569336
2005-05-13,80.58999633789062,79.2300033569336,80.30000305175781,79.83000183105469,224000,79.83000183105469
2005-05-16,81.80000305175781,79.80999755859375,79.83000183105469,81.73999786376953,210400,81.73999786376953
2005-05-17,82.66999816894531,81.6500015258789,81.93000030517578,82.66999816894531,346900,82.66999816894531
2005-05-18,84.27999877929688,82.95999908447266,82.97000122070312,83.87999725341797,561800,83.87999725341797
2005-05-19,84.80999755859375,83.83000183105469,83.9000015258789,84.80999755859375,302300,84.80999755859375
2005-05-20,84.80999755859375,83.7699966430664,84.80999755859375,84.5999984741211,271700,84.5999984741211
2005-05-23,84.69999694824219,83.79000091552734,84.61000061035156,83.94000244140625,305400,83.94000244140625
2005-05-24,83.87000274658203,83.1500015258789,83.75,83.51000213623047,249500,83.51000213623047
2005-05-25,83.41999816894531,82.36000061035156,83.19999694824219,83.0999984741211,223500,83.0999984741211
2005-05-26,83.6500015258789,83.0199966430664,83.19999694824219,83.45999908447266,310700,83.45999908447266
2005-05-27,83.63999938964844,83.05000305175781,83.47000122070312,83.25,174000,83.25
2005-05-31,83.9000015258789,83.0,83.0,83.41999816894531,191600,83.41999816894531
2005-06-01,84.79000091552734,83.41999816894531,83.41999816894531,84.02999877929688,186400,84.02999877929688
2005-06-02,84.20999908447266,83.80000305175781,84.05000305175781,83.8499984741211,277900,83.8499984741211
2005-06-03,84.30999755859375,83.44999694824219,84.0,83.83000183105469,251300,83.83000183105469
2005-06-06,84.55999755859375,83.5999984741211,84.0,84.55999755859375,147900,84.55999755859375
2005-06-07,84.94999694824219,84.08000183105469,84.41000366210938,84.75,279300,84.75
2005-06-08,85.3499984741211,84.30999755859375,84.80000305175781,84.63999938964844,307000,84.63999938964844
2005-06-09,85.73999786376953,84.4000015258789,84.66000366210938,85.73999786376953,164900,85.73999786376953
2005-06-10,86.0,85.5999984741211,85.9000015258789,85.86000061035156,150300,85.86000061035156
2005-06-13,86.61000061035156,85.72000122070312,85.94999694824219,86.58999633789062,185800,86.58999633789062
2005-06-14,88.11000061035156,86.5999984741211,86.5999984741211,87.87000274658203,296300,87.87000274658203
2005-06-15,88.8499984741211,87.30000305175781,88.8499984741211,88.37000274658203,211100,88.37000274658203
2005-06-16,89.0,88.12999725341797,88.37999725341797,88.33000183105469,239300,88.33000183105469
2005-06-17,88.66999816894531,87.75,88.4800033569336,87.75,305900,87.75
2005-06-20,87.94000244140625,86.75,87.58000183105469,87.52999877929688,231200,87.52999877929688
2005-06-21,87.6500015258789,86.8499984741211,87.6500015258789,87.0,219400,87.0
2005-06-22,87.4800033569336,85.76000213623047,87.12999725341797,86.02999877929688,347000,86.02999877929688
2005-06-23,86.69000244140625,84.79000091552734,86.1500015258789,85.0,223400,85.0
2005-06-24,85.0999984741211,82.0,85.0,82.33999633789062,521800,82.33999633789062
2005-06-27,83.20999908447266,81.19000244140625,82.41999816894531,83.1500015258789,307200,83.1500015258789
2005-06-28,83.8499984741211,82.41000366210938,83.1500015258789,83.5999984741211,319700,83.5999984741211
2005-06-29,84.44999694824219,83.69999694824219,83.75,84.0,166400,84.0
2005-06-30,84.3499984741211,82.41999816894531,84.0999984741211,82.5,294000,82.5
2005-07-01,82.69000244140625,81.80000305175781,82.55000305175781,82.19999694824219,318700,82.19999694824219
2005-07-05,92.44999694824219,84.25,84.25,87.5,4019200,87.5
2005-07-06,88.75,85.75,87.72000122070312,85.75,1006300,85.75
2005-07-07,87.06999969482422,85.58999633789062,85.75,86.83999633789062,372100,86.83999633789062
2005-07-08,89.47000122070312,87.3499984741211,87.3499984741211,89.43000030517578,540100,89.43000030517578
2005-07-11,91.19000244140625,89.44000244140625,89.5999984741211,90.13999938964844,415400,90.13999938964844
2005-07-12,90.9000015258789,89.5,89.9000015258789,89.80000305175781,516300,89.80000305175781
2005-07-13,90.37999725341797,89.66000366210938,89.66999816894531,90.0,233400,90.0
2005-07-14,90.8499984741211,89.55000305175781,90.25,89.7300033569336,200700,89.7300033569336
2005-07-15,90.08000183105469,88.9000015258789,89.56999969482422,89.45999908447266,245600,89.45999908447266
2005-07-18,90.69000244140625,89.69999694824219,89.77999877929688,90.0,382400,90.0
2005-07-19,90.69999694824219,90.05999755859375,90.06999969482422,90.25,276100,90.25
2005-07-20,91.0,89.5,90.05000305175781,90.9800033569336,212600,90.9800033569336
2005-07-21,90.9800033569336,88.5999984741211,90.9800033569336,89.27999877929688,510400,89.27999877929688
2005-07-22,91.18000030517578,89.6500015258789,89.94000244140625,90.25,368200,90.25
2005-07-25,91.4000015258789,89.93000030517578,90.25,90.0,343000,90.0
2005-07-26,90.44000244140625,89.7699966430664,89.8499984741211,90.05000305175781,360200,90.05000305175781
2005-07-27,90.7699966430664,89.3499984741211,90.44999694824219,89.61000061035156,224600,89.61000061035156
2005-07-28,90.0,88.63999938964844,89.5,88.81999969482422,286700,88.81999969482422
2005-07-29,88.98999786376953,87.81999969482422,88.81999969482422,87.81999969482422,259700,87.81999969482422
2005-08-01,88.54000091552734,86.83999633789062,88.05000305175781,87.4800033569336,281200,87.4800033569336
2005-08-02,88.16999816894531,86.76000213623047,87.4800033569336,88.12000274658203,330900,88.12000274658203
2005-08-03,88.37000274658203,86.75,88.0,87.02999877929688,345100,87.02999877929688
2005-08-04,86.98999786376953,85.95999908447266,86.5,85.95999908447266,203200,85.95999908447266
2005-08-05,86.0,85.12000274658203,86.0,85.45999908447266,258300,85.45999908447266
2005-08-08,85.8499984741211,84.19999694824219,85.66000366210938,84.54000091552734,380800,84.54000091552734
2005-08-09,86.12999725341797,84.25,84.55999755859375,85.69000244140625,274800,85.69000244140625
2005-08-10,86.58000183105469,84.77999877929688,85.88999938964844,84.94999694824219,256000,84.94999694824219
2005-08-11,86.2300033569336,85.06999969482422,85.19999694824219,85.55000305175781,171700,85.55000305175781
2005-08-12,85.52999877929688,84.5199966430664,85.4000015258789,85.05000305175781,144100,85.05000305175781
2005-08-15,85.3499984741211,84.2300033569336,85.19999694824219,85.08000183105469,135400,85.08000183105469
2005-08-16,85.25,83.47000122070312,85.05000305175781,84.01000213623047,310600,84.01000213623047
2005-08-17,84.19999694824219,83.44999694824219,83.80000305175781,84.1500015258789,216100,84.1500015258789
2005-08-18,84.06999969482422,83.5,83.91999816894531,83.72000122070312,247700,83.72000122070312
2005-08-19,84.23999786376953,83.5,83.80999755859375,83.94999694824219,126100,83.94999694824219
2005-08-22,84.5,83.62999725341797,84.19999694824219,83.80999755859375,185400,83.80999755859375
2005-08-23,83.80000305175781,82.2300033569336,83.77999877929688,83.27999877929688,158700,83.27999877929688
2005-08-24,84.19999694824219,82.30000305175781,83.19999694824219,82.55000305175781,216800,82.55000305175781
2005-08-25,83.23999786376953,82.25,82.25,82.91000366210938,205600,82.91000366210938
2005-08-26,83.3499984741211,82.25,83.0999984741211,82.2699966430664,218600,82.2699966430664
2005-08-29,82.69999694824219,80.94000244140625,82.19999694824219,82.63999938964844,315500,82.63999938964844
2005-08-30,83.16999816894531,81.61000061035156,82.63999938964844,82.16999816894531,354400,82.16999816894531
2005-08-31,85.58999633789062,81.7699966430664,81.91999816894531,85.37999725341797,613900,85.37999725341797
2005-09-01,85.80000305175781,83.98999786376953,85.26000213623047,84.30000305175781,549900,84.30000305175781
2005-09-02,84.41999816894531,83.3499984741211,84.30000305175781,84.1500015258789,373700,84.1500015258789
2005-09-06,85.19999694824219,84.62000274658203,84.80000305175781,84.80999755859375,157500,84.80999755859375
2005-09-07,86.72000122070312,85.01000213623047,85.01000213623047,86.45999908447266,383500,86.45999908447266
2005-09-08,86.20999908447266,84.23999786376953,86.20999908447266,84.4000015258789,373000,84.4000015258789
2005-09-09,85.18000030517578,84.3499984741211,84.6500015258789,84.97000122070312,258600,84.97000122070312
2005-09-12,84.97000122070312,83.11000061035156,84.97000122070312,83.16000366210938,489100,83.16000366210938
2005-09-13,83.43000030517578,82.19999694824219,83.33999633789062,82.19999694824219,304900,82.19999694824219
2005-09-14,82.55000305175781,82.05999755859375,82.20999908447266,82.29000091552734,340100,82.29000091552734
2005-09-15,82.29000091552734,81.4000015258789,82.29000091552734,81.66999816894531,229700,81.66999816894531
2005-09-16,81.75,80.94999694824219,81.66999816894531,81.05999755859375,695700,81.05999755859375
2005-09-19,81.6500015258789,80.2699966430664,81.1500015258789,80.87000274658203,417600,80.87000274658203
2005-09-20,82.81999969482422,78.19999694824219,82.81999969482422,78.62999725341797,720100,78.62999725341797
2005-09-21,78.62999725341797,76.97000122070312,78.62999725341797,77.02999877929688,449100,77.02999877929688
2005-09-22,78.5,76.94999694824219,77.0999984741211,77.95999908447266,796100,77.95999908447266
2005-09-23,78.1500015258789,77.47000122070312,78.0,77.5999984741211,289700,77.5999984741211
2005-09-26,78.25,77.4000015258789,77.94999694824219,77.56999969482422,268200,77.56999969482422
2005-09-27,78.37999725341797,77.52999877929688,77.56999969482422,78.0,375200,78.0
2005-09-28,80.5,76.19000244140625,76.19000244140625,78.83999633789062,1522400,78.83999633789062
2005-09-29,79.80000305175781,78.06999969482422,78.44999694824219,79.80000305175781,468800,79.80000305175781
2005-09-30,80.44999694824219,79.69999694824219,79.80000305175781,80.25,265900,80.25
2005-10-03,80.91000366210938,78.98999786376953,80.8499984741211,79.4000015258789,391200,79.4000015258789
2005-10-04,80.3499984741211,78.98999786376953,79.55000305175781,79.0,248800,79.0
2005-10-05,79.0,77.25,78.98999786376953,77.76000213623047,621100,77.76000213623047
2005-10-06,78.38999938964844,77.01000213623047,77.77999877929688,77.30999755859375,554400,77.30999755859375
2005-10-07,78.25,77.66999816894531,77.69999694824219,78.06999969482422,433700,78.06999969482422
2005-10-10,79.1500015258789,78.0999984741211,78.19999694824219,78.26000213623047,309700,78.26000213623047
2005-10-11,78.51000213623047,77.27999877929688,78.51000213623047,77.37999725341797,481900,77.37999725341797
2005-10-12,77.77999877929688,77.19999694824219,77.37000274658203,77.69000244140625,636700,77.69000244140625
2005-10-13,77.33000183105469,76.0,77.19999694824219,76.1500015258789,606600,76.1500015258789
2005-10-14,77.30000305175781,75.97000122070312,77.0,76.94999694824219,417900,76.94999694824219
2005-10-17,77.68000030517578,76.01000213623047,77.0199966430664,77.68000030517578,384800,77.68000030517578
2005-10-18,77.79000091552734,75.30999755859375,77.68000030517578,75.5,970700,75.5
2005-10-19,77.19000244140625,74.55000305175781,75.5,77.12000274658203,812300,77.12000274658203
2005-10-20,78.62999725341797,76.51000213623047,77.12000274658203,77.62000274658203,616200,77.62000274658203
2005-10-21,78.37000274658203,76.3499984741211,77.8499984741211,76.73999786376953,419500,76.73999786376953
2005-10-24,79.4000015258789,76.83999633789062,76.83999633789062,79.4000015258789,359600,79.4000015258789
2005-10-25,79.30000305175781,77.1500015258789,79.30000305175781,77.7300033569336,322100,77.7300033569336
2005-10-26,77.66000366210938,76.55999755859375,77.6500015258789,76.7300033569336,237200,76.7300033569336
2005-10-27,76.72000122070312,75.22000122070312,76.72000122070312,75.22000122070312,286100,75.22000122070312
2005-10-28,76.94999694824219,75.22000122070312,75.41999816894531,76.94999694824219,288600,76.94999694824219
2005-10-31,78.3499984741211,77.05000305175781,77.05000305175781,78.05000305175781,245400,78.05000305175781
2005-11-01,79.5199966430664,77.76000213623047,78.05000305175781,79.30000305175781,401900,79.30000305175781
2005-11-02,81.45999908447266,79.20999908447266,79.30999755859375,81.12000274658203,542700,81.12000274658203
2005-11-03,81.87999725341797,80.11000061035156,81.3499984741211,80.43000030517578,218500,80.43000030517578
2005-11-04,80.4800033569336,79.0,80.43000030517578,79.58000183105469,332000,79.58000183105469
2005-11-07,81.30000305175781,79.80000305175781,79.80000305175781,81.18000030517578,230900,81.18000030517578
2005-11-08,80.76000213623047,77.9800033569336,80.75,78.31999969482422,656300,78.31999969482422
2005-11-09,80.22000122070312,78.23999786376953,78.51000213623047,79.61000061035156,496700,79.61000061035156
2005-11-10,82.20999908447266,79.37999725341797,79.75,82.19000244140625,480300,82.19000244140625
2005-11-11,82.94000244140625,81.30000305175781,82.0999984741211,82.25,266200,82.25
2005-11-14,83.9000015258789,81.9800033569336,83.25,82.33000183105469,246800,82.33000183105469
2005-11-15,82.55000305175781,81.33000183105469,82.3499984741211,81.9000015258789,414900,81.9000015258789
2005-11-16,83.63999938964844,81.94999694824219,81.94999694824219,83.0199966430664,504600,83.0199966430664
2005-11-17,83.30000305175781,82.5199966430664,83.08999633789062,83.30000305175781,318500,83.30000305175781
2005-11-18,84.70999908447266,83.69999694824219,84.0,84.37999725341797,349600,84.37999725341797
2005-11-21,85.9800033569336,84.31999969482422,84.38999938964844,85.87999725341797,293700,85.87999725341797
2005-11-22,87.08999633789062,85.29000091552734,85.87999725341797,86.87999725341797,303400,86.87999725341797
2005-11-23,88.19999694824219,86.77999877929688,86.77999877929688,88.01000213623047,337900,88.01000213623047
2005-11-25,88.77999877929688,87.80000305175781,88.26000213623047,88.16000366210938,158800,88.16000366210938
2005-11-28,88.16000366210938,86.51000213623047,88.16000366210938,86.79000091552734,609500,86.79000091552734
2005-11-29,87.0999984741211,86.55999755859375,86.80000305175781,87.0,513500,87.0
2005-11-30,88.25,86.80000305175781,87.0,87.9800033569336,508100,87.9800033569336
2005-12-01,89.70999908447266,88.70999908447266,88.98999786376953,89.41000366210938,414600,89.41000366210938
2005-12-02,89.41000366210938,88.80999755859375,89.3499984741211,89.0,223800,89.0
2005-12-05,89.0,87.79000091552734,89.0,88.95999908447266,326300,88.95999908447266
2005-12-06,89.0,87.86000061035156,89.0,88.44999694824219,187500,88.44999694824219
2005-12-07,88.56999969482422,86.75,88.33000183105469,86.77999877929688,256900,86.77999877929688
2005-12-08,87.08999633789062,85.7699966430664,86.9800033569336,86.05000305175781,427400,86.05000305175781
2005-12-09,87.51000213623047,85.88999938964844,86.5,87.26000213623047,212200,87.26000213623047
2005-12-12,87.6500015258789,86.33000183105469,87.5,87.0,108400,87.0
2005-12-13,88.16999816894531,86.80000305175781,86.9000015258789,87.72000122070312,165100,87.72000122070312
2005-12-14,89.1500015258789,87.75,87.75,88.68000030517578,104800,88.68000030517578
2005-12-15,88.75,87.6500015258789,88.75,88.0,195200,88.0
2005-12-16,89.0999984741211,87.83999633789062,88.18000030517578,87.83999633789062,219600,87.83999633789062
2005-12-19,87.73999786376953,86.05999755859375,87.73999786376953,86.16999816894531,258500,86.16999816894531
2005-12-20,87.4000015258789,85.9000015258789,86.5,86.5,218800,86.5
2005-12-21,88.25,86.93000030517578,87.0999984741211,88.04000091552734,305000,88.04000091552734
2005-12-22,88.0999984741211,86.5,88.0,87.97000122070312,251200,87.97000122070312
2005-12-23,88.37000274658203,87.62000274658203,87.97000122070312,87.94000244140625,121700,87.94000244140625
2005-12-27,88.0999984741211,86.91999816894531,87.9000015258789,87.0999984741211,104200,87.0999984741211
2005-12-28,87.9000015258789,86.91999816894531,87.19999694824219,87.77999877929688,138000,87.77999877929688
2005-12-29,88.29000091552734,87.19999694824219,87.75,87.5999984741211,127200,87.5999984741211
2005-12-30,87.5,85.94000244140625,87.5,86.9800033569336,234900,86.9800033569336
2006-01-03,89.62999725341797,87.0,87.1500015258789,89.5999984741211,600000,89.5999984741211
2006-01-04,90.5,88.86000061035156,89.5,90.13999938964844,380300,90.13999938964844
2006-01-05,90.87999725341797,88.55999755859375,90.19999694824219,89.16000366210938,351000,89.16000366210938
2006-01-06,89.69999694824219,87.8499984741211,89.30000305175781,88.55999755859375,312400,88.55999755859375
2006-01-09,89.5,88.69999694824219,88.75,89.5,390600,89.5
2006-01-10,89.87000274658203,88.9000015258789,89.0,89.80000305175781,242100,89.80000305175781
2006-01-11,89.63999938964844,87.66999816894531,89.5999984741211,88.51000213623047,378900,88.51000213623047
2006-01-12,89.62000274658203,87.25,88.51000213623047,87.44999694824219,289100,87.44999694824219
2006-01-13,88.30999755859375,86.69999694824219,88.30999755859375,87.0199966430664,190200,87.0199966430664
2006-01-17,86.8499984741211,85.88999938964844,86.8499984741211,86.31999969482422,400300,86.31999969482422
2006-01-18,86.55999755859375,85.37000274658203,86.31999969482422,85.87000274658203,603500,85.87000274658203
2006-01-19,86.08999633789062,85.6500015258789,85.94999694824219,86.01000213623047,318700,86.01000213623047
2006-01-20,86.20999908447266,84.5,86.01000213623047,84.6500015258789,428800,84.6500015258789
2006-01-23,84.80000305175781,82.79000091552734,84.80000305175781,83.0,793500,83.0
2006-01-24,83.29000091552734,82.55000305175781,83.0,82.87999725341797,490200,82.87999725341797
2006-01-25,83.4000015258789,82.30000305175781,83.19999694824219,82.62999725341797,303200,82.62999725341797
2006-01-26,83.91000366210938,82.86000061035156,83.19999694824219,83.9000015258789,408900,83.9000015258789
2006-01-27,85.4000015258789,83.9000015258789,84.0,84.68000030517578,406200,84.68000030517578
2006-01-30,84.98999786376953,84.0999984741211,84.75,84.30000305175781,316600,84.30000305175781
2006-01-31,85.19999694824219,83.69999694824219,84.0999984741211,85.04000091552734,323800,85.04000091552734
2006-02-01,85.0,83.91999816894531,85.0,84.2699966430664,391800,84.2699966430664
2006-02-02,84.86000061035156,83.48999786376953,84.33000183105469,83.91000366210938,381800,83.91000366210938
2006-02-03,83.98999786376953,83.33000183105469,83.91000366210938,83.87000274658203,241700,83.87000274658203
2006-02-06,83.87000274658203,82.62000274658203,83.87000274658203,83.33000183105469,466200,83.33000183105469
2006-02-07,83.12999725341797,81.94999694824219,83.12999725341797,82.1500015258789,340600,82.1500015258789
2006-02-08,82.44999694824219,81.9000015258789,82.44999694824219,82.26000213623047,337100,82.26000213623047
2006-02-09,82.70999908447266,81.66000366210938,82.51000213623047,81.69000244140625,310000,81.69000244140625
2006-02-10,81.76000213623047,81.05000305175781,81.75,81.45999908447266,248100,81.45999908447266
2006-02-13,81.41999816894531,80.05000305175781,81.41999816894531,80.62999725341797,402400,80.62999725341797
2006-02-14,83.06999969482422,80.77999877929688,80.94999694824219,82.6500015258789,608300,82.6500015258789
2006-02-15,82.6500015258789,81.62000274658203,82.6500015258789,82.44000244140625,287900,82.44000244140625
2006-02-16,83.05000305175781,82.30000305175781,82.37999725341797,82.9000015258789,352300,82.9000015258789
2006-02-17,83.3499984741211,82.79000091552734,82.9800033569336,83.1500015258789,368100,83.1500015258789
2006-02-21,84.4000015258789,83.13999938964844,83.16999816894531,84.37999725341797,568800,84.37999725341797
2006-02-22,84.98999786376953,83.5,84.19999694824219,83.5,694500,83.5
2006-02-23,84.62000274658203,83.04000091552734,83.4000015258789,84.4000015258789,769400,84.4000015258789
2006-02-24,88.87999725341797,85.19999694824219,86.44999694824219,86.9000015258789,2384700,86.9000015258789
2006-02-27,87.3499984741211,86.33999633789062,86.83999633789062,86.68000030517578,607200,86.68000030517578
2006-02-28,87.05000305175781,86.0,86.44999694824219,86.51000213623047,504600,86.51000213623047
2006-03-01,87.25,86.19999694824219,86.31999969482422,87.05000305175781,357500,87.05000305175781
2006-03-02,87.4000015258789,86.94000244140625,87.0,87.4000015258789,300500,87.4000015258789
2006-03-03,88.25,87.1500015258789,87.25,87.43000030517578,579900,87.43000030517578
2006-03-06,87.48999786376953,86.77999877929688,87.41999816894531,87.0,714600,87.0
2006-03-07,86.91000366210938,85.36000061035156,86.9000015258789,86.55000305175781,738000,86.55000305175781
2006-03-08,87.37000274658203,86.0999984741211,86.44999694824219,86.97000122070312,425400,86.97000122070312
2006-03-09,86.94000244140625,86.33999633789062,86.83000183105469,86.51000213623047,376800,86.51000213623047
2006-03-10,87.05000305175781,86.4000015258789,86.8499984741211,86.8499984741211,245700,86.8499984741211
2006-03-13,87.6500015258789,86.01000213623047,87.25,86.1500015258789,285400,86.1500015258789
2006-03-14,87.11000061035156,85.9800033569336,86.1500015258789,86.30000305175781,412300,86.30000305175781
2006-03-15,86.8499984741211,86.19999694824219,86.3499984741211,86.79000091552734,454100,86.79000091552734
2006-03-16,87.31999969482422,86.66999816894531,87.05000305175781,87.05999755859375,295800,87.05999755859375
2006-03-17,87.81999969482422,87.16000366210938,87.5,87.43000030517578,329600,87.43000030517578
2006-03-20,87.62000274658203,86.30999755859375,87.43000030517578,87.04000091552734,443400,87.04000091552734
2006-03-21,87.58000183105469,86.30999755859375,87.02999877929688,86.43000030517578,173700,86.43000030517578
2006-03-22,86.8499984741211,86.0,86.37999725341797,86.2300033569336,270700,86.2300033569336
2006-03-23,86.66999816894531,85.72000122070312,86.19999694824219,85.86000061035156,472300,85.86000061035156
2006-03-24,86.5199966430664,85.30000305175781,85.86000061035156,86.33999633789062,296800,86.33999633789062
2006-03-27,86.69999694824219,85.6500015258789,86.33999633789062,85.80999755859375,281600,85.80999755859375
2006-03-28,86.75,85.5999984741211,86.0999984741211,85.75,307500,85.75
2006-03-29,86.55999755859375,85.5999984741211,85.97000122070312,86.55000305175781,226600,86.55000305175781
2006-03-30,86.55999755859375,85.02999877929688,86.55999755859375,85.31999969482422,336600,85.31999969482422
2006-03-31,82.94999694824219,80.5,81.75,80.72000122070312,2451100,80.72000122070312
2006-04-03,81.5,79.73999786376953,81.0,79.98999786376953,1284800,79.98999786376953
2006-04-04,79.98999786376953,79.0999984741211,79.98999786376953,79.52999877929688,801500,79.52999877929688
2006-04-05,80.5,79.52999877929688,79.52999877929688,80.19000244140625,487600,80.19000244140625
2006-04-06,80.16999816894531,79.80000305175781,80.0,79.94000244140625,401000,79.94000244140625
2006-04-07,80.41000366210938,79.7300033569336,80.0,79.75,526700,79.75
2006-04-10,79.52999877929688,78.91999816894531,79.5,79.18000030517578,435700,79.18000030517578
2006-04-11,79.3499984741211,78.44999694824219,79.2300033569336,78.62999725341797,661200,78.62999725341797
2006-04-12,78.79000091552734,78.2300033569336,78.62999725341797,78.62000274658203,366200,78.62000274658203
2006-04-13,79.16000366210938,78.20999908447266,78.41999816894531,78.87999725341797,263300,78.87999725341797
2006-04-17,78.91000366210938,78.33999633789062,78.80000305175781,78.45999908447266,323600,78.45999908447266
2006-04-18,79.05000305175781,78.38999938964844,78.69999694824219,78.38999938964844,663200,78.38999938964844
2006-04-19,78.8499984741211,78.23999786376953,78.4000015258789,78.58000183105469,400100,78.58000183105469
2006-04-20,79.05000305175781,78.26000213623047,78.4000015258789,78.8499984741211,255400,78.8499984741211
2006-04-21,79.75,78.3499984741211,79.18000030517578,78.6500015258789,310800,78.6500015258789
2006-04-24,78.6500015258789,77.79000091552734,78.5999984741211,77.91000366210938,615200,77.91000366210938
2006-04-25,78.05000305175781,77.30000305175781,77.8499984741211,77.69999694824219,368100,77.69999694824219
2006-04-26,78.87999725341797,77.80000305175781,77.8499984741211,78.1500015258789,393200,78.1500015258789
2006-04-27,78.7699966430664,77.5999984741211,78.1500015258789,77.8499984741211,568800,77.8499984741211
2006-04-28,81.0999984741211,77.83000183105469,77.83999633789062,80.0999984741211,981800,80.0999984741211
2006-05-01,80.19999694824219,77.72000122070312,80.05000305175781,78.02999877929688,640500,78.02999877929688
2006-05-02,78.5,77.75,78.30000305175781,77.77999877929688,354600,77.77999877929688
2006-05-03,78.29000091552734,76.73999786376953,77.87999725341797,76.75,534800,76.75
2006-05-04,77.4000015258789,76.56999969482422,76.9800033569336,76.9000015258789,248600,76.9000015258789
2006-05-05,77.3499984741211,76.20999908447266,77.25,77.22000122070312,393800,77.22000122070312
2006-05-08,77.81999969482422,76.5,77.1500015258789,76.80999755859375,420300,76.80999755859375
2006-05-09,77.58999633789062,76.73999786376953,76.80000305175781,77.18000030517578,358500,77.18000030517578
2006-05-10,77.83000183105469,77.05000305175781,77.18000030517578,77.6500015258789,403700,77.6500015258789
2006-05-11,77.94999694824219,77.37999725341797,77.8499984741211,77.5999984741211,709200,77.5999984741211
2006-05-12,77.77999877929688,76.4800033569336,77.55000305175781,76.5,670000,76.5
2006-05-15,76.44999694824219,75.4800033569336,75.69999694824219,76.30000305175781,793000,76.30000305175781
2006-05-16,76.30999755859375,74.2300033569336,76.30000305175781,75.51000213623047,1441800,75.51000213623047
2006-05-17,75.9000015258789,74.9000015258789,75.4000015258789,75.4000015258789,1015900,75.4000015258789
2006-05-18,76.1500015258789,75.5199966430664,75.5199966430664,75.83000183105469,544700,75.83000183105469
2006-05-19,76.19999694824219,74.9000015258789,76.02999877929688,75.56999969482422,534000,75.56999969482422
2006-05-22,75.86000061035156,74.31999969482422,75.44999694824219,75.51000213623047,606300,75.51000213623047
2006-05-23,75.66000366210938,73.80000305175781,75.5999984741211,73.80000305175781,828200,73.80000305175781
2006-05-24,75.05999755859375,73.13999938964844,73.80999755859375,74.12999725341797,710700,74.12999725341797
2006-05-25,74.76000213623047,74.30000305175781,74.75,74.63999938964844,449400,74.63999938964844
2006-05-26,75.3499984741211,74.48999786376953,75.3499984741211,75.08000183105469,311000,75.08000183105469
2006-05-30,75.08000183105469,73.30000305175781,75.08000183105469,73.52999877929688,684000,73.52999877929688
2006-05-31,74.7300033569336,73.19000244140625,73.69999694824219,73.69999694824219,545700,73.69999694824219
2006-06-01,74.61000061035156,73.66000366210938,73.77999877929688,74.3499984741211,416400,74.3499984741211
2006-06-02,74.61000061035156,73.0199966430664,74.41000366210938,73.7699966430664,539700,73.7699966430664
2006-06-05,73.94999694824219,73.2699966430664,73.72000122070312,73.33999633789062,546000,73.33999633789062
2006-06-06,73.45999908447266,71.12999725341797,73.33999633789062,72.0199966430664,1152400,72.0199966430664
2006-06-07,73.3499984741211,71.0999984741211,72.0199966430664,71.20999908447266,672600,71.20999908447266
2006-06-08,71.37000274658203,69.83999633789062,71.20999908447266,71.20999908447266,638500,71.20999908447266
2006-06-09,72.0999984741211,70.94999694824219,71.3499984741211,71.66000366210938,450400,71.66000366210938
2006-06-12,72.20999908447266,70.44999694824219,71.69999694824219,70.62999725341797,641600,70.62999725341797
2006-06-13,71.12000274658203,69.69999694824219,70.5,69.7300033569336,1568100,69.7300033569336
2006-06-14,70.0999984741211,69.47000122070312,69.73999786376953,69.94000244140625,505500,69.94000244140625
2006-06-15,71.30999755859375,70.05000305175781,70.30000305175781,70.98999786376953,604200,70.98999786376953
2006-06-16,71.26000213623047,70.72000122070312,71.19999694824219,70.94999694824219,436900,70.94999694824219
2006-06-19,71.11000061035156,70.08000183105469,71.01000213623047,70.3499984741211,677200,70.3499984741211
2006-06-20,71.16999816894531,70.1500015258789,70.1500015258789,70.7300033569336,450800,70.7300033569336
2006-06-21,72.23999786376953,70.62000274658203,70.6500015258789,72.01000213623047,561900,72.01000213623047
2006-06-22,71.87000274658203,70.97000122070312,71.86000061035156,71.5999984741211,326900,71.5999984741211
2006-06-23,71.98999786376953,71.0999984741211,71.61000061035156,71.38999938964844,373500,71.38999938964844
2006-06-26,71.33999633789062,70.66999816894531,71.30000305175781,71.0,363400,71.0
2006-06-27,71.19000244140625,69.80000305175781,71.18000030517578,70.06999969482422,338100,70.06999969482422
2006-06-28,70.62000274658203,69.75,70.2300033569336,70.33999633789062,378200,70.33999633789062
2006-06-29,71.44000244140625,70.12000274658203,70.5999984741211,71.37000274658203,358100,71.37000274658203
2006-06-30,71.8499984741211,70.13999938964844,71.55999755859375,70.3499984741211,356500,70.3499984741211
2006-07-03,71.0,70.30000305175781,70.54000091552734,70.83000183105469,153700,70.83000183105469
2006-07-05,70.75,69.0,70.73999786376953,69.23999786376953,548100,69.23999786376953
2006-07-06,69.25,68.5,69.1500015258789,68.91999816894531,468600,68.91999816894531
2006-07-07,69.62000274658203,68.29000091552734,68.91999816894531,68.37999725341797,554200,68.37999725341797
2006-07-10,69.37999725341797,68.6500015258789,68.6500015258789,69.05999755859375,270800,69.05999755859375
2006-07-11,69.1500015258789,68.19999694824219,69.11000061035156,68.79000091552734,520100,68.79000091552734
2006-07-12,69.20999908447266,67.87000274658203,68.72000122070312,68.08999633789062,525400,68.08999633789062
2006-07-13,68.22000122070312,66.93000030517578,68.05000305175781,67.2300033569336,532200,67.2300033569336
2006-07-14,67.16000366210938,65.93000030517578,67.1500015258789,66.05000305175781,690600,66.05000305175781
2006-07-17,66.43000030517578,65.54000091552734,66.12000274658203,65.70999908447266,625800,65.70999908447266
2006-07-18,65.83999633789062,64.5199966430664,65.6500015258789,65.1500015258789,551000,65.1500015258789
2006-07-19,67.04000091552734,65.1500015258789,65.25,66.9000015258789,528400,66.9000015258789
2006-07-20,67.12000274658203,64.4000015258789,66.91000366210938,65.0,835100,65.0
2006-07-21,65.69999694824219,62.79999923706055,64.9000015258789,65.51000213623047,1567000,65.51000213623047
2006-07-24,67.55000305175781,65.98999786376953,66.0,66.55000305175781,694400,66.55000305175781
2006-07-25,67.81999969482422,66.19999694824219,66.44999694824219,67.25,604600,67.25
2006-07-26,67.30000305175781,66.58000183105469,67.22000122070312,67.26000213623047,791400,67.26000213623047
2006-07-27,67.87999725341797,65.37999725341797,67.25,65.87000274658203,706800,65.87000274658203
2006-07-28,72.54000091552734,68.7300033569336,71.79000091552734,69.95999908447266,3014300,69.95999908447266
2006-07-31,69.36000061035156,68.12999725341797,69.25,69.0199966430664,543100,69.0199966430664
2006-08-01,68.91999816894531,67.47000122070312,68.91999816894531,67.70999908447266,685500,67.70999908447266
2006-08-02,68.72000122070312,67.68000030517578,67.76000213623047,68.72000122070312,449300,68.72000122070312
2006-08-03,70.31999969482422,68.19999694824219,68.62999725341797,70.19999694824219,626000,70.19999694824219
2006-08-04,71.94999694824219,69.19999694824219,71.0999984741211,69.83000183105469,480700,69.83000183105469
2006-08-07,69.87999725341797,68.5,69.81999969482422,69.55000305175781,647600,69.55000305175781
2006-08-08,69.97000122070312,68.20999908447266,69.5999984741211,68.83999633789062,488600,68.83999633789062
2006-08-09,68.94999694824219,66.04000091552734,68.94999694824219,66.8499984741211,1114400,66.8499984741211
2006-08-10,67.8499984741211,66.5,66.7699966430664,67.18000030517578,351400,67.18000030517578
2006-08-11,67.19000244140625,66.58000183105469,67.18000030517578,66.7699966430664,272500,66.7699966430664
2006-08-14,68.30000305175781,65.88999938964844,65.88999938964844,67.1500015258789,378700,67.1500015258789
2006-08-15,68.94999694824219,68.0,68.0,68.86000061035156,413700,68.86000061035156
2006-08-16,69.25,68.05999755859375,68.98999786376953,68.4000015258789,518600,68.4000015258789
2006-08-17,70.1500015258789,68.38999938964844,68.44999694824219,70.02999877929688,729400,70.02999877929688
2006-08-18,71.3499984741211,70.30000305175781,70.30000305175781,70.8499984741211,617700,70.8499984741211
2006-08-21,71.41999816894531,70.69000244140625,70.9000015258789,70.8499984741211,636000,70.8499984741211
2006-08-22,71.12000274658203,70.33999633789062,70.8499984741211,70.44999694824219,292800,70.44999694824219
2006-08-23,70.83000183105469,69.30000305175781,70.75,69.5,327700,69.5
2006-08-24,70.44000244140625,68.66000366210938,69.69999694824219,68.76000213623047,754500,68.76000213623047
2006-08-25,68.81999969482422,67.98999786376953,68.76000213623047,68.2300033569336,607500,68.2300033569336
2006-08-28,69.70999908447266,68.2699966430664,68.2699966430664,69.4800033569336,585500,69.4800033569336
2006-08-29,70.0999984741211,69.04000091552734,69.5999984741211,69.66000366210938,447200,69.66000366210938
2006-08-30,70.36000061035156,69.25,69.66000366210938,70.13999938964844,371300,70.13999938964844
2006-08-31,70.87999725341797,70.06999969482422,70.75,70.87999725341797,398900,70.87999725341797
2006-09-01,71.83000183105469,70.4000015258789,70.94999694824219,71.58000183105469,432600,71.58000183105469
2006-09-05,71.98999786376953,71.0999984741211,71.58000183105469,71.45999908447266,335800,71.45999908447266
2006-09-06,71.30000305175781,69.91000366210938,71.30000305175781,70.36000061035156,462200,70.36000061035156
2006-09-07,71.0,69.25,69.94999694824219,70.5199966430664,481500,70.5199966430664
2006-09-08,71.77999877929688,70.2300033569336,70.6500015258789,71.54000091552734,396800,71.54000091552734
2006-09-11,75.20999908447266,71.55000305175781,71.55000305175781,74.45999908447266,942000,74.45999908447266
2006-09-12,75.41999816894531,74.30000305175781,74.48999786376953,75.02999877929688,717700,75.02999877929688
2006-09-13,75.75,74.7300033569336,75.19999694824219,75.01000213623047,635000,75.01000213623047
2006-09-14,75.55999755859375,73.80000305175781,75.0,75.36000061035156,467000,75.36000061035156
2006-09-15,77.18000030517578,75.55000305175781,75.6500015258789,76.2699966430664,961200,76.2699966430664
2006-09-18,76.58999633789062,74.8499984741211,76.05000305175781,75.30999755859375,540000,75.30999755859375
2006-09-19,75.06999969482422,73.5,75.05999755859375,74.12000274658203,519600,74.12000274658203
2006-09-20,74.5999984741211,72.75,74.12000274658203,72.88999938964844,1246000,72.88999938964844
2006-09-21,73.4800033569336,72.5999984741211,72.9800033569336,72.98999786376953,998500,72.98999786376953
2006-09-22,73.62999725341797,72.01000213623047,72.88999938964844,73.54000091552734,532800,73.54000091552734
2006-09-25,74.30999755859375,72.1500015258789,73.54000091552734,73.68000030517578,545700,73.68000030517578
2006-09-26,75.0,73.23999786376953,73.52999877929688,74.88999938964844,400100,74.88999938964844
2006-09-27,75.69999694824219,73.9000015258789,74.88999938964844,73.94000244140625,772700,73.94000244140625
2006-09-28,75.41999816894531,73.54000091552734,73.94999694824219,74.87999725341797,591200,74.87999725341797
2006-09-29,75.69000244140625,74.38999938964844,74.9000015258789,74.44999694824219,427700,74.44999694824219
2006-10-02,75.94000244140625,74.4000015258789,74.44999694824219,75.2699966430664,465100,75.2699966430664
2006-10-03,75.9000015258789,73.83000183105469,75.26000213623047,75.0999984741211,365000,75.0999984741211
2006-10-04,76.69999694824219,74.62000274658203,74.97000122070312,76.11000061035156,466400,76.11000061035156
2006-10-05,76.18000030517578,75.12000274658203,76.11000061035156,76.0,442300,76.0
2006-10-06,76.9000015258789,75.41999816894531,76.0,76.75,568500,76.75
2006-10-09,78.2300033569336,76.41999816894531,76.6500015258789,78.19000244140625,670800,78.19000244140625
2006-10-10,79.4000015258789,78.02999877929688,78.41000366210938,78.62999725341797,495000,78.62999725341797
2006-10-11,79.13999938964844,77.77999877929688,78.5999984741211,78.51000213623047,294700,78.51000213623047
2006-10-12,79.63999938964844,78.44999694824219,78.66999816894531,79.23999786376953,518600,79.23999786376953
2006-10-13,79.05000305175781,78.05999755859375,79.04000091552734,78.58000183105469,623200,78.58000183105469
2006-10-16,78.4000015258789,77.26000213623047,77.9000015258789,77.91000366210938,862200,77.91000366210938
2006-10-17,77.83000183105469,76.08999633789062,77.83000183105469,76.66999816894531,645400,76.66999816894531
2006-10-18,77.5999984741211,76.63999938964844,76.79000091552734,76.68000030517578,448600,76.68000030517578
2006-10-19,76.73999786376953,75.7300033569336,76.5199966430664,75.98999786376953,315700,75.98999786376953
2006-10-20,75.98999786376953,74.55000305175781,75.98999786376953,74.98999786376953,836100,74.98999786376953
2006-10-23,76.1500015258789,74.83999633789062,75.0,75.81999969482422,673300,75.81999969482422
2006-10-24,76.30000305175781,75.16999816894531,75.33000183105469,75.58999633789062,327700,75.58999633789062
2006-10-25,75.47000122070312,74.54000091552734,75.19999694824219,74.70999908447266,515000,74.70999908447266
2006-10-26,79.5,74.76000213623047,74.80999755859375,77.79000091552734,1123400,77.79000091552734
2006-10-27,77.93000030517578,73.20999908447266,75.55000305175781,73.5999984741211,2330000,73.5999984741211
2006-10-30,73.61000061035156,71.5,73.5999984741211,71.72000122070312,1486000,71.72000122070312
2006-10-31,73.0999984741211,71.80999755859375,71.80999755859375,72.69999694824219,1033800,72.69999694824219
2006-11-01,73.2699966430664,71.9000015258789,72.9000015258789,72.30999755859375,812700,72.30999755859375
2006-11-02,72.4800033569336,71.05000305175781,72.11000061035156,71.12000274658203,594800,71.12000274658203
2006-11-03,71.48999786376953,70.0199966430664,71.18000030517578,70.2300033569336,568100,70.2300033569336
2006-11-06,71.30999755859375,70.11000061035156,70.51000213623047,70.75,571900,70.75
2006-11-07,71.36000061035156,70.0,70.5,70.19999694824219,897200,70.19999694824219
2006-11-08,70.80999755859375,70.05999755859375,70.19999694824219,70.5999984741211,1225700,70.5999984741211
2006-11-09,71.47000122070312,70.68000030517578,70.69999694824219,71.0999984741211,702900,71.0999984741211
2006-11-10,72.19000244140625,71.1500015258789,71.1500015258789,72.16000366210938,393500,72.16000366210938
2006-11-13,73.20999908447266,72.12999725341797,72.36000061035156,72.62999725341797,354400,72.62999725341797
2006-11-14,73.56999969482422,72.19000244140625,73.4000015258789,73.47000122070312,520700,73.47000122070312
2006-11-15,74.94000244140625,73.6500015258789,73.66999816894531,74.83000183105469,700100,74.83000183105469
2006-11-16,76.31999969482422,75.30999755859375,75.3499984741211,76.06999969482422,825300,76.06999969482422
2006-11-17,76.13999938964844,75.54000091552734,76.05999755859375,75.97000122070312,778500,75.97000122070312
2006-11-20,76.33999633789062,75.1500015258789,75.97000122070312,76.06999969482422,469100,76.06999969482422
2006-11-21,76.62999725341797,75.9000015258789,76.06999969482422,76.44999694824219,239300,76.44999694824219
2006-11-22,76.69000244140625,75.9000015258789,76.44999694824219,76.5199966430664,273900,76.5199966430664
2006-11-24,76.58000183105469,75.7699966430664,76.31999969482422,76.37999725341797,136600,76.37999725341797
2006-11-27,76.19999694824219,74.37999725341797,76.19999694824219,74.5999984741211,641500,74.5999984741211
2006-11-28,75.23999786376953,74.13999938964844,74.4000015258789,74.79000091552734,320800,74.79000091552734
2006-11-29,75.9800033569336,74.94000244140625,75.19999694824219,75.44999694824219,253300,75.44999694824219
2006-11-30,77.69999694824219,74.9000015258789,75.44999694824219,77.43000030517578,651100,77.43000030517578
2006-12-01,78.2699966430664,76.25,77.75,77.19999694824219,718100,77.19999694824219
2006-12-04,78.63999938964844,76.93000030517578,77.19999694824219,78.38999938964844,666100,78.38999938964844
2006-12-05,78.7699966430664,78.05999755859375,78.43000030517578,78.25,392900,78.25
2006-12-06,78.9000015258789,77.30000305175781,78.4000015258789,77.56999969482422,498700,77.56999969482422
2006-12-07,78.33000183105469,76.9000015258789,77.55000305175781,77.66999816894531,396100,77.66999816894531
2006-12-08,78.29000091552734,76.80999755859375,77.72000122070312,77.26000213623047,455600,77.26000213623047
2006-12-11,77.8499984741211,76.7300033569336,77.05000305175781,77.25,238800,77.25
2006-12-12,77.38999938964844,76.6500015258789,77.1500015258789,77.29000091552734,260000,77.29000091552734
2006-12-13,78.1500015258789,76.91999816894531,77.44999694824219,77.11000061035156,379700,77.11000061035156
2006-12-14,78.80999755859375,77.08999633789062,77.08999633789062,78.29000091552734,269200,78.29000091552734
2006-12-15,78.30000305175781,75.9000015258789,78.29000091552734,76.0199966430664,1065200,76.0199966430664
2006-12-18,77.58000183105469,75.9000015258789,76.91000366210938,76.04000091552734,420200,76.04000091552734
2006-12-19,76.05000305175781,74.4000015258789,76.01000213623047,74.69999694824219,895500,74.69999694824219
2006-12-20,75.27999877929688,74.5199966430664,74.70999908447266,74.94000244140625,356600,74.94000244140625
2006-12-21,75.69000244140625,74.45999908447266,74.94999694824219,74.76000213623047,344200,74.76000213623047
2006-12-22,75.66999816894531,74.04000091552734,74.9800033569336,74.2699966430664,204600,74.2699966430664
2006-12-26,74.98999786376953,73.83000183105469,74.25,74.95999908447266,158400,74.95999908447266
2006-12-27,75.4800033569336,74.91999816894531,75.0,75.37999725341797,137700,75.37999725341797
2006-12-28,75.9000015258789,75.11000061035156,75.38999938964844,75.58000183105469,258600,75.58000183105469
2006-12-29,75.58000183105469,74.76000213623047,75.58000183105469,74.86000061035156,190200,74.86000061035156
2007-01-03,77.23999786376953,75.1500015258789,75.45999908447266,76.0999984741211,626100,76.0999984741211
2007-01-04,77.36000061035156,75.62999725341797,76.0,77.13999938964844,560800,77.13999938964844
2007-01-05,77.04000091552734,75.95999908447266,77.04000091552734,76.05000305175781,498800,76.05000305175781
2007-01-08,76.38999938964844,75.52999877929688,76.30000305175781,76.08999633789062,314300,76.08999633789062
2007-01-09,76.45999908447266,76.05000305175781,76.19999694824219,76.30000305175781,400300,76.30000305175781
2007-01-10,77.68000030517578,75.41999816894531,76.08999633789062,77.5,402500,77.5
2007-01-11,79.16999816894531,77.58999633789062,77.69999694824219,79.08000183105469,710000,79.08000183105469
2007-01-12,79.3499984741211,78.43000030517578,78.8499984741211,79.25,625000,79.25
2007-01-16,79.37000274658203,77.81999969482422,79.0,78.18000030517578,1010600,78.18000030517578
2007-01-17,78.47000122070312,77.04000091552734,78.18000030517578,77.08000183105469,553300,77.08000183105469
2007-01-18,77.86000061035156,77.02999877929688,77.2699966430664,77.2300033569336,546100,77.2300033569336
2007-01-19,78.41000366210938,76.6500015258789,76.95999908447266,78.37999725341797,743100,78.37999725341797
2007-01-22,79.05000305175781,78.2699966430664,78.4800033569336,78.75,521200,78.75
2007-01-23,80.0,78.56999969482422,78.75,79.86000061035156,675000,79.86000061035156
2007-01-24,80.37000274658203,79.5199966430664,79.86000061035156,80.30000305175781,336400,80.30000305175781
2007-01-25,80.19999694824219,79.0,80.08000183105469,79.55999755859375,427200,79.55999755859375
2007-01-26,80.18000030517578,78.0999984741211,79.58999633789062,78.5199966430664,646700,78.5199966430664
2007-01-29,79.51000213623047,78.33000183105469,78.5199966430664,79.0199966430664,499300,79.0199966430664
2007-01-30,79.4000015258789,78.1500015258789,79.2699966430664,78.19999694824219,462400,78.19999694824219
2007-01-31,82.98999786376953,77.9000015258789,77.9000015258789,82.41999816894531,1435700,82.41999816894531
2007-02-01,86.41000366210938,82.41999816894531,82.41999816894531,85.79000091552734,2285400,85.79000091552734
2007-02-02,87.76000213623047,85.12000274658203,85.79000091552734,86.88999938964844,1275000,86.88999938964844
2007-02-05,87.5999984741211,85.77999877929688,87.5,86.0,620900,86.0
2007-02-06,87.12000274658203,85.91999816894531,86.08999633789062,86.9800033569336,469600,86.9800033569336
2007-02-07,86.72000122070312,84.51000213623047,86.72000122070312,85.41000366210938,856600,85.41000366210938
2007-02-08,85.41000366210938,83.36000061035156,85.41000366210938,83.48999786376953,1120500,83.48999786376953
2007-02-09,84.0999984741211,82.4000015258789,83.54000091552734,82.87999725341797,663300,82.87999725341797
2007-02-12,83.70999908447266,82.68000030517578,83.44999694824219,83.69999694824219,564300,83.69999694824219
2007-02-13,84.3499984741211,82.80999755859375,83.80000305175781,84.0,336200,84.0
2007-02-14,84.87000274658203,83.80000305175781,84.02999877929688,84.41000366210938,521700,84.41000366210938
2007-02-15,84.7699966430664,83.77999877929688,84.41000366210938,84.62999725341797,726400,84.62999725341797
2007-02-16,94.30000305175781,88.30999755859375,88.7300033569336,93.88999938964844,6707700,93.88999938964844
2007-02-20,94.3499984741211,92.5999984741211,93.88999938964844,93.77999877929688,1697500,93.77999877929688
2007-02-21,94.29000091552734,93.04000091552734,93.58000183105469,93.6500015258789,740800,93.6500015258789
2007-02-22,93.6500015258789,92.44999694824219,93.6500015258789,92.91999816894531,604700,92.91999816894531
2007-02-23,93.02999877929688,92.16999816894531,92.70999908447266,92.94999694824219,531800,92.94999694824219
2007-02-26,92.80000305175781,89.5,92.80000305175781,90.80000305175781,918100,90.80000305175781
2007-02-27,90.1500015258789,87.0,90.0,88.75,1166800,88.75
2007-02-28,88.44999694824219,86.23999786376953,88.3499984741211,87.5199966430664,894500,87.5199966430664
2007-03-01,87.87000274658203,84.63999938964844,87.5199966430664,87.75,979200,87.75
2007-03-02,87.6500015258789,86.2300033569336,87.6500015258789,87.0,579000,87.0
2007-03-05,86.77999877929688,84.87000274658203,86.0,85.05999755859375,790200,85.05999755859375
2007-03-06,86.19999694824219,84.75,85.45999908447266,85.70999908447266,636200,85.70999908447266
2007-03-07,86.56999969482422,85.29000091552734,85.69000244140625,85.66999816894531,554600,85.66999816894531
2007-03-08,87.5199966430664,85.95999908447266,86.25,87.23999786376953,553000,87.23999786376953
2007-03-09,87.98999786376953,85.70999908447266,87.5999984741211,86.86000061035156,337900,86.86000061035156
2007-03-12,86.86000061035156,84.72000122070312,86.86000061035156,85.12000274658203,607400,85.12000274658203
2007-03-13,85.68000030517578,83.19000244140625,84.95999908447266,83.30000305175781,1122400,83.30000305175781
2007-03-14,84.37000274658203,81.12000274658203,83.55000305175781,83.19999694824219,1242100,83.19999694824219
2007-03-15,84.80000305175781,83.22000122070312,83.23999786376953,84.13999938964844,516100,84.13999938964844
2007-03-16,84.61000061035156,82.68000030517578,84.29000091552734,83.12000274658203,677800,83.12000274658203
2007-03-19,85.30000305175781,83.55000305175781,83.55000305175781,84.75,824500,84.75
2007-03-20,85.56999969482422,84.20999908447266,84.77999877929688,85.41999816894531,433200,85.41999816894531
2007-03-21,87.69999694824219,84.83999633789062,85.66999816894531,87.20999908447266,598000,87.20999908447266
2007-03-22,87.20999908447266,84.88999938964844,87.20999908447266,85.80000305175781,941200,85.80000305175781
2007-03-23,86.13999938964844,85.41000366210938,85.80999755859375,85.48999786376953,614000,85.48999786376953
2007-03-26,86.33999633789062,83.63999938964844,85.43000030517578,84.80999755859375,629500,84.80999755859375
2007-03-27,84.80999755859375,83.19999694824219,84.80999755859375,83.5,570600,83.5
2007-03-28,83.26000213623047,81.5,83.25,82.4800033569336,1027700,82.4800033569336
2007-03-29,83.05999755859375,81.30000305175781,83.05999755859375,82.23999786376953,473600,82.23999786376953
2007-03-30,83.45999908447266,81.30999755859375,82.48999786376953,82.05000305175781,456700,82.05000305175781
2007-04-02,82.93000030517578,81.27999877929688,82.4000015258789,82.31999969482422,569700,82.31999969482422
2007-04-03,82.45999908447266,81.41999816894531,82.45999908447266,82.13999938964844,898300,82.13999938964844
2007-04-04,82.44000244140625,81.98999786376953,82.2699966430664,82.27999877929688,433200,82.27999877929688
2007-04-05,82.9000015258789,82.20999908447266,82.27999877929688,82.56999969482422,357500,82.56999969482422
2007-04-09,83.18000030517578,82.20999908447266,82.7699966430664,83.06999969482422,411000,83.06999969482422
2007-04-10,84.12000274658203,83.0,83.11000061035156,84.0999984741211,585700,84.0999984741211
2007-04-11,84.55999755859375,83.29000091552734,84.19999694824219,83.79000091552734,968300,83.79000091552734
2007-04-12,85.05000305175781,83.23999786376953,83.77999877929688,85.0199966430664,519200,85.0199966430664
2007-04-13,85.94999694824219,84.4000015258789,85.12999725341797,85.3499984741211,535700,85.3499984741211
2007-04-16,86.91999816894531,85.55999755859375,85.76000213623047,86.31999969482422,412800,86.31999969482422
2007-04-17,87.47000122070312,86.2300033569336,86.55000305175781,86.80000305175781,511700,86.80000305175781
2007-04-18,89.5999984741211,85.91999816894531,87.30000305175781,89.05000305175781,1050000,89.05000305175781
2007-04-19,89.91999816894531,87.76000213623047,88.80000305175781,89.0,937600,89.0
2007-04-20,94.5,89.94999694824219,93.48999786376953,92.63999938964844,2759000,92.63999938964844
2007-04-23,92.48999786376953,91.12000274658203,92.38999938964844,91.33999633789062,754900,91.33999633789062
2007-04-24,92.05000305175781,89.75,91.29000091552734,91.61000061035156,979500,91.61000061035156
2007-04-25,93.25,90.8499984741211,92.0,93.08000183105469,727400,93.08000183105469
2007-04-26,93.9000015258789,92.3499984741211,92.87999725341797,93.41999816894531,660400,93.41999816894531
2007-04-27,93.16999816894531,91.44000244140625,93.16999816894531,92.0199966430664,526100,92.0199966430664
2007-04-30,92.30000305175781,90.16000366210938,91.9000015258789,90.16000366210938,589800,90.16000366210938
2007-05-01,90.87000274658203,88.41000366210938,90.30000305175781,90.83999633789062,864500,90.83999633789062
2007-05-02,92.58999633789062,90.69999694824219,90.83000183105469,91.88999938964844,461400,91.88999938964844
2007-05-03,92.33000183105469,91.2699966430664,92.0,91.95999908447266,318100,91.95999908447266
2007-05-04,93.19999694824219,91.69000244140625,92.1500015258789,92.9800033569336,601200,92.9800033569336
2007-05-07,93.77999877929688,92.33000183105469,92.9800033569336,92.77999877929688,293000,92.77999877929688
2007-05-08,93.0,91.5,92.0999984741211,92.73999786376953,327600,92.73999786376953
2007-05-09,104.87000274658203,92.3499984741211,92.61000061035156,96.02999877929688,6957400,96.02999877929688
2007-05-10,96.98999786376953,94.5199966430664,95.80999755859375,94.81999969482422,779500,94.81999969482422
2007-05-11,96.13999938964844,93.77999877929688,95.12000274658203,94.63999938964844,589000,94.63999938964844
2007-05-14,94.88999938964844,94.01000213623047,94.63999938964844,94.45999908447266,423800,94.45999908447266
2007-05-15,94.98999786376953,93.37999725341797,94.45999908447266,93.62000274658203,391500,93.62000274658203
2007-05-16,94.22000122070312,93.19999694824219,93.7699966430664,94.12999725341797,277000,94.12999725341797
2007-05-17,94.75,93.58999633789062,93.69999694824219,94.12999725341797,590300,94.12999725341797
2007-05-18,95.43000030517578,94.11000061035156,94.26000213623047,95.1500015258789,679500,95.1500015258789
2007-05-21,97.04000091552734,94.66000366210938,94.66000366210938,95.81999969482422,756400,95.81999969482422
2007-05-22,97.43000030517578,94.25,95.81999969482422,97.26000213623047,596600,97.26000213623047
2007-05-23,98.93000030517578,96.5,96.51000213623047,98.44000244140625,909800,98.44000244140625
2007-05-24,99.70999908447266,96.3499984741211,98.0,96.81999969482422,827800,96.81999969482422
2007-05-25,97.94000244140625,96.37000274658203,97.06999969482422,96.80999755859375,332500,96.80999755859375
2007-05-29,98.93000030517578,97.16000366210938,97.37999725341797,97.98999786376953,533900,97.98999786376953
2007-05-30,98.37000274658203,96.81999969482422,97.88999938964844,98.37000274658203,447200,98.37000274658203
2007-05-31,108.0,100.01000213623047,102.4000015258789,102.05999755859375,1792900,102.05999755859375
2007-06-01,103.5,102.05999755859375,102.05999755859375,103.05000305175781,956100,103.05000305175781
2007-06-04,103.5,102.55000305175781,103.02999877929688,103.31999969482422,625200,103.31999969482422
2007-06-05,103.31999969482422,100.58999633789062,103.02999877929688,101.25,789600,101.25
2007-06-06,101.70999908447266,99.88999938964844,101.13999938964844,100.5999984741211,432800,100.5999984741211
2007-06-07,100.47000122070312,97.04000091552734,99.95999908447266,97.27999877929688,763700,97.27999877929688
2007-06-08,99.5,96.94000244140625,97.37000274658203,99.37999725341797,654600,99.37999725341797
2007-06-11,99.9000015258789,98.36000061035156,99.33000183105469,99.37000274658203,365400,99.37000274658203
2007-06-12,99.83999633789062,97.93000030517578,98.77999877929688,98.91000366210938,508400,98.91000366210938
2007-06-13,100.23999786376953,98.44999694824219,99.11000061035156,100.02999877929688,435100,100.02999877929688
2007-06-14,101.47000122070312,100.02999877929688,100.04000091552734,101.31999969482422,396000,101.31999969482422
2007-06-15,102.66999816894531,101.0199966430664,101.19000244140625,101.68000030517578,519600,101.68000030517578
2007-06-18,103.12000274658203,101.97000122070312,102.58999633789062,102.55999755859375,479400,102.55999755859375
2007-06-19,102.30999755859375,100.77999877929688,102.30999755859375,100.93000030517578,361400,100.93000030517578
2007-06-20,102.33999633789062,99.9000015258789,101.30000305175781,100.04000091552734,475900,100.04000091552734
2007-06-21,100.54000091552734,98.91999816894531,100.04000091552734,100.5199966430664,497300,100.5199966430664
2007-06-22,100.73999786376953,98.77999877929688,100.5199966430664,98.9800033569336,381000,98.9800033569336
2007-06-25,101.22000122070312,98.22000122070312,99.2300033569336,98.5199966430664,417500,98.5199966430664
2007-06-26,102.23999786376953,98.70999908447266,99.47000122070312,98.94999694824219,562600,98.94999694824219
2007-06-27,101.61000061035156,98.45999908447266,98.69999694824219,101.48999786376953,599600,101.48999786376953
2007-06-28,102.20999908447266,100.56999969482422,101.66000366210938,101.77999877929688,395300,101.77999877929688
2007-06-29,103.0199966430664,100.1500015258789,101.94000244140625,100.79000091552734,488700,100.79000091552734
2007-07-02,101.62999725341797,100.22000122070312,101.1500015258789,101.62999725341797,461900,101.62999725341797
2007-07-03,102.8499984741211,100.76000213623047,102.37999725341797,101.33000183105469,233000,101.33000183105469
2007-07-05,103.16999816894531,101.12999725341797,101.6500015258789,102.83000183105469,371500,102.83000183105469
2007-07-06,103.52999877929688,102.0199966430664,102.30999755859375,103.0,430900,103.0
2007-07-09,103.7300033569336,102.05000305175781,103.4000015258789,102.2699966430664,433100,102.2699966430664
2007-07-10,101.5,99.4800033569336,101.0999984741211,99.81999969482422,714700,99.81999969482422
2007-07-11,100.23999786376953,98.81999969482422,99.72000122070312,99.83000183105469,522300,99.83000183105469
2007-07-12,101.08999633789062,99.83000183105469,99.94999694824219,101.08999633789062,659300,101.08999633789062
2007-07-13,102.06999969482422,100.41000366210938,101.0,101.80999755859375,535300,101.80999755859375
2007-07-16,102.29000091552734,100.47000122070312,101.41999816894531,101.06999969482422,388600,101.06999969482422
2007-07-17,101.87999725341797,101.0,101.06999969482422,101.0199966430664,504400,101.0199966430664
2007-07-18,100.76000213623047,98.83000183105469,100.55999755859375,99.68000030517578,773400,99.68000030517578
2007-07-19,101.30000305175781,99.5,100.66000366210938,99.87000274658203,639900,99.87000274658203
2007-07-20,97.7300033569336,94.45999908447266,96.5,97.41999816894531,1197500,97.41999816894531
2007-07-23,97.83999633789062,95.6500015258789,97.45999908447266,96.33000183105469,669200,96.33000183105469
2007-07-24,95.91000366210938,94.08000183105469,95.75,95.01000213623047,1098800,95.01000213623047
2007-07-25,95.8499984741211,94.5,95.04000091552734,95.0,1092900,95.0
2007-07-26,95.16999816894531,92.69000244140625,94.05000305175781,94.76000213623047,1483100,94.76000213623047
2007-07-27,94.97000122070312,92.5,94.56999969482422,92.56999969482422,973200,92.56999969482422
2007-07-30,92.80000305175781,90.88999938964844,92.5199966430664,91.38999938964844,1338500,91.38999938964844
2007-07-31,91.73999786376953,89.80000305175781,91.62000274658203,90.01000213623047,916600,90.01000213623047
2007-08-01,91.37999725341797,88.0,90.01000213623047,91.29000091552734,1152700,91.29000091552734
2007-08-02,91.54000091552734,89.93000030517578,91.3499984741211,90.55000305175781,658500,90.55000305175781
2007-08-03,91.93000030517578,87.16999816894531,90.5999984741211,87.5,1028500,87.5
2007-08-06,88.3499984741211,84.41999816894531,87.5999984741211,86.0,1451900,86.0
2007-08-07,88.72000122070312,85.33999633789062,85.5,88.27999877929688,968500,88.27999877929688
2007-08-08,91.30000305175781,87.0999984741211,88.6500015258789,88.0,753300,88.0
2007-08-09,88.4800033569336,84.91000366210938,86.3499984741211,87.0999984741211,1150200,87.0999984741211
2007-08-10,89.54000091552734,85.0,86.0999984741211,87.4000015258789,694400,87.4000015258789
2007-08-13,88.45999908447266,85.79000091552734,86.97000122070312,87.26000213623047,703500,87.26000213623047
2007-08-14,88.69000244140625,85.5999984741211,87.86000061035156,85.70999908447266,469700,85.70999908447266
2007-08-15,86.25,84.05000305175781,85.3499984741211,84.12000274658203,829600,84.12000274658203
2007-08-16,88.08000183105469,82.16999816894531,83.05000305175781,87.5199966430664,1232100,87.5199966430664
2007-08-17,90.16999816894531,85.55000305175781,89.62999725341797,86.33000183105469,1116600,86.33000183105469
2007-08-20,87.62999725341797,85.7699966430664,86.55000305175781,86.68000030517578,596700,86.68000030517578
2007-08-21,86.83999633789062,85.55000305175781,86.5999984741211,86.5,527800,86.5
2007-08-22,87.83999633789062,85.88999938964844,87.1500015258789,86.52999877929688,316400,86.52999877929688
2007-08-23,86.80999755859375,85.19999694824219,86.5,86.27999877929688,433300,86.27999877929688
2007-08-24,87.63999938964844,85.51000213623047,86.33000183105469,87.63999938964844,257600,87.63999938964844
2007-08-27,87.80999755859375,86.16000366210938,87.6500015258789,87.37999725341797,877700,87.37999725341797
2007-08-28,87.31999969482422,84.01000213623047,86.93000030517578,84.04000091552734,629100,84.04000091552734
2007-08-29,86.16999816894531,84.5,84.55000305175781,86.0999984741211,383000,86.0999984741211
2007-08-30,86.8499984741211,84.79000091552734,84.86000061035156,85.98999786376953,361000,85.98999786376953
2007-08-31,87.95999908447266,86.04000091552734,86.37999725341797,87.30999755859375,367100,87.30999755859375
2007-09-04,87.7699966430664,86.4000015258789,87.3499984741211,86.91000366210938,338500,86.91000366210938
2007-09-05,86.5999984741211,84.7300033569336,86.51000213623047,85.37999725341797,445400,85.37999725341797
2007-09-06,87.4000015258789,84.13999938964844,85.5,86.5999984741211,991900,86.5999984741211
2007-09-07,86.0199966430664,84.48999786376953,84.94999694824219,85.72000122070312,447900,85.72000122070312
2007-09-10,86.26000213623047,83.87000274658203,86.0,84.0,459900,84.0
2007-09-11,85.08999633789062,83.36000061035156,84.20999908447266,84.19999694824219,252900,84.19999694824219
2007-09-12,85.0999984741211,83.31999969482422,84.05000305175781,83.58000183105469,416100,83.58000183105469
2007-09-13,84.87000274658203,82.95999908447266,83.81999969482422,83.52999877929688,278300,83.52999877929688
2007-09-14,83.7699966430664,82.94999694824219,83.0199966430664,83.55999755859375,423600,83.55999755859375
2007-09-17,84.88999938964844,82.73999786376953,83.0199966430664,84.0999984741211,297000,84.0999984741211
2007-09-18,88.66999816894531,83.19000244140625,84.54000091552734,87.51000213623047,1092300,87.51000213623047
2007-09-19,89.69999694824219,86.41999816894531,87.76000213623047,86.48999786376953,615500,86.48999786376953
2007-09-20,86.36000061035156,83.29000091552734,86.13999938964844,83.8499984741211,750900,83.8499984741211
2007-09-21,84.56999969482422,83.36000061035156,84.56999969482422,84.16000366210938,827200,84.16000366210938
2007-09-24,85.23999786376953,83.33999633789062,84.16000366210938,83.9000015258789,647500,83.9000015258789
2007-09-25,83.0,80.31999969482422,83.0,81.5199966430664,931600,81.5199966430664
2007-09-26,82.86000061035156,81.5199966430664,82.0,82.61000061035156,549300,82.61000061035156
2007-09-27,83.48999786376953,81.05999755859375,83.06999969482422,81.79000091552734,628100,81.79000091552734
2007-09-28,82.61000061035156,81.01000213623047,81.55000305175781,81.30000305175781,491300,81.30000305175781
2007-10-01,84.68000030517578,81.52999877929688,81.52999877929688,83.94000244140625,722500,83.94000244140625
2007-10-02,84.76000213623047,83.51000213623047,84.04000091552734,84.06999969482422,402800,84.06999969482422
2007-10-03,85.56999969482422,83.66999816894531,83.66999816894531,84.55999755859375,336700,84.55999755859375
2007-10-04,85.16999816894531,83.16999816894531,84.69999694824219,83.91999816894531,374700,83.91999816894531
2007-10-05,84.61000061035156,84.0,84.33999633789062,84.43000030517578,429300,84.43000030517578
2007-10-08,84.44999694824219,83.08999633789062,84.16000366210938,83.48999786376953,243700,83.48999786376953
2007-10-09,83.80999755859375,81.81999969482422,83.5,82.43000030517578,519600,82.43000030517578
2007-10-10,82.81999969482422,81.86000061035156,82.16999816894531,82.48999786376953,304200,82.48999786376953
2007-10-11,83.48999786376953,82.12999725341797,83.12000274658203,82.37999725341797,470600,82.37999725341797
2007-10-12,83.08000183105469,81.80999755859375,82.75,82.33999633789062,388000,82.33999633789062
2007-10-15,82.52999877929688,80.98999786376953,82.33999633789062,81.4800033569336,525600,81.4800033569336
2007-10-16,82.6500015258789,80.9800033569336,81.69999694824219,81.37000274658203,526600,81.37000274658203
2007-10-17,82.5,80.73999786376953,81.69000244140625,81.62999725341797,752000,81.62999725341797
2007-10-18,80.9800033569336,78.66000366210938,80.6500015258789,80.20999908447266,941800,80.20999908447266
2007-10-19,84.63999938964844,79.45999908447266,79.63999938964844,81.76000213623047,2159800,81.76000213623047
2007-10-22,84.97000122070312,80.80000305175781,81.01000213623047,84.04000091552734,1175900,84.04000091552734
2007-10-23,87.44000244140625,84.4000015258789,84.41999816894531,86.19000244140625,1187200,86.19000244140625
2007-10-24,86.33000183105469,83.9800033569336,86.06999969482422,84.41999816894531,1013400,84.41999816894531
2007-10-25,85.70999908447266,82.9000015258789,84.9000015258789,84.0199966430664,742100,84.0199966430664
2007-10-26,86.66000366210938,84.66000366210938,84.91999816894531,86.0999984741211,573600,86.0999984741211
2007-10-29,86.19999694824219,84.22000122070312,86.11000061035156,84.51000213623047,506700,84.51000213623047
2007-10-30,86.05000305175781,84.01000213623047,84.01000213623047,85.01000213623047,268000,85.01000213623047
2007-10-31,86.4800033569336,84.69000244140625,85.2300033569336,85.33999633789062,431700,85.33999633789062
2007-11-01,85.43000030517578,84.01000213623047,84.83999633789062,84.0199966430664,579200,84.0199966430664
2007-11-02,84.43000030517578,82.9000015258789,84.08000183105469,83.41999816894531,647100,83.41999816894531
2007-11-05,83.16999816894531,80.81999969482422,83.16999816894531,81.66000366210938,648100,81.66000366210938
2007-11-06,82.37999725341797,80.77999877929688,81.81999969482422,81.7300033569336,419600,81.7300033569336
2007-11-07,81.19999694824219,77.87999725341797,81.0199966430664,78.22000122070312,1598300,78.22000122070312
2007-11-08,80.0199966430664,77.55000305175781,78.88999938964844,78.83999633789062,894400,78.83999633789062
2007-11-09,81.05999755859375,77.5,78.0,80.12999725341797,921400,80.12999725341797
2007-11-12,82.55000305175781,79.37000274658203,80.4000015258789,79.58999633789062,766100,79.58999633789062
2007-11-13,81.5,78.94999694824219,80.29000091552734,81.16000366210938,780400,81.16000366210938
2007-11-14,83.2699966430664,80.69999694824219,81.3499984741211,80.79000091552734,832000,80.79000091552734
2007-11-15,80.94000244140625,79.01000213623047,80.66000366210938,79.33999633789062,641900,79.33999633789062
2007-11-16,79.5999984741211,78.41000366210938,79.4800033569336,78.80000305175781,926700,78.80000305175781
2007-11-19,78.45999908447266,76.69999694824219,77.79000091552734,76.86000061035156,1195100,76.86000061035156
2007-11-20,79.69000244140625,76.23999786376953,76.70999908447266,79.25,1284600,79.25
2007-11-21,79.19000244140625,77.45999908447266,78.69000244140625,78.19000244140625,904700,78.19000244140625
2007-11-23,79.72000122070312,78.19000244140625,78.83000183105469,79.0,262600,79.0
2007-11-26,80.69999694824219,78.19999694824219,78.31999969482422,78.77999877929688,639900,78.77999877929688
2007-11-27,80.29000091552734,78.20999908447266,78.91999816894531,79.47000122070312,944200,79.47000122070312
2007-11-28,81.19000244140625,79.47000122070312,80.43000030517578,80.66999816894531,1444700,80.66999816894531
2007-11-29,80.5999984741211,79.47000122070312,80.44999694824219,80.13999938964844,611200,80.13999938964844
2007-11-30,83.69999694824219,78.05000305175781,78.52999877929688,80.44000244140625,986900,80.44000244140625
2007-12-03,80.44000244140625,78.77999877929688,79.9800033569336,79.29000091552734,804300,79.29000091552734
2007-12-04,79.30999755859375,77.13999938964844,79.0999984741211,77.20999908447266,789700,77.20999908447266
2007-12-05,78.87000274658203,76.47000122070312,78.33000183105469,77.37999725341797,1012200,77.37999725341797
2007-12-06,79.5,77.01000213623047,77.43000030517578,79.30999755859375,601900,79.30999755859375
2007-12-07,80.72000122070312,78.61000061035156,79.80000305175781,79.8499984741211,430400,79.8499984741211
2007-12-10,81.66000366210938,78.83999633789062,80.2300033569336,81.66000366210938,362700,81.66000366210938
2007-12-11,83.04000091552734,78.0999984741211,82.33000183105469,79.05999755859375,1223400,79.05999755859375
2007-12-12,80.7300033569336,76.51000213623047,80.70999908447266,77.77999877929688,641200,77.77999877929688
2007-12-13,77.55999755859375,75.33999633789062,77.1500015258789,76.62999725341797,926500,76.62999725341797
2007-12-14,76.80000305175781,75.1500015258789,75.1500015258789,75.51000213623047,1080800,75.51000213623047
2007-12-17,76.30000305175781,75.01000213623047,75.51000213623047,75.19000244140625,686000,75.19000244140625
2007-12-18,75.88999938964844,73.4000015258789,75.8499984741211,75.08000183105469,1370700,75.08000183105469
2007-12-19,76.04000091552734,74.02999877929688,74.77999877929688,75.44000244140625,711300,75.44000244140625
2007-12-20,76.23999786376953,74.16000366210938,76.12999725341797,74.9000015258789,541800,74.9000015258789
2007-12-21,75.66000366210938,74.5,75.66000366210938,75.26000213623047,502700,75.26000213623047
2007-12-24,76.1500015258789,74.87000274658203,75.23999786376953,76.1500015258789,134400,76.1500015258789
2007-12-26,76.4800033569336,74.83000183105469,76.4800033569336,75.33000183105469,274500,75.33000183105469
2007-12-27,75.29000091552734,74.29000091552734,75.06999969482422,74.55999755859375,276900,74.55999755859375
2007-12-28,75.48999786376953,74.0,75.48999786376953,74.75,271200,74.75
2007-12-31,74.80000305175781,74.11000061035156,74.4000015258789,74.4000015258789,335900,74.4000015258789
2008-01-02,74.62000274658203,73.13999938964844,74.25,74.20999908447266,677900,74.20999908447266
2008-01-03,74.8499984741211,73.1500015258789,74.62999725341797,73.55000305175781,806500,73.55000305175781
2008-01-04,72.9000015258789,70.73999786376953,72.72000122070312,71.37000274658203,1283100,71.37000274658203
2008-01-07,73.1500015258789,71.30000305175781,71.66000366210938,72.58000183105469,712100,72.58000183105469
2008-01-08,73.31999969482422,69.86000061035156,73.11000061035156,70.08999633789062,1030700,70.08999633789062
2008-01-09,70.48999786376953,67.9000015258789,70.06999969482422,69.37999725341797,1534200,69.37999725341797
2008-01-10,71.51000213623047,68.5,69.04000091552734,70.58000183105469,849600,70.58000183105469
2008-01-11,70.88999938964844,69.19999694824219,69.80999755859375,70.01000213623047,554000,70.01000213623047
2008-01-14,70.55000305175781,69.36000061035156,70.2300033569336,70.02999877929688,351700,70.02999877929688
2008-01-15,69.4000015258789,66.9800033569336,69.26000213623047,67.0,1314300,67.0
2008-01-16,68.44000244140625,65.8499984741211,66.48999786376953,67.91999816894531,2198700,67.91999816894531
2008-01-17,68.43000030517578,65.30999755859375,67.69000244140625,66.1500015258789,1484800,66.1500015258789
2008-01-18,67.05999755859375,64.86000061035156,66.41000366210938,66.13999938964844,1289800,66.13999938964844
2008-01-22,71.66000366210938,63.0,63.619998931884766,71.27999877929688,1642100,71.27999877929688
2008-01-23,76.81999969482422,69.4000015258789,70.19999694824219,75.93000030517578,2097300,75.93000030517578
2008-01-24,78.97000122070312,74.51000213623047,77.0,75.33000183105469,1649800,75.33000183105469
2008-01-25,76.38999938964844,72.4000015258789,76.06999969482422,72.86000061035156,771200,72.86000061035156
2008-01-28,73.52999877929688,70.19999694824219,72.11000061035156,73.52999877929688,981100,73.52999877929688
2008-01-29,76.2699966430664,73.05999755859375,73.77999877929688,76.1500015258789,779900,76.1500015258789
2008-01-30,78.05000305175781,75.33999633789062,75.8499984741211,76.30000305175781,1042600,76.30000305175781
2008-01-31,81.52999877929688,74.05999755859375,75.19999694824219,79.91999816894531,1341000,79.91999816894531
2008-02-01,83.08999633789062,79.3499984741211,80.19999694824219,83.05000305175781,1187700,83.05000305175781
2008-02-04,82.80999755859375,78.31999969482422,82.80999755859375,79.08000183105469,756100,79.08000183105469
2008-02-05,80.7300033569336,77.18000030517578,77.75,78.58000183105469,1356500,78.58000183105469
2008-02-06,79.51000213623047,76.91999816894531,79.1500015258789,77.30999755859375,677900,77.30999755859375
2008-02-07,79.86000061035156,76.9000015258789,76.94000244140625,78.41000366210938,947100,78.41000366210938
2008-02-08,79.69000244140625,76.8499984741211,77.79000091552734,77.86000061035156,793600,77.86000061035156
2008-02-11,78.80000305175781,76.30999755859375,78.0,78.25,323500,78.25
2008-02-12,78.0999984741211,75.41999816894531,77.9000015258789,76.25,1620700,76.25
2008-02-13,78.0,75.1500015258789,76.83000183105469,77.23999786376953,751700,77.23999786376953
2008-02-14,77.83000183105469,73.0,73.06999969482422,73.69999694824219,2239000,73.69999694824219
2008-02-15,73.98999786376953,71.25,73.25,72.06999969482422,1060200,72.06999969482422
2008-02-19,74.26000213623047,72.2699966430664,72.58999633789062,72.93000030517578,716900,72.93000030517578
2008-02-20,74.79000091552734,72.27999877929688,72.44000244140625,74.47000122070312,978600,74.47000122070312
2008-02-21,76.5999984741211,72.80000305175781,74.69999694824219,73.0999984741211,759100,73.0999984741211
2008-02-22,74.7699966430664,72.58999633789062,73.23999786376953,74.68000030517578,881000,74.68000030517578
2008-02-25,74.9000015258789,72.81999969482422,74.58000183105469,74.66000366210938,1178400,74.66000366210938
2008-02-26,78.4000015258789,74.05000305175781,74.25,76.3499984741211,1156400,76.3499984741211
2008-02-27,75.9800033569336,74.5199966430664,75.87000274658203,75.37000274658203,619000,75.37000274658203
2008-02-28,75.19000244140625,72.75,75.0,73.56999969482422,796100,73.56999969482422
2008-02-29,73.36000061035156,71.05000305175781,72.94000244140625,71.41000366210938,924200,71.41000366210938
2008-03-03,72.0199966430664,69.0999984741211,71.77999877929688,70.66999816894531,1016700,70.66999816894531
2008-03-04,71.47000122070312,69.69000244140625,70.0,70.5,830600,70.5
2008-03-05,72.05000305175781,69.9000015258789,70.37999725341797,70.68000030517578,519500,70.68000030517578
2008-03-06,70.48999786376953,68.19999694824219,70.43000030517578,68.4800033569336,686200,68.4800033569336
2008-03-07,71.12999725341797,67.31999969482422,68.11000061035156,69.75,1035200,69.75
2008-03-10,69.79000091552734,66.4000015258789,69.44000244140625,66.66000366210938,968900,66.66000366210938
2008-03-11,70.0,65.5999984741211,68.12000274658203,68.45999908447266,1579800,68.45999908447266
2008-03-12,69.55999755859375,66.7699966430664,68.7300033569336,66.94999694824219,891200,66.94999694824219
2008-03-13,70.12000274658203,65.01000213623047,66.26000213623047,69.91000366210938,937400,69.91000366210938
2008-03-14,70.69999694824219,68.12000274658203,69.6500015258789,69.13999938964844,655400,69.13999938964844
2008-03-17,71.16999816894531,67.52999877929688,67.94999694824219,68.5,1419500,68.5
2008-03-18,72.66000366210938,69.2300033569336,71.5,72.11000061035156,1176300,72.11000061035156
2008-03-19,73.80999755859375,71.38999938964844,72.62999725341797,71.7300033569336,1008000,71.7300033569336
2008-03-20,75.13999938964844,70.36000061035156,72.02999877929688,75.05999755859375,1155600,75.05999755859375
2008-03-24,76.69999694824219,74.6500015258789,75.33999633789062,74.98999786376953,995400,74.98999786376953
2008-03-25,75.44999694824219,73.27999877929688,75.0999984741211,74.62000274658203,417500,74.62000274658203
2008-03-26,74.4000015258789,72.37999725341797,74.4000015258789,72.45999908447266,502700,72.45999908447266
2008-03-27,74.6500015258789,72.4000015258789,72.61000061035156,72.4000015258789,533300,72.4000015258789
2008-03-28,73.30000305175781,71.12999725341797,73.20999908447266,71.48999786376953,362400,71.48999786376953
2008-03-31,72.19000244140625,70.6500015258789,71.48999786376953,71.61000061035156,781000,71.61000061035156
2008-04-01,74.98999786376953,70.80000305175781,72.38999938964844,74.37000274658203,1001500,74.37000274658203
2008-04-02,77.79000091552734,74.73999786376953,74.86000061035156,76.66999816894531,1155900,76.66999816894531
2008-04-03,76.6500015258789,75.33000183105469,76.0199966430664,76.0,733800,76.0
2008-04-04,76.62000274658203,75.30000305175781,76.16999816894531,76.08000183105469,655600,76.08000183105469
2008-04-07,77.58999633789062,76.02999877929688,76.66999816894531,76.48999786376953,499500,76.48999786376953
2008-04-08,76.33999633789062,74.19000244140625,76.05999755859375,74.54000091552734,752700,74.54000091552734
2008-04-09,75.41999816894531,73.19000244140625,74.44999694824219,73.4800033569336,311500,73.4800033569336
2008-04-10,74.98999786376953,72.61000061035156,73.3499984741211,74.70999908447266,833100,74.70999908447266
2008-04-11,74.70999908447266,72.97000122070312,73.5,73.48999786376953,429500,73.48999786376953
2008-04-14,73.48999786376953,71.19999694824219,73.33999633789062,71.3499984741211,591100,71.3499984741211
2008-04-15,73.37000274658203,71.06999969482422,72.0,73.0199966430664,1046700,73.0199966430664
2008-04-16,76.6500015258789,73.20999908447266,73.98999786376953,75.27999877929688,1003400,75.27999877929688
2008-04-17,75.22000122070312,73.26000213623047,74.62999725341797,74.0,860000,74.0
2008-04-18,80.19000244140625,76.01000213623047,76.56999969482422,78.18000030517578,1719800,78.18000030517578
2008-04-21,78.12999725341797,76.5,77.38999938964844,77.62999725341797,655100,77.62999725341797
2008-04-22,77.91000366210938,75.80000305175781,77.33000183105469,76.26000213623047,397400,76.26000213623047
2008-04-23,77.75,75.19000244140625,76.44999694824219,76.44000244140625,310500,76.44000244140625
2008-04-24,78.80000305175781,75.54000091552734,76.6500015258789,77.62999725341797,639900,77.62999725341797
2008-04-25,78.98999786376953,75.72000122070312,78.0,76.94999694824219,861800,76.94999694824219
2008-04-28,77.58000183105469,75.83000183105469,76.48999786376953,77.26000213623047,520400,77.26000213623047
2008-04-29,77.55000305175781,76.16000366210938,77.0,76.80000305175781,524800,76.80000305175781
2008-04-30,78.11000061035156,76.06999969482422,76.9000015258789,76.19000244140625,550000,76.19000244140625
2008-05-01,79.55000305175781,76.30000305175781,76.44000244140625,79.0,787600,79.0
2008-05-02,80.29000091552734,77.88999938964844,80.29000091552734,78.3499984741211,412600,78.3499984741211
2008-05-05,78.56999969482422,77.2300033569336,77.4800033569336,78.13999938964844,416600,78.13999938964844
2008-05-06,78.04000091552734,76.5999984741211,77.69000244140625,77.83999633789062,404000,77.83999633789062
2008-05-07,78.4800033569336,76.22000122070312,77.9000015258789,76.81999969482422,508600,76.81999969482422
2008-05-08,77.76000213623047,74.80999755859375,77.26000213623047,75.37999725341797,747200,75.37999725341797
2008-05-09,76.38999938964844,74.5,74.9000015258789,75.55000305175781,598600,75.55000305175781
2008-05-12,76.06999969482422,74.9000015258789,75.55000305175781,76.0199966430664,574700,76.0199966430664
2008-05-13,76.77999877929688,75.66000366210938,75.9800033569336,76.43000030517578,429800,76.43000030517578
2008-05-14,77.77999877929688,76.68000030517578,76.69999694824219,77.18000030517578,379800,77.18000030517578
2008-05-15,78.7300033569336,77.30000305175781,77.31999969482422,78.0999984741211,585300,78.0999984741211
2008-05-16,78.77999877929688,76.58000183105469,78.77999877929688,77.61000061035156,710300,77.61000061035156
2008-05-19,78.48999786376953,77.41000366210938,77.55000305175781,77.83999633789062,433300,77.83999633789062
2008-05-20,77.4800033569336,75.70999908447266,77.30000305175781,76.86000061035156,589500,76.86000061035156
2008-05-21,76.83000183105469,73.25,76.83000183105469,73.97000122070312,771300,73.97000122070312
2008-05-22,74.18000030517578,72.69999694824219,73.61000061035156,73.2300033569336,623900,73.2300033569336
2008-05-23,73.47000122070312,70.55999755859375,72.91999816894531,73.05999755859375,692500,73.05999755859375
2008-05-27,75.97000122070312,73.29000091552734,73.47000122070312,74.54000091552734,541800,74.54000091552734
2008-05-28,75.83999633789062,74.11000061035156,74.98999786376953,74.80000305175781,292700,74.80000305175781
2008-05-29,76.44999694824219,74.30999755859375,74.80999755859375,75.62999725341797,279100,75.62999725341797
2008-05-30,75.6500015258789,74.66999816894531,75.62000274658203,75.08000183105469,432700,75.08000183105469
2008-06-02,75.36000061035156,73.31999969482422,75.36000061035156,73.77999877929688,409000,73.77999877929688
2008-06-03,73.95999908447266,72.69999694824219,73.6500015258789,72.9800033569336,552800,72.9800033569336
2008-06-04,74.12000274658203,71.98999786376953,72.12000274658203,73.02999877929688,428100,73.02999877929688
2008-06-05,74.66000366210938,72.6500015258789,73.19999694824219,73.91999816894531,283800,73.91999816894531
2008-06-06,73.69999694824219,71.95999908447266,73.51000213623047,72.0999984741211,463000,72.0999984741211
2008-06-09,72.69000244140625,70.66999816894531,72.5,71.45999908447266,848200,71.45999908447266
2008-06-10,72.61000061035156,70.55000305175781,70.80999755859375,71.75,431400,71.75
2008-06-11,72.48999786376953,68.7300033569336,71.72000122070312,68.76000213623047,1354300,68.76000213623047
2008-06-12,70.52999877929688,69.06999969482422,69.06999969482422,69.30999755859375,596900,69.30999755859375
2008-06-13,71.2300033569336,69.33000183105469,69.94999694824219,70.16000366210938,451600,70.16000366210938
2008-06-16,69.75,68.81999969482422,69.5,69.26000213623047,437000,69.26000213623047
2008-06-17,69.94000244140625,68.62999725341797,69.5199966430664,68.9000015258789,578300,68.9000015258789
2008-06-18,68.30000305175781,67.16000366210938,68.01000213623047,67.55000305175781,830700,67.55000305175781
2008-06-19,69.2300033569336,67.47000122070312,67.7300033569336,69.19999694824219,433600,69.19999694824219
2008-06-20,68.75,67.55999755859375,68.75,68.08000183105469,607900,68.08000183105469
2008-06-23,68.83000183105469,66.87000274658203,68.30000305175781,66.9800033569336,687100,66.9800033569336
2008-06-24,67.95999908447266,65.38999938964844,66.55000305175781,66.0,1200400,66.0
2008-06-25,68.33000183105469,66.30000305175781,66.30000305175781,67.04000091552734,636800,67.04000091552734
2008-06-26,66.48999786376953,64.91000366210938,66.0,65.1500015258789,1169800,65.1500015258789
2008-06-27,65.63999938964844,64.01000213623047,65.2699966430664,64.80999755859375,1044800,64.80999755859375
2008-06-30,65.30999755859375,63.5,64.48999786376953,64.0999984741211,888400,64.0999984741211
2008-07-01,64.2699966430664,62.16999816894531,63.290000915527344,63.4900016784668,1077200,63.4900016784668
2008-07-02,64.06999969482422,61.5,63.529998779296875,61.5,833400,61.5
2008-07-03,63.0099983215332,60.939998626708984,61.79999923706055,62.36000061035156,660200,62.36000061035156
2008-07-07,63.220001220703125,60.66999816894531,62.7599983215332,61.27000045776367,1013700,61.27000045776367
2008-07-08,65.43000030517578,60.56999969482422,61.36000061035156,64.9000015258789,1422600,64.9000015258789
2008-07-09,65.62000274658203,62.5,63.41999816894531,62.939998626708984,2032500,62.939998626708984
2008-07-10,63.08000183105469,60.0,63.0,60.7400016784668,2982200,60.7400016784668
2008-07-11,60.63999938964844,58.95000076293945,60.150001525878906,59.06999969482422,2028700,59.06999969482422
2008-07-14,60.13999938964844,57.4900016784668,59.79999923706055,57.65999984741211,934600,57.65999984741211
2008-07-15,60.709999084472656,56.54999923706055,57.15999984741211,59.810001373291016,1451400,59.810001373291016
2008-07-16,64.36000061035156,58.709999084472656,60.060001373291016,64.30000305175781,1454100,64.30000305175781
2008-07-17,66.66999816894531,62.060001373291016,64.72000122070312,65.81999969482422,1931000,65.81999969482422
2008-07-18,66.5,63.2400016784668,65.94000244140625,64.8499984741211,701800,64.8499984741211
2008-07-21,66.48999786376953,63.70000076293945,65.55000305175781,64.05999755859375,883600,64.05999755859375
2008-07-22,65.83000183105469,60.25,62.810001373291016,65.83000183105469,2083600,65.83000183105469
2008-07-23,68.29000091552734,64.16000366210938,64.16000366210938,66.76000213623047,1499300,66.76000213623047
2008-07-24,68.44999694824219,60.150001525878906,66.93000030517578,60.93000030517578,1417000,60.93000030517578
2008-07-25,63.09000015258789,60.0,62.27000045776367,61.88999938964844,995400,61.88999938964844
2008-07-28,62.08000183105469,59.310001373291016,61.86000061035156,59.5099983215332,1021400,59.5099983215332
2008-07-29,61.290000915527344,59.529998779296875,60.150001525878906,60.869998931884766,1032900,60.869998931884766
2008-07-30,63.279998779296875,59.06999969482422,61.0099983215332,60.540000915527344,1103100,60.540000915527344
2008-07-31,60.619998931884766,58.95000076293945,60.20000076293945,58.970001220703125,1199900,58.970001220703125
2008-08-01,60.439998626708984,58.029998779296875,59.41999816894531,59.130001068115234,722700,59.130001068115234
2008-08-04,59.91999816894531,58.2400016784668,59.16999816894531,59.4900016784668,654600,59.4900016784668
2008-08-05,65.73999786376953,59.90999984741211,59.970001220703125,64.94999694824219,2080800,64.94999694824219
2008-08-06,64.75,62.7400016784668,64.31999969482422,64.3499984741211,701400,64.3499984741211
2008-08-07,63.970001220703125,61.4900016784668,63.31999969482422,62.5,717000,62.5
2008-08-08,67.05999755859375,61.59000015258789,62.970001220703125,66.48999786376953,1410500,66.48999786376953
2008-08-11,71.3499984741211,65.58999633789062,66.54000091552734,69.08000183105469,1046900,69.08000183105469
2008-08-12,69.69000244140625,67.56999969482422,68.55999755859375,68.29000091552734,522500,68.29000091552734
2008-08-13,68.0,64.97000122070312,67.91999816894531,66.62000274658203,583800,66.62000274658203
2008-08-14,70.38999938964844,66.19000244140625,66.19000244140625,70.05999755859375,1180200,70.05999755859375
2008-08-15,73.36000061035156,70.19999694824219,70.19999694824219,72.95999908447266,1527600,72.95999908447266
2008-08-18,73.36000061035156,69.9000015258789,73.29000091552734,70.41999816894531,850400,70.41999816894531
2008-08-19,69.66999816894531,66.7699966430664,69.66999816894531,68.69000244140625,797100,68.69000244140625
2008-08-20,69.66000366210938,67.0,69.02999877929688,67.31999969482422,896100,67.31999969482422
2008-08-21,67.30999755859375,65.58000183105469,66.79000091552734,66.83999633789062,767500,66.83999633789062
2008-08-22,69.1500015258789,66.6500015258789,67.37999725341797,69.08999633789062,497000,69.08999633789062
2008-08-25,68.55999755859375,66.27999877929688,68.55999755859375,67.61000061035156,550300,67.61000061035156
2008-08-26,68.08000183105469,66.63999938964844,67.93000030517578,68.08000183105469,480500,68.08000183105469
2008-08-27,69.29000091552734,67.66000366210938,68.0999984741211,68.83999633789062,732500,68.83999633789062
2008-08-28,69.56999969482422,67.88999938964844,69.0999984741211,69.56999969482422,712500,69.56999969482422
2008-08-29,69.3499984741211,67.86000061035156,68.66000366210938,69.05000305175781,484400,69.05000305175781
2008-09-02,75.26000213623047,71.45999908447266,71.45999908447266,72.47000122070312,1507300,72.47000122070312
2008-09-03,74.26000213623047,72.0,72.37000274658203,73.33999633789062,840600,73.33999633789062
2008-09-04,73.05000305175781,69.93000030517578,72.87999725341797,70.30000305175781,798600,70.30000305175781
2008-09-05,70.69000244140625,67.62000274658203,69.38999938964844,70.45999908447266,1007700,70.45999908447266
2008-09-08,74.33000183105469,71.58000183105469,72.29000091552734,73.23999786376953,1659000,73.23999786376953
2008-09-09,73.0999984741211,69.91000366210938,72.98999786376953,70.30000305175781,724000,70.30000305175781
2008-09-10,72.70999908447266,69.11000061035156,70.73999786376953,72.18000030517578,736400,72.18000030517578
2008-09-11,72.0199966430664,69.6500015258789,70.97000122070312,71.55000305175781,802500,71.55000305175781
2008-09-12,71.19000244140625,69.37000274658203,70.73999786376953,69.9000015258789,828700,69.9000015258789
2008-09-15,69.93000030517578,66.69000244140625,66.69000244140625,68.29000091552734,1271200,68.29000091552734
2008-09-16,70.31999969482422,66.06999969482422,66.83000183105469,69.58000183105469,907200,69.58000183105469
2008-09-17,68.9800033569336,67.05999755859375,68.33999633789062,67.94999694824219,801100,67.94999694824219
2008-09-18,71.16000366210938,66.05999755859375,68.88999938964844,69.5,2041800,69.5
2008-09-19,75.0,71.51000213623047,72.81999969482422,74.33999633789062,1749100,74.33999633789062
2008-09-22,73.7300033569336,69.22000122070312,73.16999816894531,69.77999877929688,763000,69.77999877929688
2008-09-23,70.5999984741211,67.94000244140625,69.51000213623047,69.06999969482422,540800,69.06999969482422
2008-09-24,70.12999725341797,68.51000213623047,69.33999633789062,68.80999755859375,750700,68.80999755859375
2008-09-25,71.19000244140625,68.95999908447266,69.25,70.30000305175781,1085300,70.30000305175781
2008-09-26,70.7300033569336,68.7699966430664,68.7699966430664,69.9000015258789,436900,69.9000015258789
2008-09-29,69.47000122070312,65.55000305175781,68.47000122070312,67.37000274658203,943400,67.37000274658203
2008-09-30,68.9800033569336,66.44999694824219,68.69000244140625,67.38999938964844,541400,67.38999938964844
2008-10-01,67.37999725341797,65.01000213623047,66.81999969482422,65.55999755859375,1146200,65.55999755859375
2008-10-02,65.56999969482422,60.720001220703125,65.56999969482422,61.09000015258789,1301400,61.09000015258789
2008-10-03,64.11000061035156,58.529998779296875,62.09000015258789,58.68000030517578,1462400,58.68000030517578
2008-10-06,58.33000183105469,54.66999816894531,57.2599983215332,56.400001525878906,1790700,56.400001525878906
2008-10-07,57.06999969482422,52.310001373291016,57.06999969482422,52.709999084472656,1346500,52.709999084472656
2008-10-08,55.939998626708984,50.77000045776367,50.77000045776367,54.849998474121094,1680400,54.849998474121094
2008-10-09,58.5099983215332,50.380001068115234,56.20000076293945,51.72999954223633,2410200,51.72999954223633
2008-10-10,53.209999084472656,47.400001525878906,50.61000061035156,49.0,3160400,49.0
2008-10-13,53.72999954223633,49.0,51.2400016784668,53.72999954223633,1375900,53.72999954223633
2008-10-14,56.810001373291016,49.65999984741211,55.90999984741211,50.439998626708984,1536800,50.439998626708984
2008-10-15,49.9900016784668,48.0,49.72999954223633,48.130001068115234,1321500,48.130001068115234
2008-10-16,49.16999816894531,46.150001525878906,48.5099983215332,49.099998474121094,1804100,49.099998474121094
2008-10-17,50.9900016784668,46.849998474121094,48.79999923706055,48.290000915527344,1129500,48.290000915527344
2008-10-20,49.93000030517578,48.08000183105469,48.66999816894531,49.630001068115234,735400,49.630001068115234
2008-10-21,50.209999084472656,47.40999984741211,48.900001525878906,47.849998474121094,906800,47.849998474121094
2008-10-22,47.66999816894531,45.470001220703125,47.15999984741211,46.779998779296875,988500,46.779998779296875
2008-10-23,47.31999969482422,43.5,47.099998474121094,45.2400016784668,1017600,45.2400016784668
2008-10-24,45.33000183105469,42.279998779296875,43.0,44.18000030517578,1211400,44.18000030517578
2008-10-27,45.22999954223633,43.0099983215332,43.86000061035156,43.15999984741211,585300,43.15999984741211
2008-10-28,45.2400016784668,41.369998931884766,44.2599983215332,44.790000915527344,1114400,44.790000915527344
2008-10-29,46.619998931884766,43.22999954223633,44.66999816894531,44.790000915527344,776600,44.790000915527344
2008-10-30,46.959999084472656,44.209999084472656,46.0099983215332,45.29999923706055,728500,45.29999923706055
2008-10-31,48.380001068115234,44.16999816894531,44.16999816894531,48.380001068115234,1344700,48.380001068115234
2008-11-03,48.56999969482422,44.220001220703125,48.13999938964844,45.31999969482422,1779900,45.31999969482422
2008-11-04,44.650001525878906,41.560001373291016,42.25,44.369998931884766,2977900,44.369998931884766
2008-11-05,44.31999969482422,42.130001068115234,43.66999816894531,42.33000183105469,1567100,42.33000183105469
2008-11-06,42.619998931884766,38.060001373291016,42.0,38.150001525878906,1420400,38.150001525878906
2008-11-07,39.400001525878906,37.52000045776367,38.2400016784668,39.130001068115234,663600,39.130001068115234
2008-11-10,39.68000030517578,35.72999954223633,39.34000015258789,36.189998626708984,845200,36.189998626708984
2008-11-11,35.93000030517578,34.47999954223633,35.86000061035156,35.279998779296875,1701500,35.279998779296875
2008-11-12,34.77000045776367,32.650001525878906,34.709999084472656,32.7599983215332,1571700,32.7599983215332
2008-11-13,33.220001220703125,29.950000762939453,32.86000061035156,32.529998779296875,2643400,32.529998779296875
2008-11-14,34.7599983215332,32.060001373291016,32.060001373291016,32.27000045776367,1812300,32.27000045776367
2008-11-17,32.439998626708984,29.600000381469727,31.899999618530273,29.75,3436200,29.75
2008-11-18,30.399999618530273,28.6200008392334,30.190000534057617,29.31999969482422,2670100,29.31999969482422
2008-11-19,29.440000534057617,25.850000381469727,29.25,25.889999389648438,1729100,25.889999389648438
2008-11-20,27.149999618530273,24.850000381469727,25.6200008392334,25.799999237060547,1983700,25.799999237060547
2008-11-21,26.450000762939453,23.90999984741211,26.420000076293945,26.09000015258789,1298800,26.09000015258789
2008-11-24,28.1200008392334,26.030000686645508,26.239999771118164,27.549999237060547,1676100,27.549999237060547
2008-11-25,29.940000534057617,27.079999923706055,28.010000228881836,28.040000915527344,2306500,28.040000915527344
2008-11-26,30.899999618530273,26.979999542236328,27.709999084472656,30.530000686645508,1899200,30.530000686645508
2008-11-28,30.739999771118164,29.260000228881836,30.170000076293945,30.739999771118164,456400,30.739999771118164
2008-12-01,29.520000457763672,27.06999969482422,28.8700008392334,27.209999084472656,983700,27.209999084472656
2008-12-02,29.239999771118164,26.8799991607666,27.739999771118164,29.239999771118164,1758100,29.239999771118164
2008-12-03,31.31999969482422,28.100000381469727,28.59000015258789,31.049999237060547,1685000,31.049999237060547
2008-12-04,33.75,30.549999237060547,30.65999984741211,33.25,1915200,33.25
2008-12-05,36.560001373291016,32.0,32.720001220703125,36.529998779296875,1702700,36.529998779296875
2008-12-08,38.4900016784668,35.65999984741211,36.689998626708984,36.68000030517578,1194100,36.68000030517578
2008-12-09,37.650001525878906,35.75,36.380001068115234,35.970001220703125,991700,35.970001220703125
2008-12-10,37.5099983215332,36.08000183105469,36.439998626708984,37.36000061035156,634800,37.36000061035156
2008-12-11,37.20000076293945,33.310001373291016,36.88999938964844,34.34000015258789,1111800,34.34000015258789
2008-12-12,36.97999954223633,32.619998931884766,33.54999923706055,35.72999954223633,1278500,35.72999954223633
2008-12-15,36.47999954223633,33.970001220703125,35.84000015258789,34.849998474121094,885700,34.849998474121094
2008-12-16,38.08000183105469,35.16999816894531,35.16999816894531,38.0099983215332,834200,38.0099983215332
2008-12-17,40.0,36.720001220703125,37.59000015258789,39.779998779296875,1426500,39.779998779296875
2008-12-18,42.4900016784668,39.72999954223633,40.369998931884766,42.459999084472656,1922300,42.459999084472656
2008-12-19,42.7400016784668,40.209999084472656,42.29999923706055,42.599998474121094,2360300,42.599998474121094
2008-12-22,42.599998474121094,39.599998474121094,42.599998474121094,40.58000183105469,1284500,40.58000183105469
2008-12-23,41.9900016784668,39.7400016784668,41.130001068115234,40.060001373291016,1228200,40.060001373291016
2008-12-24,40.470001220703125,39.72999954223633,40.20000076293945,40.18000030517578,457000,40.18000030517578
2008-12-26,41.349998474121094,39.720001220703125,40.189998626708984,41.16999816894531,422800,41.16999816894531
2008-12-29,41.7599983215332,39.709999084472656,40.970001220703125,40.7400016784668,775600,40.7400016784668
2008-12-30,41.84000015258789,40.27000045776367,40.939998626708984,41.81999969482422,609900,41.81999969482422
2008-12-31,43.20000076293945,41.290000915527344,41.81999969482422,42.970001220703125,795300,42.970001220703125
2009-01-02,44.2599983215332,41.63999938964844,43.0099983215332,44.099998474121094,898400,44.099998474121094
2009-01-05,45.0099983215332,43.40999984741211,43.77000045776367,44.88999938964844,983000,44.88999938964844
2009-01-06,46.04999923706055,44.650001525878906,45.0099983215332,45.11000061035156,903900,45.11000061035156
2009-01-07,44.7599983215332,42.9900016784668,44.709999084472656,43.220001220703125,1205800,43.220001220703125
2009-01-08,43.400001525878906,41.75,43.27000045776367,42.63999938964844,1627100,42.63999938964844
2009-01-09,43.15999984741211,40.540000915527344,42.47999954223633,40.59000015258789,1180700,40.59000015258789
2009-01-12,40.939998626708984,39.209999084472656,40.63999938964844,39.619998931884766,1096500,39.619998931884766
2009-01-13,40.650001525878906,39.099998474121094,39.5,39.400001525878906,1077700,39.400001525878906
2009-01-14,38.72999954223633,37.470001220703125,38.72999954223633,38.04999923706055,995900,38.04999923706055
2009-01-15,38.099998474121094,35.0,38.099998474121094,37.29999923706055,1416300,37.29999923706055
2009-01-16,38.310001373291016,35.88999938964844,37.880001068115234,37.38999938964844,681100,37.38999938964844
2009-01-20,37.439998626708984,34.2400016784668,37.16999816894531,34.4900016784668,1031000,34.4900016784668
2009-01-21,35.970001220703125,34.099998474121094,35.08000183105469,35.95000076293945,930400,35.95000076293945
2009-01-22,35.869998931884766,33.5,35.279998779296875,34.47999954223633,1080800,34.47999954223633
2009-01-23,35.290000915527344,33.11000061035156,33.72999954223633,34.38999938964844,893100,34.38999938964844
2009-01-26,35.4900016784668,33.869998931884766,34.470001220703125,34.439998626708984,1135400,34.439998626708984
2009-01-27,35.91999816894531,34.47999954223633,34.75,35.560001373291016,900600,35.560001373291016
2009-01-28,38.849998474121094,35.77000045776367,36.2599983215332,37.66999816894531,1197100,37.66999816894531
2009-01-29,37.11000061035156,34.4900016784668,37.11000061035156,34.720001220703125,1498200,34.720001220703125
2009-01-30,34.810001373291016,31.940000534057617,34.790000915527344,32.11000061035156,1676800,32.11000061035156
2009-02-02,32.459999084472656,30.959999084472656,31.559999465942383,31.68000030517578,1244700,31.68000030517578
2009-02-03,34.4900016784668,31.479999542236328,31.790000915527344,33.88999938964844,1394400,33.88999938964844
2009-02-04,33.9900016784668,32.2400016784668,33.65999984741211,32.540000915527344,955300,32.540000915527344
2009-02-05,34.22999954223633,31.899999618530273,32.40999984741211,33.97999954223633,1456200,33.97999954223633
2009-02-06,37.25,33.88999938964844,34.04999923706055,36.90999984741211,1734400,36.90999984741211
2009-02-09,37.2400016784668,34.81999969482422,36.880001068115234,36.52000045776367,1267200,36.52000045776367
2009-02-10,37.0,33.060001373291016,36.130001068115234,33.439998626708984,1298100,33.439998626708984
2009-02-11,34.45000076293945,32.439998626708984,33.4900016784668,32.93000030517578,1536600,32.93000030517578
2009-02-12,33.66999816894531,31.510000228881836,32.029998779296875,33.470001220703125,1327200,33.470001220703125
2009-02-13,34.13999938964844,32.7400016784668,33.66999816894531,33.27000045776367,733400,33.27000045776367
2009-02-17,32.650001525878906,31.469999313354492,32.029998779296875,32.13999938964844,866000,32.13999938964844
2009-02-18,32.720001220703125,30.229999542236328,32.459999084472656,30.34000015258789,1226000,30.34000015258789
2009-02-19,31.8799991607666,29.25,30.700000762939453,29.559999465942383,1574400,29.559999465942383
2009-02-20,29.6200008392334,27.56999969482422,28.8799991607666,28.3700008392334,2014200,28.3700008392334
2009-02-23,28.770000457763672,26.540000915527344,28.18000030517578,26.649999618530273,2419400,26.649999618530273
2009-02-24,27.43000030517578,23.459999084472656,24.040000915527344,25.239999771118164,4158100,25.239999771118164
2009-02-25,25.399999618530273,23.389999389648438,25.100000381469727,23.579999923706055,2317900,23.579999923706055
2009-02-26,25.31999969482422,23.68000030517578,24.0,23.75,2020900,23.75
2009-02-27,24.010000228881836,22.399999618530273,23.389999389648438,22.59000015258789,2115900,22.59000015258789
2009-03-02,22.56999969482422,21.0,22.09000015258789,21.100000381469727,2785300,21.100000381469727
2009-03-03,22.1299991607666,19.649999618530273,21.450000762939453,19.860000610351562,3623200,19.860000610351562
2009-03-04,20.950000762939453,19.770000457763672,20.200000762939453,20.40999984741211,2082600,20.40999984741211
2009-03-05,20.329999923706055,18.670000076293945,19.899999618530273,18.950000762939453,2290300,18.950000762939453
2009-03-06,19.3799991607666,17.639999389648438,19.3799991607666,18.239999771118164,1524000,18.239999771118164
2009-03-09,19.0,16.969999313354492,18.229999542236328,17.110000610351562,2346500,17.110000610351562
2009-03-10,19.5,17.600000381469727,17.93000030517578,19.209999084472656,2150100,19.209999084472656
2009-03-11,19.770000457763672,18.56999969482422,19.360000610351562,19.079999923706055,1711100,19.079999923706055
2009-03-12,20.469999313354492,18.219999313354492,18.700000762939453,20.329999923706055,1692100,20.329999923706055
2009-03-13,21.75,20.139999389648438,20.389999389648438,20.809999465942383,1638000,20.809999465942383
2009-03-16,22.649999618530273,21.06999969482422,21.06999969482422,21.200000762939453,1893400,21.200000762939453
2009-03-17,22.309999465942383,20.809999465942383,21.1200008392334,22.190000534057617,1361100,22.190000534057617
2009-03-18,25.15999984741211,21.920000076293945,22.18000030517578,24.1200008392334,2546700,24.1200008392334
2009-03-19,25.25,24.299999237060547,24.31999969482422,25.010000228881836,1695600,25.010000228881836
2009-03-20,25.100000381469727,23.239999771118164,25.010000228881836,23.790000915527344,1961400,23.790000915527344
2009-03-23,26.979999542236328,24.229999542236328,24.670000076293945,26.93000030517578,1517100,26.93000030517578
2009-03-24,27.809999465942383,26.079999923706055,26.450000762939453,27.15999984741211,1879800,27.15999984741211
2009-03-25,31.280000686645508,27.18000030517578,27.18000030517578,29.0,2968500,29.0
2009-03-26,34.349998474121094,29.25,29.25,33.90999984741211,3634400,33.90999984741211
2009-03-27,33.529998779296875,31.100000381469727,33.369998931884766,32.58000183105469,2385300,32.58000183105469
2009-03-30,31.729999542236328,28.739999771118164,31.270000457763672,29.420000076293945,1816900,29.420000076293945
2009-03-31,30.450000762939453,28.979999542236328,29.829999923706055,29.8700008392334,1039800,29.8700008392334
2009-04-01,31.979999542236328,29.010000228881836,29.34000015258789,31.75,1307900,31.75
2009-04-02,34.22999954223633,30.56999969482422,30.90999984741211,33.70000076293945,2191900,33.70000076293945
2009-04-03,34.52000045776367,32.75,33.2400016784668,34.25,1026700,34.25
2009-04-06,34.5099983215332,32.869998931884766,33.4900016784668,33.790000915527344,940100,33.790000915527344
2009-04-07,33.52000045776367,30.799999237060547,33.11000061035156,31.81999969482422,1734500,31.81999969482422
2009-04-08,31.209999084472656,29.670000076293945,30.850000381469727,30.010000228881836,1608700,30.010000228881836
2009-04-09,33.060001373291016,31.170000076293945,31.190000534057617,32.720001220703125,1853200,32.720001220703125
2009-04-13,32.52000045776367,31.149999618530273,32.2599983215332,32.25,1697700,32.25
2009-04-14,32.779998779296875,30.559999465942383,31.8799991607666,31.219999313354492,867800,31.219999313354492
2009-04-15,34.15999984741211,30.81999969482422,30.889999389648438,33.16999816894531,1364100,33.16999816894531
2009-04-16,35.27000045776367,32.79999923706055,33.58000183105469,34.7599983215332,1281400,34.7599983215332
2009-04-17,36.95000076293945,34.20000076293945,34.720001220703125,36.790000915527344,1911800,36.790000915527344
2009-04-20,35.93000030517578,32.9900016784668,35.7400016784668,34.02000045776367,1513000,34.02000045776367
2009-04-21,34.900001525878906,32.25,33.66999816894531,34.869998931884766,1456500,34.869998931884766
2009-04-22,38.849998474121094,34.22999954223633,34.2400016784668,37.72999954223633,2489100,37.72999954223633
2009-04-23,40.349998474121094,36.18000030517578,37.959999084472656,37.81999969482422,2380600,37.81999969482422
2009-04-24,51.2400016784668,41.4900016784668,41.779998779296875,49.0,11327300,49.0
2009-04-27,49.0,45.540000915527344,48.060001373291016,45.86000061035156,4139200,45.86000061035156
2009-04-28,47.58000183105469,44.689998626708984,45.29999923706055,46.0,2108800,46.0
2009-04-29,47.81999969482422,45.75,47.099998474121094,46.70000076293945,1631800,46.70000076293945
2009-04-30,48.25,46.29999923706055,47.61000061035156,47.310001373291016,1596300,47.310001373291016
2009-05-01,48.060001373291016,45.77000045776367,47.31999969482422,46.290000915527344,1182700,46.290000915527344
2009-05-04,50.09000015258789,47.060001373291016,47.2599983215332,49.83000183105469,1982600,49.83000183105469
2009-05-05,51.79999923706055,49.16999816894531,49.81999969482422,50.279998779296875,1908200,50.279998779296875
2009-05-06,51.880001068115234,48.83000183105469,51.02000045776367,49.25,1740800,49.25
2009-05-07,50.40999984741211,45.59000015258789,49.25,45.970001220703125,2300300,45.970001220703125
2009-05-08,47.95000076293945,45.150001525878906,46.7400016784668,45.459999084472656,2313700,45.459999084472656
2009-05-11,45.27000045776367,43.29999923706055,45.099998474121094,44.5099983215332,1564800,44.5099983215332
2009-05-12,44.7400016784668,40.790000915527344,44.650001525878906,42.310001373291016,1803000,42.310001373291016
2009-05-13,41.43000030517578,38.72999954223633,41.220001220703125,38.810001373291016,1990100,38.810001373291016
2009-05-14,41.0,38.310001373291016,39.0,39.849998474121094,2108500,39.849998474121094
2009-05-15,41.0,38.9900016784668,39.5,39.77000045776367,1547100,39.77000045776367
2009-05-18,41.709999084472656,40.34000015258789,40.34000015258789,40.970001220703125,2321600,40.970001220703125
2009-05-19,41.65999984741211,39.43000030517578,40.33000183105469,39.869998931884766,1740000,39.869998931884766
2009-05-20,41.540000915527344,38.90999984741211,40.529998779296875,39.08000183105469,1890300,39.08000183105469
2009-05-21,38.650001525878906,36.939998626708984,38.52000045776367,37.66999816894531,1524100,37.66999816894531
2009-05-22,38.040000915527344,36.099998474121094,37.779998779296875,37.529998779296875,1081100,37.529998779296875
2009-05-26,39.970001220703125,36.7599983215332,36.900001525878906,39.47999954223633,1447900,39.47999954223633
2009-05-27,40.02000045776367,36.189998626708984,39.16999816894531,36.75,2172900,36.75
2009-05-28,37.33000183105469,35.630001068115234,37.20000076293945,36.560001373291016,2372400,36.560001373291016
2009-05-29,38.720001220703125,36.79999923706055,36.79999923706055,38.27000045776367,1252600,38.27000045776367
2009-06-01,41.63999938964844,38.7599983215332,39.130001068115234,40.45000076293945,1219300,40.45000076293945
2009-06-02,41.470001220703125,39.349998474121094,40.22999954223633,40.959999084472656,1196900,40.959999084472656
2009-06-03,41.060001373291016,38.91999816894531,40.5099983215332,39.439998626708984,1495400,39.439998626708984
2009-06-04,39.75,38.66999816894531,39.560001373291016,39.58000183105469,1346700,39.58000183105469
2009-06-05,40.939998626708984,39.189998626708984,39.939998626708984,40.75,1321600,40.75
2009-06-08,41.61000061035156,39.70000076293945,40.43000030517578,41.0099983215332,1111700,41.0099983215332
2009-06-09,42.72999954223633,41.08000183105469,41.08000183105469,42.25,1131200,42.25
2009-06-10,42.38999938964844,40.060001373291016,42.38999938964844,41.36000061035156,1182200,41.36000061035156
2009-06-11,41.470001220703125,39.77000045776367,41.29999923706055,40.540000915527344,1289100,40.540000915527344
2009-06-12,40.709999084472656,39.43000030517578,40.400001525878906,40.599998474121094,596300,40.599998474121094
2009-06-15,40.15999984741211,38.130001068115234,40.060001373291016,38.43000030517578,889000,38.43000030517578
2009-06-16,39.099998474121094,36.7599983215332,36.900001525878906,37.400001525878906,1374500,37.400001525878906
2009-06-17,38.2400016784668,36.040000915527344,37.349998474121094,37.540000915527344,1235300,37.540000915527344
2009-06-18,37.66999816894531,36.45000076293945,37.66999816894531,36.849998474121094,1059900,36.849998474121094
2009-06-19,38.400001525878906,37.220001220703125,37.220001220703125,37.52000045776367,1572600,37.52000045776367
2009-06-22,37.33000183105469,35.70000076293945,37.060001373291016,35.70000076293945,749800,35.70000076293945
2009-06-23,36.15999984741211,34.650001525878906,35.72999954223633,35.349998474121094,989800,35.349998474121094
2009-06-24,37.16999816894531,35.560001373291016,36.0,36.099998474121094,1029700,36.099998474121094
2009-06-25,37.29999923706055,35.88999938964844,36.04999923706055,37.119998931884766,643600,37.119998931884766
2009-06-26,37.060001373291016,35.369998931884766,36.86000061035156,35.439998626708984,1167100,35.439998626708984
2009-06-29,36.810001373291016,35.0,35.70000076293945,36.66999816894531,764200,36.66999816894531
2009-06-30,37.2400016784668,35.54999923706055,36.70000076293945,35.68000030517578,636700,35.68000030517578
2009-07-01,36.66999816894531,35.38999938964844,36.02000045776367,35.7400016784668,995200,35.7400016784668
2009-07-02,35.56999969482422,33.84000015258789,35.13999938964844,33.970001220703125,1092000,33.970001220703125
2009-07-06,33.84000015258789,32.97999954223633,33.599998474121094,33.310001373291016,1156800,33.310001373291016
2009-07-07,33.84000015258789,33.060001373291016,33.25,33.2400016784668,979800,33.2400016784668
2009-07-08,33.7599983215332,32.119998931884766,33.279998779296875,32.619998931884766,1134300,32.619998931884766
2009-07-09,33.540000915527344,32.70000076293945,32.83000183105469,32.86000061035156,1158000,32.86000061035156
2009-07-10,32.880001068115234,31.399999618530273,32.70000076293945,32.20000076293945,961000,32.20000076293945
2009-07-13,33.119998931884766,31.469999313354492,32.209999084472656,33.04999923706055,1365500,33.04999923706055
2009-07-14,35.27000045776367,33.77000045776367,34.380001068115234,35.040000915527344,1274100,35.040000915527344
2009-07-15,37.0,35.400001525878906,35.58000183105469,36.9900016784668,890100,36.9900016784668
2009-07-16,38.59000015258789,36.560001373291016,36.90999984741211,38.369998931884766,1103000,38.369998931884766
2009-07-17,38.849998474121094,37.709999084472656,38.5,37.779998779296875,1087100,37.779998779296875
2009-07-20,39.16999816894531,37.790000915527344,38.0,38.97999954223633,662300,38.97999954223633
2009-07-21,39.689998626708984,37.599998474121094,39.560001373291016,38.619998931884766,679200,38.619998931884766
2009-07-22,39.97999954223633,38.150001525878906,38.150001525878906,39.31999969482422,902900,39.31999969482422
2009-07-23,42.45000076293945,38.77000045776367,39.220001220703125,42.33000183105469,1536600,42.33000183105469
2009-07-24,43.119998931884766,41.369998931884766,42.08000183105469,43.119998931884766,1258100,43.119998931884766
2009-07-27,45.4900016784668,42.58000183105469,43.0099983215332,45.18000030517578,1692000,45.18000030517578
2009-07-28,46.43000030517578,44.72999954223633,44.72999954223633,46.22999954223633,1149200,46.22999954223633
2009-07-29,47.20000076293945,45.43000030517578,45.61000061035156,46.7599983215332,1230800,46.7599983215332
2009-07-30,49.349998474121094,47.040000915527344,47.040000915527344,48.20000076293945,1723700,48.20000076293945
2009-07-31,52.599998474121094,49.81999969482422,49.81999969482422,51.58000183105469,3091600,51.58000183105469
2009-08-03,52.06999969482422,50.54999923706055,52.0,50.97999954223633,1533100,50.97999954223633
2009-08-04,51.04999923706055,49.90999984741211,50.5099983215332,50.25,1048000,50.25
2009-08-05,51.38999938964844,49.79999923706055,50.20000076293945,50.88999938964844,914200,50.88999938964844
2009-08-06,52.0099983215332,50.349998474121094,51.150001525878906,50.59000015258789,1023500,50.59000015258789
2009-08-07,53.709999084472656,50.939998626708984,52.029998779296875,52.540000915527344,971600,52.540000915527344
2009-08-10,52.54999923706055,50.61000061035156,52.36000061035156,51.029998779296875,833600,51.029998779296875
2009-08-11,49.9900016784668,48.880001068115234,49.2400016784668,49.38999938964844,1314100,49.38999938964844
2009-08-12,51.060001373291016,49.560001373291016,49.560001373291016,50.290000915527344,811300,50.290000915527344
2009-08-13,50.75,48.900001525878906,50.59000015258789,49.689998626708984,735100,49.689998626708984
2009-08-14,49.61000061035156,46.95000076293945,49.470001220703125,47.400001525878906,847300,47.400001525878906
2009-08-17,46.529998779296875,44.77000045776367,46.529998779296875,45.13999938964844,1089900,45.13999938964844
2009-08-18,46.31999969482422,44.83000183105469,45.25,46.08000183105469,743700,46.08000183105469
2009-08-19,46.43000030517578,44.93000030517578,44.93000030517578,45.959999084472656,1005200,45.959999084472656
2009-08-20,46.47999954223633,45.79999923706055,46.0099983215332,46.11000061035156,554700,46.11000061035156
2009-08-21,48.150001525878906,46.130001068115234,46.130001068115234,47.45000076293945,757300,47.45000076293945
2009-08-24,48.02000045776367,47.130001068115234,47.439998626708984,47.31999969482422,604400,47.31999969482422
2009-08-25,49.61000061035156,47.70000076293945,47.720001220703125,48.59000015258789,571700,48.59000015258789
2009-08-26,49.95000076293945,47.81999969482422,48.619998931884766,49.20000076293945,662000,49.20000076293945
2009-08-27,49.61000061035156,47.38999938964844,49.61000061035156,49.27000045776367,737300,49.27000045776367
2009-08-28,50.970001220703125,49.459999084472656,49.900001525878906,50.83000183105469,1250600,50.83000183105469
2009-08-31,50.52000045776367,49.47999954223633,50.470001220703125,50.119998931884766,750300,50.119998931884766
2009-09-01,51.33000183105469,47.95000076293945,49.83000183105469,48.04999923706055,1119100,48.04999923706055
2009-09-02,48.70000076293945,47.189998626708984,47.779998779296875,48.099998474121094,1416800,48.099998474121094
2009-09-03,48.209999084472656,46.47999954223633,48.150001525878906,47.2400016784668,997600,47.2400016784668
2009-09-04,48.29999923706055,46.70000076293945,47.33000183105469,48.16999816894531,678700,48.16999816894531
2009-09-08,49.40999984741211,48.380001068115234,48.72999954223633,49.09000015258789,989400,49.09000015258789
2009-09-09,50.29999923706055,48.54999923706055,49.08000183105469,49.959999084472656,836000,49.959999084472656
2009-09-10,50.220001220703125,49.220001220703125,50.08000183105469,49.540000915527344,877300,49.540000915527344
2009-09-11,49.97999954223633,48.75,49.29999923706055,48.939998626708984,875500,48.939998626708984
2009-09-14,49.5,47.33000183105469,48.38999938964844,49.45000076293945,649700,49.45000076293945
2009-09-15,50.869998931884766,49.400001525878906,49.470001220703125,50.849998474121094,528300,50.849998474121094
2009-09-16,53.45000076293945,51.029998779296875,51.16999816894531,52.970001220703125,930700,52.970001220703125
2009-09-17,53.52000045776367,51.2599983215332,52.68000030517578,51.58000183105469,511900,51.58000183105469
2009-09-18,52.560001373291016,51.63999938964844,52.060001373291016,52.189998626708984,519500,52.189998626708984
2009-09-21,53.119998931884766,51.529998779296875,51.77000045776367,52.650001525878906,501100,52.650001525878906
2009-09-22,53.34000015258789,52.310001373291016,52.959999084472656,52.849998474121094,408700,52.849998474121094
2009-09-23,53.04999923706055,51.040000915527344,53.04999923706055,51.09000015258789,563700,51.09000015258789
2009-09-24,51.900001525878906,48.20000076293945,51.720001220703125,48.95000076293945,848200,48.95000076293945
2009-09-25,49.40999984741211,47.43000030517578,48.720001220703125,47.540000915527344,689000,47.540000915527344
2009-09-28,48.2599983215332,47.22999954223633,47.540000915527344,47.689998626708984,766700,47.689998626708984
2009-09-29,48.970001220703125,47.33000183105469,47.900001525878906,48.59000015258789,814800,48.59000015258789
2009-09-30,48.36000061035156,46.34000015258789,47.349998474121094,47.689998626708984,2368000,47.689998626708984
2009-10-01,47.310001373291016,44.400001525878906,47.150001525878906,44.61000061035156,1869600,44.61000061035156
2009-10-02,44.2400016784668,42.90999984741211,44.2400016784668,43.77000045776367,1447000,43.77000045776367
2009-10-05,44.90999984741211,43.7599983215332,43.900001525878906,44.619998931884766,693000,44.619998931884766
2009-10-06,46.130001068115234,44.13999938964844,45.060001373291016,44.720001220703125,1000500,44.720001220703125
2009-10-07,44.619998931884766,43.439998626708984,44.61000061035156,44.130001068115234,1337000,44.130001068115234
2009-10-08,46.52000045776367,44.29999923706055,44.41999816894531,45.290000915527344,984700,45.290000915527344
2009-10-09,45.83000183105469,44.5099983215332,45.16999816894531,45.56999969482422,442200,45.56999969482422
2009-10-12,48.04999923706055,46.029998779296875,46.029998779296875,47.720001220703125,1206700,47.720001220703125
2009-10-13,49.68000030517578,47.33000183105469,47.61000061035156,48.43000030517578,2164300,48.43000030517578
2009-10-14,50.36000061035156,48.75,49.2599983215332,50.06999969482422,890600,50.06999969482422
2009-10-15,50.4900016784668,49.41999816894531,49.59000015258789,50.16999816894531,570200,50.16999816894531
2009-10-16,50.04999923706055,48.66999816894531,49.790000915527344,49.209999084472656,709800,49.209999084472656
2009-10-19,50.45000076293945,48.88999938964844,49.13999938964844,49.959999084472656,629200,49.959999084472656
2009-10-20,50.18000030517578,47.349998474121094,50.18000030517578,47.790000915527344,1092600,47.790000915527344
2009-10-21,48.900001525878906,45.90999984741211,48.11000061035156,45.91999816894531,1176600,45.91999816894531
2009-10-22,48.34000015258789,45.099998474121094,45.939998626708984,47.599998474121094,1161300,47.599998474121094
2009-10-23,49.29999923706055,47.380001068115234,47.59000015258789,48.02000045776367,1315000,48.02000045776367
2009-10-26,48.91999816894531,46.029998779296875,47.91999816894531,46.349998474121094,1257000,46.349998474121094
2009-10-27,46.72999954223633,45.29999923706055,46.38999938964844,45.380001068115234,1108700,45.380001068115234
2009-10-28,45.2599983215332,43.970001220703125,45.04999923706055,44.0,1387100,44.0
2009-10-29,46.79999923706055,44.77000045776367,44.77000045776367,46.47999954223633,1516200,46.47999954223633
2009-10-30,46.2599983215332,41.31999969482422,44.560001373291016,42.83000183105469,5327000,42.83000183105469
2009-11-02,43.22999954223633,39.93000030517578,43.06999969482422,40.5,3459300,40.5
2009-11-03,42.86000061035156,40.060001373291016,40.25,42.720001220703125,2525200,42.720001220703125
2009-11-04,43.599998474121094,41.459999084472656,43.18000030517578,41.619998931884766,1152300,41.619998931884766
2009-11-05,43.70000076293945,41.970001220703125,42.060001373291016,43.47999954223633,1100500,43.47999954223633
2009-11-06,44.349998474121094,42.84000015258789,43.130001068115234,44.209999084472656,991200,44.209999084472656
2009-11-09,45.68000030517578,44.41999816894531,44.81999969482422,45.56999969482422,1048000,45.56999969482422
2009-11-10,46.43000030517578,45.060001373291016,45.099998474121094,45.849998474121094,1264500,45.849998474121094
2009-11-11,47.47999954223633,46.040000915527344,46.52000045776367,46.349998474121094,947200,46.349998474121094
2009-11-12,46.869998931884766,44.72999954223633,46.439998626708984,44.970001220703125,947100,44.970001220703125
2009-11-13,45.220001220703125,43.869998931884766,45.04999923706055,44.380001068115234,1055600,44.380001068115234
2009-11-16,45.470001220703125,44.790000915527344,44.9900016784668,45.09000015258789,1077200,45.09000015258789
2009-11-17,45.09000015258789,43.95000076293945,44.720001220703125,44.47999954223633,882400,44.47999954223633
2009-11-18,44.619998931884766,43.630001068115234,44.34000015258789,43.70000076293945,1000700,43.70000076293945
2009-11-19,43.45000076293945,41.0,43.130001068115234,41.650001525878906,1456100,41.650001525878906
2009-11-20,41.63999938964844,40.56999969482422,41.41999816894531,41.0,1331200,41.0
2009-11-23,42.06999969482422,41.02000045776367,41.63999938964844,41.36000061035156,1146200,41.36000061035156
2009-11-24,42.40999984741211,41.20000076293945,41.5,42.34000015258789,1208900,42.34000015258789
2009-11-25,42.59000015258789,41.959999084472656,42.59000015258789,42.400001525878906,398700,42.400001525878906
2009-11-27,42.13999938964844,40.63999938964844,41.029998779296875,41.56999969482422,311000,41.56999969482422
2009-11-30,41.40999984741211,39.84000015258789,41.380001068115234,41.08000183105469,821500,41.08000183105469
2009-12-01,43.029998779296875,41.33000183105469,41.63999938964844,42.650001525878906,661500,42.650001525878906
2009-12-02,43.61000061035156,42.54999923706055,42.54999923706055,42.68000030517578,421300,42.68000030517578
2009-12-03,42.95000076293945,41.5,42.7400016784668,41.650001525878906,902300,41.650001525878906
2009-12-04,43.400001525878906,42.369998931884766,42.52000045776367,43.29999923706055,705300,43.29999923706055
2009-12-07,43.7599983215332,42.9900016784668,43.15999984741211,43.529998779296875,1070400,43.529998779296875
2009-12-08,44.349998474121094,42.56999969482422,42.970001220703125,44.220001220703125,1429600,44.220001220703125
2009-12-09,44.650001525878906,43.65999984741211,43.790000915527344,44.41999816894531,851300,44.41999816894531
2009-12-10,45.529998779296875,44.56999969482422,44.790000915527344,45.279998779296875,825400,45.279998779296875
2009-12-11,46.2400016784668,45.22999954223633,45.459999084472656,46.13999938964844,407900,46.13999938964844
2009-12-14,47.119998931884766,46.349998474121094,46.4900016784668,47.08000183105469,436700,47.08000183105469
2009-12-15,47.02000045776367,46.150001525878906,46.790000915527344,46.70000076293945,481600,46.70000076293945
2009-12-16,47.56999969482422,46.79999923706055,46.9900016784668,47.369998931884766,401400,47.369998931884766
2009-12-17,48.970001220703125,47.40999984741211,48.40999984741211,47.439998626708984,981100,47.439998626708984
2009-12-18,47.91999816894531,45.91999816894531,47.59000015258789,46.970001220703125,1052200,46.970001220703125
2009-12-21,48.04999923706055,47.099998474121094,47.630001068115234,48.0099983215332,346400,48.0099983215332
2009-12-22,49.529998779296875,48.099998474121094,48.099998474121094,49.349998474121094,375900,49.349998474121094
2009-12-23,49.79999923706055,48.4900016784668,49.52000045776367,49.59000015258789,360600,49.59000015258789
2009-12-24,49.900001525878906,49.22999954223633,49.849998474121094,49.54999923706055,111600,49.54999923706055
2009-12-28,49.91999816894531,48.470001220703125,49.849998474121094,48.75,321800,48.75
2009-12-29,49.20000076293945,48.459999084472656,48.93000030517578,49.02000045776367,280400,49.02000045776367
2009-12-30,49.439998626708984,48.470001220703125,48.63999938964844,48.599998474121094,283800,48.599998474121094
2009-12-31,48.630001068115234,47.599998474121094,48.630001068115234,47.599998474121094,398900,47.599998474121094
2010-01-04,48.81999969482422,47.95000076293945,48.27000045776367,48.310001373291016,497000,48.310001373291016
2010-01-05,48.380001068115234,47.41999816894531,48.2599983215332,48.119998931884766,621800,48.119998931884766
2010-01-06,48.25,47.7400016784668,47.9900016784668,47.93000030517578,501200,47.93000030517578
2010-01-07,49.25,47.619998931884766,47.65999984741211,48.77000045776367,975200,48.77000045776367
2010-01-08,49.83000183105469,48.459999084472656,48.599998474121094,49.63999938964844,890300,49.63999938964844
2010-01-11,49.970001220703125,49.040000915527344,49.90999984741211,49.43000030517578,673800,49.43000030517578
2010-01-12,49.11000061035156,47.54999923706055,48.880001068115234,48.040000915527344,640100,48.040000915527344
2010-01-13,48.400001525878906,47.779998779296875,48.13999938964844,47.97999954223633,895400,47.97999954223633
2010-01-14,48.2599983215332,47.77000045776367,47.91999816894531,47.79999923706055,783900,47.79999923706055
2010-01-15,48.06999969482422,46.439998626708984,47.81999969482422,46.790000915527344,1206000,46.790000915527344
2010-01-19,47.439998626708984,46.5099983215332,46.77000045776367,46.9900016784668,811600,46.9900016784668
2010-01-20,46.619998931884766,45.59000015258789,46.45000076293945,46.040000915527344,1548900,46.040000915527344
2010-01-21,46.22999954223633,45.08000183105469,46.099998474121094,45.18000030517578,1080300,45.18000030517578
2010-01-22,46.36000061035156,44.650001525878906,45.16999816894531,45.0099983215332,926700,45.0099983215332
2010-01-25,45.7400016784668,43.689998626708984,45.7400016784668,44.540000915527344,1038000,44.540000915527344
2010-01-26,44.70000076293945,43.59000015258789,44.54999923706055,43.689998626708984,713300,43.689998626708984
2010-01-27,43.56999969482422,42.56999969482422,43.5099983215332,43.5099983215332,930600,43.5099983215332
2010-01-28,44.27000045776367,42.709999084472656,43.47999954223633,42.939998626708984,1062900,42.939998626708984
2010-01-29,43.20000076293945,41.33000183105469,43.20000076293945,41.40999984741211,1475700,41.40999984741211
2010-02-01,42.91999816894531,41.66999816894531,41.75,42.72999954223633,1084600,42.72999954223633
2010-02-02,45.939998626708984,42.91999816894531,42.939998626708984,45.709999084472656,1816200,45.709999084472656
2010-02-03,46.529998779296875,45.06999969482422,45.45000076293945,46.25,1339100,46.25
2010-02-04,45.70000076293945,44.459999084472656,45.58000183105469,44.52000045776367,1096400,44.52000045776367
2010-02-05,44.5,42.47999954223633,44.380001068115234,44.43000030517578,1297700,44.43000030517578
2010-02-08,45.16999816894531,43.70000076293945,44.400001525878906,43.77000045776367,864600,43.77000045776367
2010-02-09,44.56999969482422,43.45000076293945,44.41999816894531,44.209999084472656,691000,44.209999084472656
2010-02-10,44.45000076293945,43.16999816894531,44.15999984741211,43.880001068115234,678600,43.880001068115234
2010-02-11,44.65999984741211,43.52000045776367,43.86000061035156,44.5099983215332,711000,44.5099983215332
2010-02-12,44.56999969482422,43.529998779296875,43.90999984741211,44.540000915527344,782800,44.540000915527344
2010-02-16,45.75,44.38999938964844,45.0099983215332,45.70000076293945,949300,45.70000076293945
2010-02-17,46.599998474121094,45.599998474121094,45.86000061035156,46.13999938964844,854700,46.13999938964844
2010-02-18,46.650001525878906,45.5099983215332,46.220001220703125,46.59000015258789,560400,46.59000015258789
2010-02-19,47.209999084472656,46.43000030517578,46.5099983215332,46.779998779296875,652800,46.779998779296875
2010-02-22,47.22999954223633,46.599998474121094,46.91999816894531,46.79999923706055,721000,46.79999923706055
2010-02-23,47.349998474121094,46.47999954223633,46.77000045776367,46.689998626708984,1020500,46.689998626708984
2010-02-24,47.720001220703125,46.18000030517578,46.84000015258789,47.34000015258789,906400,47.34000015258789
2010-02-25,47.86000061035156,45.90999984741211,46.40999984741211,47.779998779296875,895500,47.779998779296875
2010-02-26,52.09000015258789,48.91999816894531,48.91999816894531,51.58000183105469,3071700,51.58000183105469
2010-03-01,52.939998626708984,51.720001220703125,52.029998779296875,52.93000030517578,1118600,52.93000030517578
2010-03-02,53.43000030517578,52.09000015258789,53.09000015258789,52.2400016784668,1226700,52.2400016784668
2010-03-03,53.349998474121094,52.349998474121094,52.5099983215332,53.11000061035156,1013800,53.11000061035156
2010-03-04,53.220001220703125,52.34000015258789,53.119998931884766,52.91999816894531,614500,52.91999816894531
2010-03-05,53.97999954223633,52.959999084472656,53.369998931884766,53.880001068115234,746700,53.880001068115234
2010-03-08,54.869998931884766,53.65999984741211,53.7599983215332,54.709999084472656,733300,54.709999084472656
2010-03-09,55.06999969482422,54.380001068115234,54.5,54.54999923706055,917400,54.54999923706055
2010-03-10,55.209999084472656,54.13999938964844,54.529998779296875,54.27000045776367,824700,54.27000045776367
2010-03-11,54.779998779296875,53.7400016784668,53.970001220703125,54.290000915527344,558100,54.290000915527344
2010-03-12,54.619998931884766,53.380001068115234,54.619998931884766,53.93000030517578,804400,53.93000030517578
2010-03-15,54.29999923706055,53.119998931884766,53.95000076293945,54.18000030517578,506500,54.18000030517578
2010-03-16,54.58000183105469,53.59000015258789,54.41999816894531,54.060001373291016,630800,54.060001373291016
2010-03-17,55.0,54.099998474121094,54.15999984741211,54.41999816894531,499900,54.41999816894531
2010-03-18,55.0,54.06999969482422,54.4900016784668,54.189998626708984,395000,54.189998626708984
2010-03-19,54.4900016784668,52.97999954223633,53.029998779296875,53.029998779296875,832300,53.029998779296875
2010-03-22,54.58000183105469,52.56999969482422,52.56999969482422,54.290000915527344,511600,54.290000915527344
2010-03-23,55.220001220703125,53.540000915527344,54.459999084472656,54.189998626708984,496200,54.189998626708984
2010-03-24,54.5099983215332,53.75,53.880001068115234,53.86000061035156,441000,53.86000061035156
2010-03-25,54.79999923706055,52.88999938964844,54.380001068115234,53.02000045776367,753500,53.02000045776367
2010-03-26,53.779998779296875,52.689998626708984,53.40999984741211,53.130001068115234,379500,53.130001068115234
2010-03-29,54.9900016784668,53.20000076293945,53.630001068115234,54.9900016784668,952200,54.9900016784668
2010-03-30,55.52000045776367,54.08000183105469,54.939998626708984,54.25,497400,54.25
2010-03-31,55.11000061035156,54.029998779296875,54.150001525878906,54.380001068115234,631800,54.380001068115234
2010-04-01,55.09000015258789,54.220001220703125,54.959999084472656,54.72999954223633,345000,54.72999954223633
2010-04-05,55.29999923706055,54.470001220703125,55.029998779296875,54.790000915527344,617600,54.790000915527344
2010-04-06,54.779998779296875,53.79999923706055,54.41999816894531,54.27000045776367,525800,54.27000045776367
2010-04-07,54.540000915527344,52.7599983215332,54.18000030517578,53.209999084472656,485800,53.209999084472656
2010-04-08,54.09000015258789,52.33000183105469,52.86000061035156,53.959999084472656,344100,53.959999084472656
2010-04-09,55.220001220703125,53.369998931884766,54.150001525878906,55.119998931884766,419500,55.119998931884766
2010-04-12,56.720001220703125,54.86000061035156,55.45000076293945,56.45000076293945,1707700,56.45000076293945
2010-04-13,57.4900016784668,56.310001373291016,56.470001220703125,57.31999969482422,646700,57.31999969482422
2010-04-14,59.900001525878906,57.650001525878906,57.709999084472656,59.68000030517578,1381400,59.68000030517578
2010-04-15,60.369998931884766,58.66999816894531,59.380001068115234,58.689998626708984,1331700,58.689998626708984
2010-04-16,58.06999969482422,55.9900016784668,58.06999969482422,57.20000076293945,898800,57.20000076293945
2010-04-19,59.70000076293945,57.470001220703125,58.29999923706055,58.779998779296875,931800,58.779998779296875
2010-04-20,60.34000015258789,59.08000183105469,59.08000183105469,59.56999969482422,995200,59.56999969482422
2010-04-21,60.63999938964844,59.70000076293945,59.86000061035156,60.470001220703125,1211700,60.470001220703125
2010-04-22,61.75,59.27000045776367,59.810001373291016,61.720001220703125,1200100,61.720001220703125
2010-04-23,64.30000305175781,61.59000015258789,61.75,63.18000030517578,1618400,63.18000030517578
2010-04-26,64.36000061035156,62.65999984741211,63.47999954223633,62.790000915527344,1064700,62.790000915527344
2010-04-27,62.93000030517578,60.310001373291016,62.380001068115234,60.4900016784668,1104400,60.4900016784668
2010-04-28,61.27000045776367,59.630001068115234,60.970001220703125,60.720001220703125,935700,60.720001220703125
2010-04-29,64.29000091552734,61.11000061035156,61.33000183105469,63.650001525878906,1821000,63.650001525878906
2010-04-30,66.93000030517578,63.54999923706055,64.05999755859375,63.7400016784668,2030500,63.7400016784668
2010-05-03,65.02999877929688,63.689998626708984,64.13999938964844,64.45999908447266,1124800,64.45999908447266
2010-05-04,63.45000076293945,61.77000045776367,63.31999969482422,62.18000030517578,1285000,62.18000030517578
2010-05-05,61.59000015258789,59.58000183105469,61.5,60.529998779296875,1283600,60.529998779296875
2010-05-06,61.11000061035156,52.93000030517578,59.9900016784668,58.70000076293945,1408400,58.70000076293945
2010-05-07,59.0,54.970001220703125,58.66999816894531,55.02000045776367,1659000,55.02000045776367
2010-05-10,60.06999969482422,57.540000915527344,58.279998779296875,60.0,980000,60.0
2010-05-11,61.86000061035156,58.9900016784668,58.9900016784668,60.9900016784668,906000,60.9900016784668
2010-05-12,64.30999755859375,60.9900016784668,61.16999816894531,64.0199966430664,1387400,64.0199966430664
2010-05-13,63.900001525878906,61.599998474121094,63.900001525878906,62.20000076293945,898900,62.20000076293945
2010-05-14,61.869998931884766,60.099998474121094,61.52000045776367,61.22999954223633,710200,61.22999954223633
2010-05-17,63.16999816894531,59.790000915527344,61.5099983215332,62.97999954223633,1197000,62.97999954223633
2010-05-18,64.58000183105469,60.27000045776367,63.779998779296875,60.86000061035156,968100,60.86000061035156
2010-05-19,61.16999816894531,57.959999084472656,60.2400016784668,59.22999954223633,956300,59.22999954223633
2010-05-20,57.189998626708984,54.59000015258789,57.0099983215332,55.400001525878906,1373300,55.400001525878906
2010-05-21,56.63999938964844,53.66999816894531,54.040000915527344,55.38999938964844,1315700,55.38999938964844
2010-05-24,56.4900016784668,54.560001373291016,55.22999954223633,54.65999984741211,614700,54.65999984741211
2010-05-25,54.95000076293945,52.029998779296875,52.650001525878906,54.849998474121094,661500,54.849998474121094
2010-05-26,56.810001373291016,54.290000915527344,55.20000076293945,54.560001373291016,823000,54.560001373291016
2010-05-27,57.349998474121094,55.33000183105469,55.68000030517578,57.29999923706055,583800,57.29999923706055
2010-05-28,57.75,55.40999984741211,57.099998474121094,56.15999984741211,518600,56.15999984741211
2010-06-01,56.529998779296875,53.7599983215332,55.83000183105469,53.880001068115234,553900,53.880001068115234
2010-06-02,55.209999084472656,53.5,54.29999923706055,55.20000076293945,855300,55.20000076293945
2010-06-03,55.97999954223633,54.040000915527344,55.189998626708984,54.400001525878906,595000,54.400001525878906
2010-06-04,53.400001525878906,50.47999954223633,53.08000183105469,51.0,1197300,51.0
2010-06-07,51.310001373291016,48.56999969482422,51.06999969482422,48.68000030517578,1106100,48.68000030517578
2010-06-08,49.040000915527344,46.38999938964844,48.630001068115234,47.61000061035156,1755600,47.61000061035156
2010-06-09,49.90999984741211,47.540000915527344,47.86000061035156,47.86000061035156,794400,47.86000061035156
2010-06-10,50.06999969482422,48.619998931884766,49.13999938964844,49.91999816894531,657300,49.91999816894531
2010-06-11,50.36000061035156,48.630001068115234,48.630001068115234,50.13999938964844,525400,50.13999938964844
2010-06-14,54.209999084472656,51.939998626708984,51.959999084472656,53.7599983215332,1352800,53.7599983215332
2010-06-15,54.68000030517578,52.560001373291016,53.90999984741211,54.54999923706055,875200,54.54999923706055
2010-06-16,53.880001068115234,52.34000015258789,53.880001068115234,53.27000045776367,729000,53.27000045776367
2010-06-17,53.540000915527344,51.400001525878906,53.33000183105469,52.43000030517578,455800,52.43000030517578
2010-06-18,52.75,51.88999938964844,52.150001525878906,52.33000183105469,560000,52.33000183105469
2010-06-21,53.900001525878906,51.61000061035156,53.33000183105469,51.880001068115234,367500,51.880001068115234
2010-06-22,52.43000030517578,49.86000061035156,51.86000061035156,50.36000061035156,1019100,50.36000061035156
2010-06-23,51.779998779296875,48.88999938964844,50.15999984741211,50.7400016784668,718600,50.7400016784668
2010-06-24,50.529998779296875,48.900001525878906,50.439998626708984,49.38999938964844,707400,49.38999938964844
2010-06-25,50.290000915527344,48.52000045776367,49.54999923706055,49.939998626708984,822000,49.939998626708984
2010-06-28,50.689998626708984,49.2599983215332,50.2400016784668,49.68000030517578,374900,49.68000030517578
2010-06-29,48.630001068115234,46.2400016784668,48.630001068115234,46.7400016784668,1059100,46.7400016784668
2010-06-30,47.16999816894531,45.63999938964844,46.529998779296875,45.7599983215332,715800,45.7599983215332
2010-07-01,45.959999084472656,43.75,45.61000061035156,44.54999923706055,1115200,44.54999923706055
2010-07-02,45.16999816894531,43.58000183105469,44.880001068115234,44.189998626708984,468100,44.189998626708984
2010-07-06,45.91999816894531,43.31999969482422,45.060001373291016,43.849998474121094,643100,43.849998474121094
2010-07-07,45.08000183105469,43.66999816894531,43.900001525878906,44.5,1710000,44.5
2010-07-08,45.65999984741211,44.380001068115234,45.209999084472656,45.34000015258789,861200,45.34000015258789
2010-07-09,46.130001068115234,44.7599983215332,45.2599983215332,46.02000045776367,379900,46.02000045776367
2010-07-12,46.209999084472656,44.619998931884766,45.790000915527344,45.619998931884766,353900,45.619998931884766
2010-07-13,48.59000015258789,46.040000915527344,46.25,48.279998779296875,504200,48.279998779296875
2010-07-14,48.11000061035156,46.66999816894531,48.0,47.459999084472656,409600,47.459999084472656
2010-07-15,47.45000076293945,45.66999816894531,47.41999816894531,46.310001373291016,584500,46.310001373291016
2010-07-16,45.900001525878906,43.709999084472656,45.900001525878906,43.79999923706055,1040400,43.79999923706055
2010-07-19,44.349998474121094,43.130001068115234,44.11000061035156,44.310001373291016,555600,44.310001373291016
2010-07-20,47.119998931884766,43.380001068115234,43.5,46.939998626708984,1126200,46.939998626708984
2010-07-21,47.59000015258789,44.45000076293945,47.209999084472656,44.91999816894531,1099500,44.91999816894531
2010-07-22,48.08000183105469,45.7599983215332,45.900001525878906,47.970001220703125,911100,47.970001220703125
2010-07-23,49.689998626708984,47.34000015258789,47.599998474121094,49.5,732700,49.5
2010-07-26,50.90999984741211,49.31999969482422,49.630001068115234,50.61000061035156,407500,50.61000061035156
2010-07-27,51.83000183105469,49.0099983215332,50.9900016784668,49.709999084472656,639100,49.709999084472656
2010-07-28,50.06999969482422,47.959999084472656,49.599998474121094,48.380001068115234,421700,48.380001068115234
2010-07-29,49.18000030517578,47.540000915527344,48.72999954223633,48.61000061035156,461900,48.61000061035156
2010-07-30,49.220001220703125,47.70000076293945,47.88999938964844,48.93000030517578,477600,48.93000030517578
2010-08-02,51.099998474121094,49.95000076293945,49.97999954223633,50.939998626708984,488700,50.939998626708984
2010-08-03,50.650001525878906,49.189998626708984,50.529998779296875,49.720001220703125,497000,49.720001220703125
2010-08-04,50.86000061035156,49.4900016784668,50.04999923706055,49.9900016784668,348500,49.9900016784668
2010-08-05,49.459999084472656,47.45000076293945,49.38999938964844,48.709999084472656,1938000,48.709999084472656
2010-08-06,52.5,49.790000915527344,50.599998474121094,51.88999938964844,1950200,51.88999938964844
2010-08-09,53.18000030517578,51.91999816894531,52.400001525878906,52.959999084472656,720100,52.959999084472656
2010-08-10,52.5099983215332,50.7599983215332,52.29999923706055,50.86000061035156,1072100,50.86000061035156
2010-08-11,49.54999923706055,47.81999969482422,49.47999954223633,48.0,1067100,48.0
2010-08-12,48.29999923706055,46.40999984741211,46.66999816894531,46.45000076293945,1092500,46.45000076293945
2010-08-13,46.40999984741211,45.22999954223633,46.2599983215332,45.2599983215332,886100,45.2599983215332
2010-08-16,46.040000915527344,44.41999816894531,45.130001068115234,45.11000061035156,558100,45.11000061035156
2010-08-17,47.400001525878906,45.84000015258789,45.880001068115234,46.08000183105469,578900,46.08000183105469
2010-08-18,47.43000030517578,45.7400016784668,46.290000915527344,46.369998931884766,547600,46.369998931884766
2010-08-19,46.400001525878906,44.65999984741211,46.0,44.720001220703125,917300,44.720001220703125
2010-08-20,45.09000015258789,44.459999084472656,44.52000045776367,44.7400016784668,723500,44.7400016784668
2010-08-23,45.209999084472656,43.720001220703125,45.209999084472656,43.779998779296875,898600,43.779998779296875
2010-08-24,44.63999938964844,42.61000061035156,42.939998626708984,43.540000915527344,1775000,43.540000915527344
2010-08-25,45.38999938964844,43.11000061035156,43.13999938964844,45.29999923706055,1216000,45.29999923706055
2010-08-26,45.939998626708984,44.38999938964844,45.41999816894531,44.709999084472656,877200,44.709999084472656
2010-08-27,46.7400016784668,44.18000030517578,45.369998931884766,46.58000183105469,721100,46.58000183105469
2010-08-30,46.810001373291016,44.58000183105469,46.20000076293945,44.650001525878906,464300,44.650001525878906
2010-08-31,45.560001373291016,44.04999923706055,44.43000030517578,44.310001373291016,543300,44.310001373291016
2010-09-01,46.40999984741211,45.099998474121094,45.5099983215332,46.279998779296875,540600,46.279998779296875
2010-09-02,48.15999984741211,46.099998474121094,46.369998931884766,48.09000015258789,513600,48.09000015258789
2010-09-03,49.7599983215332,48.15999984741211,48.88999938964844,48.84000015258789,414200,48.84000015258789
2010-09-07,48.65999984741211,46.43000030517578,48.470001220703125,46.540000915527344,624300,46.540000915527344
2010-09-08,47.150001525878906,46.02000045776367,46.540000915527344,46.470001220703125,774700,46.470001220703125
2010-09-09,48.099998474121094,47.20000076293945,47.63999938964844,47.79999923706055,527400,47.79999923706055
2010-09-10,48.56999969482422,47.56999969482422,47.86000061035156,48.130001068115234,307100,48.130001068115234
2010-09-13,49.33000183105469,48.279998779296875,48.88999938964844,49.119998931884766,284500,49.119998931884766
2010-09-14,49.630001068115234,48.59000015258789,49.08000183105469,49.310001373291016,484100,49.310001373291016
2010-09-15,49.36000061035156,48.31999969482422,48.95000076293945,48.4900016784668,530000,48.4900016784668
2010-09-16,48.90999984741211,47.939998626708984,48.20000076293945,48.63999938964844,445900,48.63999938964844
2010-09-17,49.58000183105469,48.630001068115234,48.900001525878906,48.95000076293945,464800,48.95000076293945
2010-09-20,50.29999923706055,48.7599983215332,49.310001373291016,50.13999938964844,579700,50.13999938964844
2010-09-21,52.22999954223633,50.790000915527344,51.0,51.150001525878906,645100,51.150001525878906
2010-09-22,51.029998779296875,49.06999969482422,50.77000045776367,49.310001373291016,714000,49.310001373291016
2010-09-23,49.7599983215332,48.16999816894531,48.68000030517578,48.47999954223633,468900,48.47999954223633
2010-09-24,52.0099983215332,49.189998626708984,49.45000076293945,51.91999816894531,620600,51.91999816894531
2010-09-27,52.310001373291016,50.599998474121094,51.790000915527344,51.790000915527344,658100,51.790000915527344
2010-09-28,53.369998931884766,50.790000915527344,51.91999816894531,52.790000915527344,1118600,52.790000915527344
2010-09-29,52.599998474121094,51.34000015258789,52.349998474121094,52.369998931884766,565500,52.369998931884766
2010-09-30,54.939998626708984,52.81999969482422,53.439998626708984,53.29999923706055,923300,53.29999923706055
2010-10-01,54.11000061035156,53.0,54.11000061035156,54.0,548700,54.0
2010-10-04,54.099998474121094,52.779998779296875,53.900001525878906,53.209999084472656,540400,53.209999084472656
2010-10-05,54.150001525878906,53.040000915527344,53.040000915527344,53.939998626708984,590100,53.939998626708984
2010-10-06,53.959999084472656,52.59000015258789,53.689998626708984,53.29999923706055,554800,53.29999923706055
2010-10-07,54.0,52.88999938964844,53.529998779296875,53.849998474121094,392200,53.849998474121094
2010-10-08,54.72999954223633,53.470001220703125,53.75,54.41999816894531,435100,54.41999816894531
2010-10-11,54.45000076293945,53.47999954223633,54.45000076293945,53.540000915527344,247700,53.540000915527344
2010-10-12,55.880001068115234,53.349998474121094,53.54999923706055,55.41999816894531,754800,55.41999816894531
2010-10-13,57.47999954223633,55.83000183105469,56.849998474121094,55.849998474121094,891000,55.849998474121094
2010-10-14,56.06999969482422,54.849998474121094,55.689998626708984,55.380001068115234,379500,55.380001068115234
2010-10-15,56.220001220703125,54.75,56.18000030517578,55.04999923706055,662300,55.04999923706055
2010-10-18,55.560001373291016,54.779998779296875,55.0,55.27000045776367,298900,55.27000045776367
2010-10-19,56.689998626708984,53.959999084472656,54.209999084472656,55.060001373291016,827200,55.060001373291016
2010-10-20,57.209999084472656,54.43000030517578,55.400001525878906,56.88999938964844,892600,56.88999938964844
2010-10-21,58.130001068115234,56.150001525878906,57.220001220703125,57.099998474121094,676700,57.099998474121094
2010-10-22,57.56999969482422,56.380001068115234,57.18000030517578,57.459999084472656,783600,57.459999084472656
2010-10-25,58.86000061035156,57.91999816894531,58.040000915527344,58.189998626708984,656800,58.189998626708984
2010-10-26,58.20000076293945,56.81999969482422,57.529998779296875,57.9900016784668,598800,57.9900016784668
2010-10-27,57.5,56.54999923706055,57.0099983215332,57.43000030517578,714500,57.43000030517578
2010-10-28,57.95000076293945,55.849998474121094,57.720001220703125,56.54999923706055,421700,56.54999923706055
2010-10-29,57.400001525878906,56.25,56.369998931884766,57.34000015258789,412700,57.34000015258789
2010-11-01,58.209999084472656,56.439998626708984,57.97999954223633,56.849998474121094,907200,56.849998474121094
2010-11-02,59.2400016784668,56.959999084472656,57.099998474121094,59.15999984741211,586300,59.15999984741211
2010-11-03,59.45000076293945,58.029998779296875,59.2400016784668,58.70000076293945,553100,58.70000076293945
2010-11-04,60.34000015258789,59.290000915527344,59.65999984741211,60.31999969482422,1407800,60.31999969482422
2010-11-05,58.84000015258789,55.59000015258789,57.119998931884766,57.08000183105469,3007800,57.08000183105469
2010-11-08,57.939998626708984,55.70000076293945,56.9900016784668,55.93000030517578,853300,55.93000030517578
2010-11-09,56.040000915527344,53.93000030517578,56.040000915527344,54.20000076293945,893400,54.20000076293945
2010-11-10,54.869998931884766,53.099998474121094,54.36000061035156,54.20000076293945,876100,54.20000076293945
2010-11-11,54.130001068115234,53.31999969482422,53.380001068115234,53.849998474121094,299600,53.849998474121094
2010-11-12,53.68000030517578,52.86000061035156,53.40999984741211,53.040000915527344,526300,53.040000915527344
2010-11-15,54.599998474121094,53.0099983215332,53.459999084472656,53.130001068115234,330900,53.130001068115234
2010-11-16,53.47999954223633,51.619998931884766,52.220001220703125,52.18000030517578,537000,52.18000030517578
2010-11-17,52.91999816894531,51.54999923706055,52.4900016784668,51.970001220703125,721100,51.970001220703125
2010-11-18,53.45000076293945,52.470001220703125,52.7599983215332,52.560001373291016,434000,52.560001373291016
2010-11-19,53.27000045776367,51.880001068115234,52.59000015258789,53.22999954223633,389800,53.22999954223633
2010-11-22,53.68000030517578,52.470001220703125,52.900001525878906,53.54999923706055,368700,53.54999923706055
2010-11-23,53.290000915527344,52.29999923706055,52.70000076293945,52.5099983215332,397000,52.5099983215332
2010-11-24,53.4900016784668,52.58000183105469,52.58000183105469,53.33000183105469,375800,53.33000183105469
2010-11-26,53.27000045776367,52.56999969482422,52.83000183105469,52.95000076293945,78900,52.95000076293945
2010-11-29,53.540000915527344,51.95000076293945,52.45000076293945,53.130001068115234,304800,53.130001068115234
2010-11-30,52.970001220703125,51.939998626708984,52.279998779296875,52.540000915527344,357400,52.540000915527344
2010-12-01,54.65999984741211,53.41999816894531,53.540000915527344,54.349998474121094,570700,54.349998474121094
2010-12-02,56.779998779296875,54.439998626708984,54.58000183105469,56.56999969482422,491800,56.56999969482422
2010-12-03,56.31999969482422,55.220001220703125,56.220001220703125,56.02000045776367,486000,56.02000045776367
2010-12-06,57.29999923706055,55.790000915527344,55.970001220703125,56.939998626708984,473000,56.939998626708984
2010-12-07,58.09000015258789,56.470001220703125,57.869998931884766,56.54999923706055,453200,56.54999923706055
2010-12-08,57.18000030517578,56.18000030517578,56.58000183105469,56.45000076293945,409700,56.45000076293945
2010-12-09,58.06999969482422,57.0,57.040000915527344,57.86000061035156,315800,57.86000061035156
2010-12-10,58.2599983215332,57.630001068115234,57.65999984741211,58.0,327700,58.0
2010-12-13,58.470001220703125,57.90999984741211,58.29999923706055,58.06999969482422,351800,58.06999969482422
2010-12-14,58.7400016784668,58.040000915527344,58.2599983215332,58.400001525878906,441700,58.400001525878906
2010-12-15,59.5,58.06999969482422,58.34000015258789,59.310001373291016,525900,59.310001373291016
2010-12-16,60.689998626708984,59.369998931884766,59.369998931884766,60.13999938964844,458900,60.13999938964844
2010-12-17,60.33000183105469,59.439998626708984,60.209999084472656,59.91999816894531,736300,59.91999816894531
2010-12-20,61.029998779296875,59.77000045776367,60.029998779296875,60.75,502400,60.75
2010-12-21,61.279998779296875,60.41999816894531,60.93000030517578,60.5099983215332,462400,60.5099983215332
2010-12-22,61.25,59.959999084472656,60.70000076293945,60.099998474121094,386600,60.099998474121094
2010-12-23,60.5,58.7599983215332,60.150001525878906,58.849998474121094,528500,58.849998474121094
2010-12-27,59.790000915527344,58.09000015258789,58.540000915527344,59.0,402000,59.0
2010-12-28,59.22999954223633,58.43000030517578,59.04999923706055,58.869998931884766,245300,58.869998931884766
2010-12-29,59.0,58.209999084472656,59.0,58.4900016784668,327600,58.4900016784668
2010-12-30,58.75,57.5099983215332,58.5,57.689998626708984,286700,57.689998626708984
2010-12-31,57.650001525878906,56.720001220703125,57.5,56.7599983215332,308800,56.7599983215332
2011-01-03,58.220001220703125,57.16999816894531,57.70000076293945,57.790000915527344,509500,57.790000915527344
2011-01-04,58.34000015258789,56.52000045776367,57.939998626708984,57.130001068115234,421800,57.130001068115234
2011-01-05,57.84000015258789,57.029998779296875,57.099998474121094,57.439998626708984,284900,57.439998626708984
2011-01-06,58.06999969482422,57.11000061035156,57.650001525878906,57.68000030517578,392600,57.68000030517578
2011-01-07,58.25,56.20000076293945,57.90999984741211,57.08000183105469,349400,57.08000183105469
2011-01-10,57.68000030517578,55.36000061035156,56.75,57.349998474121094,455600,57.349998474121094
2011-01-11,58.25,56.77000045776367,57.7400016784668,57.25,377700,57.25
2011-01-12,58.2599983215332,57.369998931884766,57.66999816894531,57.59000015258789,370200,57.59000015258789
2011-01-13,57.68000030517578,56.970001220703125,57.68000030517578,57.11000061035156,165100,57.11000061035156
2011-01-14,58.400001525878906,56.869998931884766,57.02000045776367,58.369998931884766,366700,58.369998931884766
2011-01-18,58.25,55.970001220703125,57.33000183105469,58.13999938964844,782900,58.13999938964844
2011-01-19,58.43000030517578,57.689998626708984,57.93000030517578,58.16999816894531,538500,58.16999816894531
2011-01-20,58.95000076293945,57.599998474121094,57.91999816894531,58.599998474121094,603300,58.599998474121094
2011-01-21,59.40999984741211,57.029998779296875,59.040000915527344,57.25,519700,57.25
2011-01-24,58.439998626708984,57.04999923706055,57.150001525878906,58.0,315800,58.0
2011-01-25,58.7400016784668,57.56999969482422,57.84000015258789,58.43000030517578,491300,58.43000030517578
2011-01-26,60.45000076293945,58.18000030517578,58.58000183105469,58.959999084472656,723300,58.959999084472656
2011-01-27,59.099998474121094,57.43000030517578,58.81999969482422,58.779998779296875,703400,58.779998779296875
2011-01-28,59.08000183105469,55.4900016784668,58.77000045776367,55.560001373291016,1007600,55.560001373291016
2011-01-31,56.560001373291016,55.4900016784668,55.86000061035156,55.54999923706055,702700,55.54999923706055
2011-02-01,56.36000061035156,55.7599983215332,56.040000915527344,56.099998474121094,615200,56.099998474121094
2011-02-02,56.25,55.33000183105469,55.810001373291016,55.38999938964844,408500,55.38999938964844
2011-02-03,55.97999954223633,54.41999816894531,55.220001220703125,55.52000045776367,549000,55.52000045776367
2011-02-04,56.439998626708984,55.36000061035156,55.66999816894531,56.27000045776367,303300,56.27000045776367
2011-02-07,58.2599983215332,56.310001373291016,56.400001525878906,58.25,443600,58.25
2011-02-08,59.33000183105469,57.9900016784668,58.29999923706055,59.189998626708984,358000,59.189998626708984
2011-02-09,59.61000061035156,58.77000045776367,58.970001220703125,59.4900016784668,409800,59.4900016784668
2011-02-10,59.709999084472656,58.77000045776367,59.130001068115234,59.18000030517578,450500,59.18000030517578
2011-02-11,59.790000915527344,58.439998626708984,58.86000061035156,59.540000915527344,202900,59.540000915527344
2011-02-14,59.79999923706055,58.90999984741211,59.63999938964844,59.0,227300,59.0
2011-02-15,59.27000045776367,56.970001220703125,58.650001525878906,57.2599983215332,722300,57.2599983215332
2011-02-16,58.540000915527344,57.38999938964844,57.5099983215332,58.13999938964844,388400,58.13999938964844
2011-02-17,59.20000076293945,57.849998474121094,57.97999954223633,59.040000915527344,314000,59.040000915527344
2011-02-18,59.619998931884766,59.029998779296875,59.27000045776367,59.29999923706055,270200,59.29999923706055
2011-02-22,58.72999954223633,56.970001220703125,58.63999938964844,57.34000015258789,736500,57.34000015258789
2011-02-23,58.220001220703125,56.0,56.400001525878906,57.779998779296875,1410900,57.779998779296875
2011-02-24,57.709999084472656,56.150001525878906,57.70000076293945,56.91999816894531,877900,56.91999816894531
2011-02-25,58.56999969482422,57.0,57.189998626708984,58.45000076293945,416800,58.45000076293945
2011-02-28,59.15999984741211,57.470001220703125,58.70000076293945,58.11000061035156,365800,58.11000061035156
2011-03-01,58.86000061035156,56.4900016784668,58.29999923706055,56.77000045776367,589400,56.77000045776367
2011-03-02,58.150001525878906,56.7599983215332,56.7599983215332,57.5099983215332,346400,57.5099983215332
2011-03-03,58.81999969482422,57.36000061035156,58.310001373291016,58.06999969482422,435600,58.06999969482422
2011-03-04,58.16999816894531,56.63999938964844,58.0099983215332,56.84000015258789,549600,56.84000015258789
2011-03-07,56.959999084472656,54.65999984741211,56.880001068115234,55.25,687100,55.25
2011-03-08,57.779998779296875,55.04999923706055,55.349998474121094,56.97999954223633,535500,56.97999954223633
2011-03-09,59.290000915527344,56.77000045776367,56.97999954223633,59.119998931884766,501100,59.119998931884766
2011-03-10,58.83000183105469,57.41999816894531,58.27000045776367,57.56999969482422,325900,57.56999969482422
2011-03-11,58.279998779296875,57.209999084472656,57.279998779296875,57.90999984741211,1463500,57.90999984741211
2011-03-14,58.09000015258789,57.16999816894531,57.2400016784668,57.52000045776367,549700,57.52000045776367
2011-03-15,58.34000015258789,55.7400016784668,55.79999923706055,58.029998779296875,938500,58.029998779296875
2011-03-16,57.9900016784668,56.63999938964844,57.810001373291016,57.04999923706055,404500,57.04999923706055
2011-03-17,58.13999938964844,56.959999084472656,57.95000076293945,57.04999923706055,506600,57.04999923706055
2011-03-18,57.970001220703125,57.279998779296875,57.90999984741211,57.43000030517578,570400,57.43000030517578
2011-03-21,58.939998626708984,57.84000015258789,58.27000045776367,58.77000045776367,322000,58.77000045776367
2011-03-22,58.939998626708984,57.88999938964844,58.88999938964844,58.20000076293945,352600,58.20000076293945
2011-03-23,58.29999923706055,57.25,58.04999923706055,58.02000045776367,243000,58.02000045776367
2011-03-24,58.880001068115234,57.79999923706055,58.349998474121094,58.689998626708984,263400,58.689998626708984
2011-03-25,60.09000015258789,58.59000015258789,58.86000061035156,59.689998626708984,301000,59.689998626708984
2011-03-28,59.939998626708984,58.79999923706055,59.810001373291016,58.90999984741211,256400,58.90999984741211
2011-03-29,59.65999984741211,58.61000061035156,58.779998779296875,59.529998779296875,256300,59.529998779296875
2011-03-30,60.709999084472656,59.349998474121094,59.83000183105469,60.45000076293945,243300,60.45000076293945
2011-03-31,61.220001220703125,60.16999816894531,60.20000076293945,61.150001525878906,369200,61.150001525878906
2011-04-01,63.119998931884766,61.2400016784668,61.7599983215332,62.5,777800,62.5
2011-04-04,62.93000030517578,61.72999954223633,62.77000045776367,61.86000061035156,255200,61.86000061035156
2011-04-05,62.40999984741211,61.04999923706055,61.560001373291016,61.810001373291016,360100,61.810001373291016
2011-04-06,62.70000076293945,61.560001373291016,62.279998779296875,61.880001068115234,201800,61.880001068115234
2011-04-07,62.560001373291016,61.619998931884766,61.869998931884766,62.119998931884766,284800,62.119998931884766
2011-04-08,62.83000183105469,60.54999923706055,62.650001525878906,60.68000030517578,212600,60.68000030517578
2011-04-11,61.560001373291016,60.38999938964844,60.779998779296875,60.63999938964844,296500,60.63999938964844
2011-04-12,60.63999938964844,59.86000061035156,60.189998626708984,60.15999984741211,432800,60.15999984741211
2011-04-13,60.650001525878906,59.029998779296875,60.41999816894531,59.90999984741211,446300,59.90999984741211
2011-04-14,59.68000030517578,59.18000030517578,59.34000015258789,59.5,332100,59.5
2011-04-15,59.880001068115234,58.86000061035156,59.52000045776367,59.84000015258789,333900,59.84000015258789
2011-04-18,59.599998474121094,58.61000061035156,58.849998474121094,59.25,510700,59.25
2011-04-19,59.93000030517578,58.91999816894531,59.560001373291016,59.40999984741211,323800,59.40999984741211
2011-04-20,60.41999816894531,59.79999923706055,60.400001525878906,60.099998474121094,334400,60.099998474121094
2011-04-21,60.56999969482422,59.849998474121094,60.56999969482422,60.33000183105469,225000,60.33000183105469
2011-04-25,60.34000015258789,59.22999954223633,60.16999816894531,59.290000915527344,232900,59.290000915527344
2011-04-26,59.66999816894531,59.06999969482422,59.33000183105469,59.529998779296875,304900,59.529998779296875
2011-04-27,60.380001068115234,59.36000061035156,59.79999923706055,60.34000015258789,307800,60.34000015258789
2011-04-28,60.77000045776367,59.95000076293945,60.099998474121094,60.29999923706055,251000,60.29999923706055
2011-04-29,60.540000915527344,59.790000915527344,60.41999816894531,60.040000915527344,340000,60.040000915527344
2011-05-02,61.939998626708984,60.349998474121094,60.349998474121094,61.599998474121094,1028400,61.599998474121094
2011-05-03,62.54999923706055,60.380001068115234,61.58000183105469,61.09000015258789,744600,61.09000015258789
2011-05-04,62.0,60.220001220703125,61.060001373291016,61.75,670700,61.75
2011-05-05,63.9900016784668,60.810001373291016,61.119998931884766,63.16999816894531,905900,63.16999816894531
2011-05-06,68.5999984741211,64.93000030517578,64.9800033569336,67.4800033569336,1312400,67.4800033569336
2011-05-09,68.58999633789062,67.5,68.0,68.05999755859375,694600,68.05999755859375
2011-05-10,68.86000061035156,67.6500015258789,68.05000305175781,68.5,694500,68.5
2011-05-11,68.52999877929688,66.54000091552734,68.33999633789062,67.41999816894531,583900,67.41999816894531
2011-05-12,68.02999877929688,66.76000213623047,67.02999877929688,67.5999984741211,468000,67.5999984741211
2011-05-13,68.13999938964844,67.0999984741211,67.66000366210938,67.5,251100,67.5
2011-05-16,67.47000122070312,66.19999694824219,67.01000213623047,66.30999755859375,369400,66.30999755859375
2011-05-17,66.58999633789062,65.68000030517578,66.02999877929688,66.16999816894531,473700,66.16999816894531
2011-05-18,67.25,66.19999694824219,66.4000015258789,67.16999816894531,338000,67.16999816894531
2011-05-19,67.80999755859375,66.19999694824219,67.41999816894531,66.75,334400,66.75
2011-05-20,66.55000305175781,65.20999908447266,66.55000305175781,65.29000091552734,312800,65.29000091552734
2011-05-23,65.58000183105469,64.0,64.2300033569336,65.05999755859375,288700,65.05999755859375
2011-05-24,65.26000213623047,64.45999908447266,65.2300033569336,64.79000091552734,205200,64.79000091552734
2011-05-25,64.97000122070312,64.19999694824219,64.54000091552734,64.72000122070312,234900,64.72000122070312
2011-05-26,65.62999725341797,64.58999633789062,64.79000091552734,65.4000015258789,361700,65.4000015258789
2011-05-27,66.1500015258789,65.43000030517578,65.66000366210938,65.91000366210938,248500,65.91000366210938
2011-05-31,66.6500015258789,65.80000305175781,66.51000213623047,66.5199966430664,270300,66.5199966430664
2011-06-01,66.55000305175781,65.11000061035156,66.37000274658203,65.16999816894531,493300,65.16999816894531
2011-06-02,65.69999694824219,64.33000183105469,65.4000015258789,64.62000274658203,291400,64.62000274658203
2011-06-03,64.16000366210938,62.72999954223633,63.630001068115234,62.88999938964844,441700,62.88999938964844
2011-06-06,62.95000076293945,61.099998474121094,62.900001525878906,61.15999984741211,537900,61.15999984741211
2011-06-07,61.689998626708984,60.630001068115234,61.56999969482422,60.709999084472656,390600,60.709999084472656
2011-06-08,60.650001525878906,59.40999984741211,60.31999969482422,60.220001220703125,527100,60.220001220703125
2011-06-09,61.439998626708984,59.7599983215332,60.349998474121094,60.9900016784668,327200,60.9900016784668
2011-06-10,60.83000183105469,58.81999969482422,60.779998779296875,59.040000915527344,483000,59.040000915527344
2011-06-13,60.279998779296875,58.939998626708984,59.11000061035156,60.0099983215332,330000,60.0099983215332
2011-06-14,62.06999969482422,60.43000030517578,60.790000915527344,60.5,561400,60.5
2011-06-15,59.9900016784668,58.029998779296875,59.66999816894531,58.279998779296875,628600,58.279998779296875
2011-06-16,59.060001373291016,57.689998626708984,58.369998931884766,57.90999984741211,894500,57.90999984741211
2011-06-17,58.529998779296875,57.43000030517578,58.47999954223633,58.029998779296875,719900,58.029998779296875
2011-06-20,59.54999923706055,57.77000045776367,57.91999816894531,59.09000015258789,379800,59.09000015258789
2011-06-21,60.58000183105469,59.25,59.279998779296875,60.2400016784668,416500,60.2400016784668
2011-06-22,60.20000076293945,58.84000015258789,59.970001220703125,58.970001220703125,632500,58.970001220703125
2011-06-23,60.79999923706055,57.90999984741211,58.04999923706055,60.70000076293945,913900,60.70000076293945
2011-06-24,60.790000915527344,58.900001525878906,60.689998626708984,59.959999084472656,538500,59.959999084472656
2011-06-27,60.18000030517578,59.0099983215332,60.040000915527344,59.099998474121094,682800,59.099998474121094
2011-06-28,59.689998626708984,59.18000030517578,59.459999084472656,59.45000076293945,480500,59.45000076293945
2011-06-29,60.220001220703125,59.25,59.75,59.56999969482422,626700,59.56999969482422
2011-06-30,60.560001373291016,59.709999084472656,59.81999969482422,59.9900016784668,379600,59.9900016784668
2011-07-01,61.689998626708984,60.220001220703125,60.27000045776367,61.599998474121094,375100,61.599998474121094
2011-07-05,61.470001220703125,60.130001068115234,61.45000076293945,60.869998931884766,245800,60.869998931884766
2011-07-06,61.029998779296875,60.150001525878906,60.84000015258789,60.79999923706055,347200,60.79999923706055
2011-07-07,61.0,57.43000030517578,60.810001373291016,57.65999984741211,1652200,57.65999984741211
2011-07-08,57.369998931884766,55.72999954223633,57.04999923706055,56.31999969482422,2126000,56.31999969482422
2011-07-11,56.06999969482422,55.029998779296875,55.7400016784668,56.060001373291016,856200,56.060001373291016
2011-07-12,56.529998779296875,55.16999816894531,55.810001373291016,55.529998779296875,1020900,55.529998779296875
2011-07-13,56.61000061035156,55.5,55.709999084472656,56.29999923706055,822000,56.29999923706055
2011-07-14,56.77000045776367,55.599998474121094,56.310001373291016,55.91999816894531,1374200,55.91999816894531
2011-07-15,56.58000183105469,55.2400016784668,56.119998931884766,56.15999984741211,734500,56.15999984741211
2011-07-18,55.959999084472656,54.849998474121094,55.81999969482422,55.349998474121094,604600,55.349998474121094
2011-07-19,57.33000183105469,55.56999969482422,55.779998779296875,57.29999923706055,867000,57.29999923706055
2011-07-20,57.470001220703125,56.650001525878906,57.470001220703125,57.08000183105469,348700,57.08000183105469
2011-07-21,57.790000915527344,56.29999923706055,57.279998779296875,56.40999984741211,496400,56.40999984741211
2011-07-22,56.400001525878906,54.939998626708984,56.369998931884766,55.209999084472656,720900,55.209999084472656
2011-07-25,55.369998931884766,54.189998626708984,54.59000015258789,54.75,513700,54.75
2011-07-26,54.86000061035156,53.779998779296875,54.79999923706055,54.09000015258789,556700,54.09000015258789
2011-07-27,53.709999084472656,51.97999954223633,53.650001525878906,52.41999816894531,1211100,52.41999816894531
2011-07-28,53.099998474121094,51.2599983215332,52.43000030517578,51.40999984741211,870200,51.40999984741211
2011-07-29,52.630001068115234,50.439998626708984,50.75,52.029998779296875,971000,52.029998779296875
2011-08-01,52.83000183105469,51.16999816894531,52.77000045776367,51.959999084472656,1241500,51.959999084472656
2011-08-02,51.88999938964844,49.150001525878906,51.5,49.15999984741211,727700,49.15999984741211
2011-08-03,50.900001525878906,48.29999923706055,49.29999923706055,50.689998626708984,1112900,50.689998626708984
2011-08-04,50.0099983215332,47.2599983215332,49.84000015258789,47.29999923706055,1224400,47.29999923706055
2011-08-05,52.79999923706055,47.43000030517578,49.09000015258789,47.91999816894531,2630700,47.91999816894531
2011-08-08,47.0099983215332,43.970001220703125,46.79999923706055,44.619998931884766,1617200,44.619998931884766
2011-08-09,45.83000183105469,42.68000030517578,45.439998626708984,45.79999923706055,1381600,45.79999923706055
2011-08-10,44.83000183105469,42.869998931884766,44.59000015258789,42.970001220703125,775700,42.970001220703125
2011-08-11,45.93000030517578,42.709999084472656,42.9900016784668,45.279998779296875,878100,45.279998779296875
2011-08-12,46.279998779296875,44.790000915527344,45.70000076293945,46.04999923706055,666800,46.04999923706055
2011-08-15,47.18000030517578,46.2400016784668,46.459999084472656,47.099998474121094,446700,47.099998474121094
2011-08-16,47.439998626708984,46.220001220703125,46.5099983215332,46.959999084472656,652200,46.959999084472656
2011-08-17,47.869998931884766,45.63999938964844,47.150001525878906,45.84000015258789,697700,45.84000015258789
2011-08-18,44.63999938964844,42.68000030517578,44.58000183105469,43.20000076293945,559500,43.20000076293945
2011-08-19,43.939998626708984,42.25,42.5099983215332,42.43000030517578,616600,42.43000030517578
2011-08-22,43.47999954223633,41.65999984741211,43.25,42.439998626708984,510300,42.439998626708984
2011-08-23,43.959999084472656,42.189998626708984,42.689998626708984,43.959999084472656,385100,43.959999084472656
2011-08-24,45.20000076293945,43.81999969482422,43.9900016784668,45.0099983215332,554300,45.0099983215332
2011-08-25,45.61000061035156,43.90999984741211,45.209999084472656,44.04999923706055,360800,44.04999923706055
2011-08-26,46.130001068115234,43.16999816894531,43.650001525878906,46.029998779296875,459100,46.029998779296875
2011-08-29,49.02000045776367,46.5099983215332,46.5099983215332,48.9900016784668,438100,48.9900016784668
2011-08-30,49.86000061035156,48.040000915527344,48.56999969482422,49.40999984741211,456800,49.40999984741211
2011-08-31,50.65999984741211,49.06999969482422,49.77000045776367,49.54999923706055,517200,49.54999923706055
2011-09-01,50.54999923706055,49.11000061035156,49.72999954223633,49.380001068115234,613300,49.380001068115234
2011-09-02,48.38999938964844,47.04999923706055,48.36000061035156,48.0099983215332,1173400,48.0099983215332
2011-09-06,47.630001068115234,45.540000915527344,46.279998779296875,47.130001068115234,779500,47.130001068115234
2011-09-07,49.20000076293945,47.88999938964844,47.970001220703125,48.65999984741211,453300,48.65999984741211
2011-09-08,48.11000061035156,44.15999984741211,48.11000061035156,45.33000183105469,1789600,45.33000183105469
2011-09-09,44.720001220703125,42.45000076293945,44.630001068115234,43.209999084472656,1454100,43.209999084472656
2011-09-12,43.689998626708984,42.36000061035156,42.369998931884766,43.65999984741211,741800,43.65999984741211
2011-09-13,44.959999084472656,43.400001525878906,43.959999084472656,44.040000915527344,608900,44.040000915527344
2011-09-14,46.630001068115234,44.060001373291016,44.349998474121094,45.83000183105469,574200,45.83000183105469
2011-09-15,46.650001525878906,44.7599983215332,46.0099983215332,45.369998931884766,797800,45.369998931884766
2011-09-16,45.970001220703125,45.18000030517578,45.4900016784668,45.5099983215332,551900,45.5099983215332
2011-09-19,45.380001068115234,44.09000015258789,44.61000061035156,44.650001525878906,603600,44.650001525878906
2011-09-20,45.13999938964844,43.11000061035156,44.79999923706055,43.119998931884766,630700,43.119998931884766
2011-09-21,43.380001068115234,42.220001220703125,43.130001068115234,42.22999954223633,1048500,42.22999954223633
2011-09-22,41.130001068115234,39.93000030517578,40.86000061035156,40.95000076293945,1175100,40.95000076293945
2011-09-23,41.709999084472656,40.439998626708984,40.7599983215332,41.2599983215332,753700,41.2599983215332
2011-09-26,43.209999084472656,40.84000015258789,41.70000076293945,43.09000015258789,392900,43.09000015258789
2011-09-27,45.970001220703125,44.060001373291016,44.209999084472656,44.650001525878906,831900,44.650001525878906
2011-09-28,45.540000915527344,43.83000183105469,45.029998779296875,43.95000076293945,824800,43.95000076293945
2011-09-29,45.4900016784668,43.77000045776367,44.90999984741211,45.0,790100,45.0
2011-09-30,44.220001220703125,42.880001068115234,44.209999084472656,42.90999984741211,708900,42.90999984741211
2011-10-03,43.09000015258789,40.689998626708984,42.43000030517578,40.75,695500,40.75
2011-10-04,44.290000915527344,40.189998626708984,40.290000915527344,44.25,875800,44.25
2011-10-05,46.310001373291016,44.029998779296875,44.2599983215332,46.310001373291016,992600,46.310001373291016
2011-10-06,47.90999984741211,45.79999923706055,46.189998626708984,47.880001068115234,444200,47.880001068115234
2011-10-07,48.2400016784668,46.09000015258789,48.06999969482422,46.689998626708984,730300,46.689998626708984
2011-10-10,49.939998626708984,47.790000915527344,47.849998474121094,49.90999984741211,831400,49.90999984741211
2011-10-11,49.9900016784668,49.040000915527344,49.47999954223633,49.72999954223633,503200,49.72999954223633
2011-10-12,50.7599983215332,48.77000045776367,50.220001220703125,48.849998474121094,798500,48.849998474121094
2011-10-13,49.349998474121094,47.88999938964844,48.56999969482422,49.130001068115234,732700,49.130001068115234
2011-10-14,50.099998474121094,48.150001525878906,49.90999984741211,50.0,458100,50.0
2011-10-17,50.25,48.209999084472656,49.77000045776367,48.369998931884766,462800,48.369998931884766
2011-10-18,51.400001525878906,47.33000183105469,48.290000915527344,50.84000015258789,811100,50.84000015258789
2011-10-19,52.099998474121094,50.349998474121094,50.59000015258789,50.90999984741211,676600,50.90999984741211
2011-10-20,52.310001373291016,50.540000915527344,50.9900016784668,51.95000076293945,594300,51.95000076293945
2011-10-21,54.380001068115234,52.20000076293945,52.720001220703125,53.810001373291016,634000,53.810001373291016
2011-10-24,56.060001373291016,53.79999923706055,53.91999816894531,54.9900016784668,736900,54.9900016784668
2011-10-25,55.099998474121094,54.06999969482422,54.40999984741211,54.380001068115234,883400,54.380001068115234
2011-10-26,55.52000045776367,53.58000183105469,55.45000076293945,54.630001068115234,886400,54.630001068115234
2011-10-27,57.060001373291016,55.33000183105469,56.29999923706055,55.81999969482422,769600,55.81999969482422
2011-10-28,55.5,53.77000045776367,55.06999969482422,54.150001525878906,904500,54.150001525878906
2011-10-31,53.810001373291016,52.63999938964844,53.29999923706055,52.650001525878906,797300,52.650001525878906
2011-11-01,51.91999816894531,49.400001525878906,51.0099983215332,50.279998779296875,1163200,50.279998779296875
2011-11-02,52.66999816894531,50.810001373291016,51.16999816894531,51.900001525878906,544600,51.900001525878906
2011-11-03,53.11000061035156,50.720001220703125,52.97999954223633,52.380001068115234,825000,52.380001068115234
2011-11-04,54.029998779296875,49.869998931884766,49.869998931884766,53.290000915527344,1311600,53.290000915527344
2011-11-07,53.79999923706055,51.849998474121094,53.36000061035156,52.75,743200,52.75
2011-11-08,54.4900016784668,51.880001068115234,53.29999923706055,54.31999969482422,594400,54.31999969482422
2011-11-09,53.06999969482422,51.400001525878906,52.939998626708984,51.97999954223633,588800,51.97999954223633
2011-11-10,52.869998931884766,51.59000015258789,52.36000061035156,52.209999084472656,498700,52.209999084472656
2011-11-11,55.310001373291016,52.2599983215332,52.720001220703125,54.52000045776367,875400,54.52000045776367
2011-11-14,54.970001220703125,53.560001373291016,54.349998474121094,54.0,356900,54.0
2011-11-15,54.09000015258789,52.790000915527344,53.81999969482422,53.61000061035156,374300,53.61000061035156
2011-11-16,54.2599983215332,52.349998474121094,52.97999954223633,52.459999084472656,304500,52.459999084472656
2011-11-17,53.38999938964844,51.63999938964844,52.5,52.04999923706055,384200,52.04999923706055
2011-11-18,53.290000915527344,52.45000076293945,52.560001373291016,52.630001068115234,411500,52.630001068115234
2011-11-21,51.880001068115234,50.25,51.810001373291016,50.7599983215332,428500,50.7599983215332
2011-11-22,51.58000183105469,50.02000045776367,50.779998779296875,50.77000045776367,270200,50.77000045776367
2011-11-23,50.439998626708984,49.02000045776367,50.099998474121094,49.40999984741211,378900,49.40999984741211
2011-11-25,50.5,49.02000045776367,49.2599983215332,49.77000045776367,212200,49.77000045776367
2011-11-28,51.869998931884766,50.5,51.470001220703125,51.0099983215332,354900,51.0099983215332
2011-11-29,51.95000076293945,50.209999084472656,51.099998474121094,51.4900016784668,274600,51.4900016784668
2011-11-30,54.7599983215332,53.099998474121094,53.439998626708984,54.560001373291016,612700,54.560001373291016
2011-12-01,55.93000030517578,54.18000030517578,54.689998626708984,54.790000915527344,465600,54.790000915527344
2011-12-02,56.060001373291016,54.720001220703125,55.58000183105469,54.88999938964844,372800,54.88999938964844
2011-12-05,57.5,55.560001373291016,56.0,56.189998626708984,623700,56.189998626708984
2011-12-06,56.709999084472656,55.33000183105469,56.18000030517578,56.25,355500,56.25
2011-12-07,57.869998931884766,54.880001068115234,55.810001373291016,57.529998779296875,769000,57.529998779296875
2011-12-08,57.060001373291016,55.25,56.86000061035156,55.619998931884766,600500,55.619998931884766
2011-12-09,57.650001525878906,55.470001220703125,55.86000061035156,57.0099983215332,551300,57.0099983215332
2011-12-12,56.5099983215332,55.22999954223633,56.150001525878906,55.40999984741211,635800,55.40999984741211
2011-12-13,56.400001525878906,53.0,56.060001373291016,53.52000045776367,541000,53.52000045776367
2011-12-14,53.45000076293945,52.0099983215332,53.220001220703125,52.16999816894531,477500,52.16999816894531
2011-12-15,53.79999923706055,52.630001068115234,52.970001220703125,53.43000030517578,371300,53.43000030517578
2011-12-16,55.279998779296875,53.56999969482422,53.79999923706055,54.38999938964844,1253200,54.38999938964844
2011-12-19,55.720001220703125,53.41999816894531,55.18000030517578,53.56999969482422,364000,53.56999969482422
2011-12-20,56.63999938964844,54.70000076293945,54.70000076293945,56.400001525878906,404900,56.400001525878906
2011-12-21,57.40999984741211,55.56999969482422,56.20000076293945,57.400001525878906,490500,57.400001525878906
2011-12-22,60.619998931884766,57.15999984741211,57.349998474121094,60.16999816894531,881300,60.16999816894531
2011-12-23,60.4900016784668,59.380001068115234,60.25,60.45000076293945,402900,60.45000076293945
2011-12-27,61.29999923706055,60.0099983215332,60.15999984741211,60.79999923706055,312700,60.79999923706055
2011-12-28,61.16999816894531,60.150001525878906,60.689998626708984,60.5,408500,60.5
2011-12-29,61.099998474121094,59.7400016784668,60.66999816894531,60.66999816894531,566800,60.66999816894531
2011-12-30,60.93000030517578,59.83000183105469,60.7599983215332,59.849998474121094,384100,59.849998474121094
2012-01-03,61.439998626708984,59.849998474121094,61.369998931884766,60.15999984741211,644300,60.15999984741211
2012-01-04,60.0,59.29999923706055,59.9900016784668,59.47999954223633,721800,59.47999954223633
2012-01-05,60.099998474121094,57.619998931884766,59.2599983215332,59.970001220703125,1562600,59.970001220703125
2012-01-06,60.13999938964844,59.02000045776367,59.9900016784668,59.5,524700,59.5
2012-01-09,59.970001220703125,58.68000030517578,59.959999084472656,59.38999938964844,577900,59.38999938964844
2012-01-10,60.619998931884766,59.72999954223633,60.18000030517578,60.310001373291016,537900,60.310001373291016
2012-01-11,63.40999984741211,59.91999816894531,59.91999816894531,63.13999938964844,812300,63.13999938964844
2012-01-12,63.470001220703125,61.75,63.13999938964844,62.970001220703125,329300,62.970001220703125
2012-01-13,62.810001373291016,61.029998779296875,62.209999084472656,62.52000045776367,364700,62.52000045776367
2012-01-17,66.06999969482422,63.619998931884766,63.9900016784668,64.29000091552734,753800,64.29000091552734
2012-01-18,66.0,63.02000045776367,63.56999969482422,65.30999755859375,1039600,65.30999755859375
2012-01-19,65.5,64.02999877929688,65.13999938964844,65.18000030517578,608600,65.18000030517578
2012-01-20,65.11000061035156,63.22999954223633,64.94000244140625,63.29999923706055,625900,63.29999923706055
2012-01-23,64.29000091552734,62.27000045776367,63.439998626708984,63.0,547300,63.0
2012-01-24,64.05999755859375,62.529998779296875,62.54999923706055,63.11000061035156,854000,63.11000061035156
2012-01-25,64.0,62.650001525878906,63.20000076293945,63.7400016784668,643000,63.7400016784668
2012-01-26,64.23999786376953,62.599998474121094,63.90999984741211,63.36000061035156,455900,63.36000061035156
2012-01-27,63.720001220703125,62.540000915527344,63.029998779296875,63.45000076293945,357200,63.45000076293945
2012-01-30,62.810001373291016,61.560001373291016,62.619998931884766,62.11000061035156,548500,62.11000061035156
2012-01-31,62.84000015258789,60.70000076293945,62.54999923706055,61.15999984741211,468000,61.15999984741211
2012-02-01,63.93000030517578,61.599998474121094,61.77000045776367,63.349998474121094,655900,63.349998474121094
2012-02-02,64.23999786376953,63.06999969482422,63.52000045776367,63.400001525878906,380900,63.400001525878906
2012-02-03,66.91999816894531,64.16999816894531,64.16999816894531,66.58999633789062,685800,66.58999633789062
2012-02-06,66.94999694824219,65.33000183105469,65.94999694824219,65.75,519300,65.75
2012-02-07,66.6500015258789,65.0,65.43000030517578,66.19000244140625,435000,66.19000244140625
2012-02-08,66.3499984741211,64.70999908447266,66.0999984741211,66.0199966430664,365100,66.0199966430664
2012-02-09,66.4800033569336,64.94999694824219,66.05000305175781,66.25,436100,66.25
2012-02-10,66.54000091552734,65.06999969482422,65.5999984741211,65.44999694824219,273000,65.44999694824219
2012-02-13,66.98999786376953,65.83999633789062,66.37000274658203,66.94000244140625,252700,66.94000244140625
2012-02-14,66.83999633789062,65.0199966430664,66.2300033569336,66.73999786376953,485300,66.73999786376953
2012-02-15,67.6500015258789,65.80999755859375,66.9000015258789,66.45999908447266,506300,66.45999908447266
2012-02-16,66.79000091552734,65.13999938964844,66.0,65.51000213623047,411000,65.51000213623047
2012-02-17,68.06999969482422,65.76000213623047,65.94000244140625,66.79000091552734,673300,66.79000091552734
2012-02-21,68.16000366210938,65.63999938964844,66.86000061035156,66.13999938964844,627400,66.13999938964844
2012-02-22,66.3499984741211,63.9900016784668,65.75,65.0999984741211,683500,65.0999984741211
2012-02-23,65.23999786376953,63.33000183105469,64.98999786376953,64.01000213623047,1520900,64.01000213623047
2012-02-24,64.94999694824219,62.20000076293945,63.36000061035156,62.40999984741211,1403800,62.40999984741211
2012-02-27,63.900001525878906,61.720001220703125,61.83000183105469,63.540000915527344,536400,63.540000915527344
2012-02-28,63.65999984741211,62.130001068115234,63.4900016784668,62.41999816894531,630100,62.41999816894531
2012-02-29,64.29000091552734,62.25,62.279998779296875,63.5099983215332,717600,63.5099983215332
2012-03-01,65.68000030517578,62.810001373291016,65.0999984741211,62.83000183105469,678200,62.83000183105469
2012-03-02,63.33000183105469,62.04999923706055,62.83000183105469,62.279998779296875,504600,62.279998779296875
2012-03-05,63.08000183105469,61.63999938964844,62.209999084472656,62.54999923706055,386900,62.54999923706055
2012-03-06,61.63999938964844,59.689998626708984,61.349998474121094,59.83000183105469,627300,59.83000183105469
2012-03-07,61.150001525878906,59.880001068115234,60.119998931884766,60.869998931884766,312500,60.869998931884766
2012-03-08,62.86000061035156,60.95000076293945,61.13999938964844,62.560001373291016,471100,62.560001373291016
2012-03-09,64.44999694824219,62.70000076293945,62.70000076293945,63.189998626708984,382600,63.189998626708984
2012-03-12,64.76000213623047,63.56999969482422,63.779998779296875,64.08000183105469,692300,64.08000183105469
2012-03-13,66.62000274658203,64.36000061035156,64.37999725341797,66.56999969482422,696700,66.56999969482422
2012-03-14,66.83000183105469,65.7300033569336,66.37000274658203,65.9000015258789,321500,65.9000015258789
2012-03-15,67.44000244140625,65.5999984741211,65.9000015258789,67.22000122070312,400500,67.22000122070312
2012-03-16,67.30000305175781,65.44999694824219,67.30000305175781,65.7699966430664,687000,65.7699966430664
2012-03-19,67.0999984741211,64.8499984741211,65.70999908447266,66.44000244140625,468700,66.44000244140625
2012-03-20,66.68000030517578,64.94999694824219,66.02999877929688,66.12999725341797,481300,66.12999725341797
2012-03-21,66.87000274658203,65.41999816894531,66.30999755859375,65.6500015258789,779700,65.6500015258789
2012-03-22,65.94000244140625,64.61000061035156,65.16000366210938,65.76000213623047,442800,65.76000213623047
2012-03-23,65.47000122070312,63.45000076293945,64.97000122070312,65.05999755859375,546900,65.05999755859375
2012-03-26,66.22000122070312,64.73999786376953,65.86000061035156,66.22000122070312,477900,66.22000122070312
2012-03-27,67.27999877929688,66.2699966430664,66.5,67.12000274658203,602200,67.12000274658203
2012-03-28,67.87000274658203,66.48999786376953,67.0199966430664,66.8499984741211,791400,66.8499984741211
2012-03-29,66.51000213623047,64.87999725341797,66.44999694824219,66.30999755859375,552200,66.30999755859375
2012-03-30,67.19999694824219,66.19000244140625,66.94000244140625,66.51000213623047,540100,66.51000213623047
2012-04-02,66.7699966430664,65.72000122070312,66.29000091552734,66.38999938964844,497300,66.38999938964844
2012-04-03,67.2699966430664,65.94999694824219,66.16000366210938,67.12000274658203,586200,67.12000274658203
2012-04-04,67.02999877929688,66.0199966430664,66.37000274658203,66.5999984741211,647500,66.5999984741211
2012-04-05,67.0,66.31999969482422,66.37999725341797,66.61000061035156,338700,66.61000061035156
2012-04-09,65.2300033569336,62.95000076293945,65.22000122070312,63.33000183105469,1080400,63.33000183105469
2012-04-10,63.41999816894531,60.209999084472656,63.27000045776367,60.5,984600,60.5
2012-04-11,62.900001525878906,61.2400016784668,61.2400016784668,62.16999816894531,570100,62.16999816894531
2012-04-12,63.41999816894531,62.119998931884766,62.29999923706055,63.119998931884766,545700,63.119998931884766
2012-04-13,63.31999969482422,62.0,62.9900016784668,62.65999984741211,631600,62.65999984741211
2012-04-16,63.38999938964844,62.06999969482422,63.150001525878906,62.849998474121094,363300,62.849998474121094
2012-04-17,64.25,63.220001220703125,63.40999984741211,63.70000076293945,278800,63.70000076293945
2012-04-18,63.91999816894531,62.209999084472656,63.15999984741211,63.22999954223633,513900,63.22999954223633
2012-04-19,63.54999923706055,61.79999923706055,63.2400016784668,62.7400016784668,539000,62.7400016784668
2012-04-20,64.05999755859375,62.5099983215332,62.869998931884766,63.380001068115234,561000,63.380001068115234
2012-04-23,62.31999969482422,60.93000030517578,62.2599983215332,61.45000076293945,630600,61.45000076293945
2012-04-24,63.52000045776367,61.43000030517578,61.63999938964844,62.470001220703125,716500,62.470001220703125
2012-04-25,64.69000244140625,63.31999969482422,63.33000183105469,64.58000183105469,771200,64.58000183105469
2012-04-26,67.19000244140625,64.5,64.62999725341797,67.04000091552734,1073200,67.04000091552734
2012-04-27,68.56999969482422,67.36000061035156,67.5,68.05000305175781,929900,68.05000305175781
2012-04-30,67.87999725341797,66.77999877929688,67.69000244140625,67.0199966430664,801400,67.0199966430664
2012-05-01,69.51000213623047,66.88999938964844,67.1500015258789,68.01000213623047,588100,68.01000213623047
2012-05-02,70.0,67.68000030517578,67.7300033569336,69.87999725341797,698000,69.87999725341797
2012-05-03,70.4000015258789,68.19999694824219,69.87999725341797,68.5,760900,68.5
2012-05-04,74.30999755859375,71.44000244140625,72.80000305175781,73.5199966430664,2187600,73.5199966430664
2012-05-07,75.44000244140625,72.95999908447266,72.98999786376953,73.68000030517578,1253600,73.68000030517578
2012-05-08,73.19999694824219,71.61000061035156,73.05000305175781,72.55999755859375,1015000,72.55999755859375
2012-05-09,72.30000305175781,70.33999633789062,71.62000274658203,71.94999694824219,1063500,71.94999694824219
2012-05-10,73.94000244140625,72.31999969482422,72.73999786376953,73.70999908447266,1601000,73.70999908447266
2012-05-11,75.02999877929688,72.9800033569336,72.98999786376953,74.56999969482422,535700,74.56999969482422
2012-05-14,74.11000061035156,72.29000091552734,73.7699966430664,72.41999816894531,528800,72.41999816894531
2012-05-15,74.18000030517578,71.62999725341797,72.22000122070312,72.13999938964844,942300,72.13999938964844
2012-05-16,73.47000122070312,70.76000213623047,72.62999725341797,70.83999633789062,644600,70.83999633789062
2012-05-17,71.20999908447266,67.83999633789062,71.20999908447266,67.93000030517578,674800,67.93000030517578
2012-05-18,69.08000183105469,67.06999969482422,68.33999633789062,67.5199966430664,484600,67.5199966430664
2012-05-21,68.2300033569336,66.72000122070312,67.58999633789062,68.12999725341797,596700,68.12999725341797
2012-05-22,69.7300033569336,67.87000274658203,68.37999725341797,68.37999725341797,1147100,68.37999725341797
2012-05-23,70.05000305175781,67.58999633789062,67.63999938964844,69.98999786376953,576000,69.98999786376953
2012-05-24,70.54000091552734,69.0199966430664,70.0199966430664,70.04000091552734,526800,70.04000091552734
2012-05-25,70.19000244140625,69.26000213623047,70.12999725341797,69.66000366210938,463000,69.66000366210938
2012-05-29,70.44000244140625,69.19999694824219,70.30000305175781,70.0,795400,70.0
2012-05-30,69.47000122070312,67.76000213623047,69.25,68.11000061035156,585800,68.11000061035156
2012-05-31,68.62999725341797,66.41999816894531,68.0,68.0999984741211,676900,68.0999984741211
2012-06-01,67.4800033569336,64.01000213623047,66.69000244140625,64.44999694824219,649400,64.44999694824219
2012-06-04,64.88999938964844,62.220001220703125,64.5,62.93000030517578,1034800,62.93000030517578
2012-06-05,65.33999633789062,62.439998626708984,62.68000030517578,65.12999725341797,638900,65.12999725341797
2012-06-06,66.7699966430664,65.44999694824219,65.55000305175781,66.72000122070312,436900,66.72000122070312
2012-06-07,68.44999694824219,66.66000366210938,67.70999908447266,67.12999725341797,486000,67.12999725341797
2012-06-08,68.56999969482422,66.2699966430664,66.9800033569336,68.44999694824219,346300,68.44999694824219
2012-06-11,69.41000366210938,66.0199966430664,69.31999969482422,66.12999725341797,335900,66.12999725341797
2012-06-12,67.81999969482422,66.19000244140625,66.23999786376953,67.08999633789062,437400,67.08999633789062
2012-06-13,67.30000305175781,65.02999877929688,66.81999969482422,65.33000183105469,323100,65.33000183105469
2012-06-14,66.7699966430664,64.83999633789062,65.52999877929688,66.30999755859375,350200,66.30999755859375
2012-06-15,68.22000122070312,66.52999877929688,66.55000305175781,67.91000366210938,706300,67.91000366210938
2012-06-18,69.19000244140625,67.31999969482422,67.6500015258789,68.63999938964844,393700,68.63999938964844
2012-06-19,69.1500015258789,68.41999816894531,68.9000015258789,68.7300033569336,588400,68.7300033569336
2012-06-20,69.08999633789062,67.37000274658203,68.87999725341797,67.9000015258789,403700,67.9000015258789
2012-06-21,68.31999969482422,65.26000213623047,68.0,65.31999969482422,433500,65.31999969482422
2012-06-22,65.94000244140625,63.939998626708984,65.63999938964844,64.45999908447266,486200,64.45999908447266
2012-06-25,64.27999877929688,62.790000915527344,63.61000061035156,63.90999984741211,469000,63.90999984741211
2012-06-26,66.66000366210938,62.650001525878906,64.04000091552734,66.2300033569336,769900,66.2300033569336
2012-06-27,67.5199966430664,65.13999938964844,66.37000274658203,65.81999969482422,471900,65.81999969482422
2012-06-28,66.94000244140625,64.83000183105469,65.37999725341797,66.93000030517578,274500,66.93000030517578
2012-06-29,69.91999816894531,67.80000305175781,68.5199966430664,69.83000183105469,442200,69.83000183105469
2012-07-02,70.37999725341797,69.31999969482422,69.70999908447266,70.05000305175781,611900,70.05000305175781
2012-07-03,70.18000030517578,69.37999725341797,70.18000030517578,69.97000122070312,251700,69.97000122070312
2012-07-05,70.5,69.19000244140625,69.87999725341797,69.93000030517578,393300,69.93000030517578
2012-07-06,70.2699966430664,68.54000091552734,69.30000305175781,69.91000366210938,308800,69.91000366210938
2012-07-09,69.83000183105469,68.7300033569336,69.68000030517578,69.76000213623047,170700,69.76000213623047
2012-07-10,70.44000244140625,67.5999984741211,69.95999908447266,67.95999908447266,535800,67.95999908447266
2012-07-11,68.3499984741211,66.54000091552734,67.9800033569336,67.41999816894531,318800,67.41999816894531
2012-07-12,69.41999816894531,66.13999938964844,66.98999786376953,69.0,530100,69.0
2012-07-13,70.76000213623047,69.1500015258789,69.37000274658203,69.8499984741211,411500,69.8499984741211
2012-07-16,69.80999755859375,68.0199966430664,69.58999633789062,68.8499984741211,242300,68.8499984741211
2012-07-17,69.56999969482422,67.55000305175781,69.0199966430664,69.30999755859375,226600,69.30999755859375
2012-07-18,71.48999786376953,68.87000274658203,69.05999755859375,71.45999908447266,392300,71.45999908447266
2012-07-19,72.75,69.80000305175781,71.75,72.55000305175781,716300,72.55000305175781
2012-07-20,73.01000213623047,72.02999877929688,72.06999969482422,72.55000305175781,617100,72.55000305175781
2012-07-23,72.52999877929688,70.4800033569336,70.9800033569336,71.27999877929688,395200,71.27999877929688
2012-07-24,71.38999938964844,69.13999938964844,71.1500015258789,69.58999633789062,393200,69.58999633789062
2012-07-25,71.05000305175781,68.41000366210938,70.1500015258789,68.61000061035156,473400,68.61000061035156
2012-07-26,70.93000030517578,69.45999908447266,69.87000274658203,70.6500015258789,685900,70.6500015258789
2012-07-27,72.2300033569336,70.43000030517578,70.9800033569336,71.55000305175781,366100,71.55000305175781
2012-07-30,71.08000183105469,66.80999755859375,71.06999969482422,68.51000213623047,810200,68.51000213623047
2012-07-31,68.58999633789062,66.12999725341797,67.69000244140625,66.43000030517578,986100,66.43000030517578
2012-08-01,67.26000213623047,65.41000366210938,66.91000366210938,65.7699966430664,549900,65.7699966430664
2012-08-02,66.08000183105469,64.22000122070312,64.69000244140625,66.0199966430664,891700,66.0199966430664
2012-08-03,70.37000274658203,65.69999694824219,67.5199966430664,69.83999633789062,1530800,69.83999633789062
2012-08-06,71.98999786376953,69.6500015258789,69.83999633789062,71.55000305175781,633600,71.55000305175781
2012-08-07,73.4800033569336,71.4000015258789,72.31999969482422,72.01000213623047,658000,72.01000213623047
2012-08-08,72.66000366210938,71.2300033569336,71.69000244140625,71.26000213623047,446200,71.26000213623047
2012-08-09,73.19999694824219,70.94000244140625,71.29000091552734,72.41999816894531,379100,72.41999816894531
2012-08-10,72.63999938964844,71.36000061035156,71.98999786376953,71.93000030517578,196900,71.93000030517578
2012-08-13,72.76000213623047,71.30999755859375,71.70999908447266,72.5999984741211,380400,72.5999984741211
2012-08-14,73.66999816894531,72.69000244140625,73.31999969482422,72.93000030517578,402700,72.93000030517578
2012-08-15,73.4000015258789,72.26000213623047,73.0199966430664,72.75,343000,72.75
2012-08-16,74.44000244140625,72.33999633789062,72.6500015258789,74.18000030517578,628200,74.18000030517578
2012-08-17,75.12999725341797,73.80999755859375,74.29000091552734,75.05000305175781,396100,75.05000305175781
2012-08-20,75.0999984741211,72.62000274658203,74.62000274658203,72.98999786376953,445200,72.98999786376953
2012-08-21,73.88999938964844,72.43000030517578,73.37999725341797,72.94000244140625,322500,72.94000244140625
2012-08-22,73.45999908447266,71.83999633789062,72.86000061035156,72.20999908447266,387400,72.20999908447266
2012-08-23,73.73999786376953,71.58999633789062,72.2300033569336,71.98999786376953,620500,71.98999786376953
2012-08-24,73.30000305175781,71.81999969482422,72.01000213623047,72.83000183105469,380800,72.83000183105469
2012-08-27,73.5199966430664,71.6500015258789,73.51000213623047,71.9000015258789,298400,71.9000015258789
2012-08-28,72.4000015258789,71.29000091552734,71.80999755859375,71.94000244140625,380700,71.94000244140625
2012-08-29,72.94999694824219,71.9000015258789,71.91999816894531,72.37000274658203,244800,72.37000274658203
2012-08-30,72.3499984741211,71.01000213623047,71.7699966430664,72.05000305175781,204100,72.05000305175781
2012-08-31,72.8499984741211,71.68000030517578,72.77999877929688,72.05000305175781,343000,72.05000305175781
2012-09-04,73.22000122070312,70.83999633789062,71.93000030517578,72.69999694824219,695900,72.69999694824219
2012-09-05,73.56999969482422,72.38999938964844,72.9800033569336,73.2699966430664,412300,73.2699966430664
2012-09-06,74.58999633789062,73.41000366210938,73.5999984741211,74.20999908447266,598400,74.20999908447266
2012-09-07,74.61000061035156,73.54000091552734,74.30999755859375,74.2300033569336,307900,74.2300033569336
2012-09-10,74.69999694824219,73.47000122070312,74.2300033569336,73.63999938964844,230000,73.63999938964844
2012-09-11,74.29000091552734,73.4000015258789,73.63999938964844,73.76000213623047,144800,73.76000213623047
2012-09-12,74.63999938964844,73.75,74.05000305175781,74.5,217300,74.5
2012-09-13,77.76000213623047,73.83000183105469,74.47000122070312,77.5999984741211,713500,77.5999984741211
2012-09-14,79.36000061035156,77.66999816894531,78.0,78.91999816894531,542800,78.91999816894531
2012-09-17,78.81999969482422,77.36000061035156,78.81999969482422,78.1500015258789,277300,78.1500015258789
2012-09-18,78.13999938964844,76.55000305175781,77.98999786376953,77.88999938964844,442200,77.88999938964844
2012-09-19,79.66999816894531,77.79000091552734,78.19000244140625,78.83000183105469,464700,78.83000183105469
2012-09-20,80.0,78.2300033569336,78.80999755859375,79.58999633789062,504600,79.58999633789062
2012-09-21,82.68000030517578,79.8499984741211,79.95999908447266,82.58999633789062,1559000,82.58999633789062
2012-09-24,82.30000305175781,80.30999755859375,82.18000030517578,81.16000366210938,721200,81.16000366210938
2012-09-25,82.76000213623047,80.29000091552734,81.55000305175781,80.37000274658203,608600,80.37000274658203
2012-09-26,80.58999633789062,77.52999877929688,80.58999633789062,78.33000183105469,488400,78.33000183105469
2012-09-27,79.8499984741211,77.70999908447266,78.73999786376953,79.52999877929688,386200,79.52999877929688
2012-09-28,80.0199966430664,77.7300033569336,78.87000274658203,80.0199966430664,800000,80.0199966430664
2012-10-01,80.62000274658203,77.77999877929688,80.08999633789062,78.63999938964844,553500,78.63999938964844
2012-10-02,79.83000183105469,78.7300033569336,78.77999877929688,79.4800033569336,358200,79.4800033569336
2012-10-03,81.62000274658203,79.4000015258789,79.9000015258789,80.80999755859375,386700,80.80999755859375
2012-10-04,81.26000213623047,80.0999984741211,80.83000183105469,80.44999694824219,353000,80.44999694824219
2012-10-05,82.69999694824219,80.56999969482422,81.22000122070312,81.97000122070312,462300,81.97000122070312
2012-10-08,82.45999908447266,81.16000366210938,81.54000091552734,82.0,261100,82.0
2012-10-09,81.68000030517578,79.08999633789062,81.4000015258789,79.12999725341797,530800,79.12999725341797
2012-10-10,79.5,78.33999633789062,79.25,78.61000061035156,311000,78.61000061035156
2012-10-11,79.45999908447266,77.87999725341797,79.45999908447266,78.30000305175781,356300,78.30000305175781
2012-10-12,78.9800033569336,77.66999816894531,78.38999938964844,78.22000122070312,215800,78.22000122070312
2012-10-15,80.87999725341797,78.0,78.76000213623047,80.58000183105469,369000,80.58000183105469
2012-10-16,82.16000366210938,80.44999694824219,81.08999633789062,80.56999969482422,493800,80.56999969482422
2012-10-17,83.3499984741211,80.37999725341797,80.37999725341797,81.66999816894531,606900,81.66999816894531
2012-10-18,82.61000061035156,81.30999755859375,81.62999725341797,82.41999816894531,378000,82.41999816894531
2012-10-19,82.58999633789062,81.0,82.25,81.45999908447266,372100,81.45999908447266
2012-10-22,81.5999984741211,80.44000244140625,81.20999908447266,81.30000305175781,179100,81.30000305175781
2012-10-23,80.86000061035156,79.22000122070312,80.44999694824219,80.41000366210938,387000,80.41000366210938
2012-10-24,82.11000061035156,80.69000244140625,81.36000061035156,81.5,784900,81.5
2012-10-25,82.94999694824219,80.04000091552734,82.31999969482422,80.98999786376953,324500,80.98999786376953
2012-10-26,81.30999755859375,79.0999984741211,81.08999633789062,80.2699966430664,306200,80.2699966430664
2012-10-31,86.27999877929688,81.70999908447266,81.70999908447266,83.47000122070312,763700,83.47000122070312
2012-11-01,86.63999938964844,83.66999816894531,85.0,84.9000015258789,1005800,84.9000015258789
2012-11-02,88.48999786376953,84.77999877929688,86.0,86.76000213623047,1040700,86.76000213623047
2012-11-05,89.27999877929688,86.62999725341797,87.0,88.88999938964844,896700,88.88999938964844
2012-11-06,88.80000305175781,87.16000366210938,88.80000305175781,87.80000305175781,544600,87.80000305175781
2012-11-07,88.08999633789062,85.73999786376953,86.70999908447266,85.77999877929688,841700,85.77999877929688
2012-11-08,86.55999755859375,85.31999969482422,85.72000122070312,85.76000213623047,378700,85.76000213623047
2012-11-09,86.55999755859375,84.05000305175781,85.31999969482422,84.52999877929688,614100,84.52999877929688
2012-11-12,85.45999908447266,83.41999816894531,84.97000122070312,83.81999969482422,453000,83.81999969482422
2012-11-13,85.54000091552734,83.55000305175781,83.83999633789062,83.93000030517578,500700,83.93000030517578
2012-11-14,84.55000305175781,82.23999786376953,84.30000305175781,82.56999969482422,522200,82.56999969482422
2012-11-15,82.80000305175781,79.81999969482422,82.20999908447266,80.2699966430664,1162500,80.2699966430664
2012-11-16,82.23999786376953,80.23999786376953,80.58000183105469,81.2699966430664,486000,81.2699966430664
2012-11-19,84.66999816894531,81.93000030517578,82.68000030517578,83.27999877929688,294800,83.27999877929688
2012-11-20,85.63999938964844,82.9800033569336,83.02999877929688,85.63999938964844,499900,85.63999938964844
2012-11-21,87.55000305175781,85.30999755859375,85.5,85.86000061035156,299800,85.86000061035156
2012-11-23,87.69999694824219,86.4800033569336,87.2300033569336,87.0999984741211,206500,87.0999984741211
2012-11-26,87.20999908447266,84.97000122070312,86.76000213623047,85.04000091552734,404900,85.04000091552734
2012-11-27,85.94000244140625,84.72000122070312,84.72000122070312,84.91999816894531,467300,84.91999816894531
2012-11-28,85.22000122070312,83.47000122070312,84.68000030517578,85.01000213623047,275200,85.01000213623047
2012-11-29,86.69999694824219,85.33999633789062,85.37999725341797,85.94999694824219,490000,85.94999694824219
2012-11-30,86.06999969482422,85.41000366210938,85.94999694824219,85.98999786376953,568000,85.98999786376953
2012-12-03,86.7699966430664,85.4000015258789,86.30999755859375,85.80999755859375,189700,85.80999755859375
2012-12-04,86.37000274658203,84.80000305175781,86.12999725341797,85.87000274658203,384200,85.87000274658203
2012-12-05,86.23999786376953,82.7699966430664,86.0,82.94000244140625,573100,82.94000244140625
2012-12-06,83.76000213623047,81.88999938964844,83.18000030517578,83.37999725341797,978100,83.37999725341797
2012-12-07,84.16999816894531,82.4000015258789,83.80000305175781,82.83999633789062,246800,82.83999633789062
2012-12-10,83.51000213623047,81.5,82.81999969482422,82.08999633789062,496300,82.08999633789062
2012-12-11,82.44000244140625,81.0,82.2699966430664,81.55000305175781,585000,81.55000305175781
2012-12-12,82.83999633789062,81.23999786376953,81.9800033569336,81.72000122070312,522600,81.72000122070312
2012-12-13,82.3499984741211,80.62999725341797,81.83999633789062,81.47000122070312,295000,81.47000122070312
2012-12-14,82.0999984741211,80.86000061035156,81.25,81.5,558700,81.5
2012-12-17,82.43000030517578,81.19000244140625,81.7300033569336,81.95999908447266,631200,81.95999908447266
2012-12-18,85.16000366210938,81.95999908447266,82.38999938964844,85.08000183105469,548700,85.08000183105469
2012-12-19,85.55000305175781,84.04000091552734,85.1500015258789,84.2699966430664,412500,84.2699966430664
2012-12-20,87.93000030517578,84.45999908447266,84.56999969482422,87.04000091552734,886500,87.04000091552734
2012-12-21,93.94999694824219,86.54000091552734,86.80999755859375,91.29000091552734,3041300,91.29000091552734
2012-12-24,91.54000091552734,89.13999938964844,91.30000305175781,90.04000091552734,557600,90.04000091552734
2012-12-26,90.73999786376953,89.52999877929688,90.11000061035156,89.62999725341797,754500,89.62999725341797
2012-12-27,90.12000274658203,88.41000366210938,89.6500015258789,89.81999969482422,739600,89.81999969482422
2012-12-28,90.06999969482422,88.9000015258789,89.30000305175781,89.44000244140625,427700,89.44000244140625
2012-12-31,90.51000213623047,89.08000183105469,89.41000366210938,90.47000122070312,862900,90.47000122070312
2013-01-02,93.56999969482422,92.02999877929688,92.4800033569336,93.16999816894531,991100,93.16999816894531
2013-01-03,94.1500015258789,92.66000366210938,93.0,93.2699966430664,809000,93.2699966430664
2013-01-04,94.08999633789062,93.1500015258789,93.31999969482422,93.5199966430664,700700,93.5199966430664
2013-01-07,93.7300033569336,92.36000061035156,93.43000030517578,92.73999786376953,585200,92.73999786376953
2013-01-08,93.38999938964844,91.30000305175781,92.70999908447266,93.30000305175781,845000,93.30000305175781
2013-01-09,94.77999877929688,93.45999908447266,93.70999908447266,94.52999877929688,731500,94.52999877929688
2013-01-10,95.0,93.37999725341797,95.0,94.43000030517578,912400,94.43000030517578
2013-01-11,95.61000061035156,93.72000122070312,94.8499984741211,94.2300033569336,385500,94.2300033569336
2013-01-14,94.81999969482422,93.58999633789062,94.16999816894531,94.08000183105469,454100,94.08000183105469
2013-01-15,94.31999969482422,93.44999694824219,93.44999694824219,94.16000366210938,564800,94.16000366210938
2013-01-16,94.56999969482422,93.43000030517578,93.86000061035156,93.5999984741211,186300,93.5999984741211
2013-01-17,97.05000305175781,94.69000244140625,95.11000061035156,96.87999725341797,839800,96.87999725341797
2013-01-18,97.29000091552734,95.37999725341797,97.19000244140625,96.30000305175781,376400,96.30000305175781
2013-01-22,98.47000122070312,96.69999694824219,98.47000122070312,97.1500015258789,538600,97.1500015258789
2013-01-23,98.8499984741211,96.94000244140625,97.0,98.83000183105469,559800,98.83000183105469
2013-01-24,101.19999694824219,98.4000015258789,98.4000015258789,100.69999694824219,1208900,100.69999694824219
2013-01-25,102.5199966430664,100.12999725341797,100.95999908447266,102.47000122070312,749900,102.47000122070312
2013-01-28,103.93000030517578,102.13999938964844,102.47000122070312,102.7699966430664,754400,102.7699966430664
2013-01-29,104.81999969482422,102.73999786376953,103.66999816894531,104.55999755859375,657700,104.55999755859375
2013-01-30,105.26000213623047,101.69000244140625,104.75,101.98999786376953,747100,101.98999786376953
2013-01-31,102.33999633789062,100.62999725341797,101.5,101.66000366210938,631000,101.66000366210938
2013-02-01,105.0,102.30999755859375,102.6500015258789,102.41999816894531,658400,102.41999816894531
2013-02-04,103.18000030517578,101.4000015258789,101.45999908447266,102.2699966430664,324900,102.2699966430664
2013-02-05,103.94999694824219,102.3499984741211,103.26000213623047,103.1500015258789,450600,103.1500015258789
2013-02-06,103.16999816894531,101.7300033569336,102.73999786376953,102.70999908447266,388100,102.70999908447266
2013-02-07,103.16999816894531,100.5199966430664,103.16999816894531,101.73999786376953,721000,101.73999786376953
2013-02-08,103.2699966430664,101.7300033569336,101.7300033569336,103.11000061035156,353700,103.11000061035156
2013-02-11,104.98999786376953,102.86000061035156,103.04000091552734,104.83999633789062,645500,104.83999633789062
2013-02-12,107.20999908447266,104.76000213623047,104.91000366210938,106.37999725341797,557800,106.37999725341797
2013-02-13,107.63999938964844,105.98999786376953,106.4800033569336,107.56999969482422,689900,107.56999969482422
2013-02-14,108.80000305175781,106.86000061035156,107.33999633789062,107.05000305175781,448200,107.05000305175781
2013-02-15,108.91999816894531,107.02999877929688,107.02999877929688,107.80000305175781,656300,107.80000305175781
2013-02-19,109.30000305175781,106.91999816894531,107.76000213623047,108.77999877929688,516200,108.77999877929688
2013-02-20,108.69999694824219,103.44999694824219,108.5,103.5,1439500,103.5
2013-02-21,105.0,100.95999908447266,104.0,102.20999908447266,1759300,102.20999908447266
2013-02-22,107.01000213623047,102.11000061035156,102.22000122070312,106.73999786376953,2146900,106.73999786376953
2013-02-25,107.98999786376953,101.26000213623047,107.5999984741211,101.5,1434600,101.5
2013-02-26,104.87000274658203,101.41000366210938,101.70999908447266,104.61000061035156,857600,104.61000061035156
2013-02-27,107.5199966430664,104.33999633789062,104.5199966430664,106.1500015258789,772000,106.1500015258789
2013-02-28,107.95999908447266,105.70999908447266,106.12999725341797,106.0199966430664,769500,106.0199966430664
2013-03-01,107.38999938964844,104.27999877929688,105.08000183105469,106.43000030517578,801900,106.43000030517578
2013-03-04,109.22000122070312,105.95999908447266,105.95999908447266,108.05000305175781,1052200,108.05000305175781
2013-03-05,110.5,108.23999786376953,108.23999786376953,110.25,1021000,110.25
2013-03-06,111.86000061035156,110.12999725341797,110.54000091552734,111.36000061035156,941000,111.36000061035156
2013-03-07,112.25,110.7699966430664,111.27999877929688,111.95999908447266,621300,111.95999908447266
2013-03-08,113.7300033569336,111.2300033569336,113.1500015258789,112.30000305175781,566800,112.30000305175781
2013-03-11,113.44999694824219,112.08999633789062,112.19999694824219,112.7699966430664,676700,112.7699966430664
2013-03-12,112.91999816894531,111.73999786376953,112.75,112.48999786376953,658600,112.48999786376953
2013-03-13,113.2699966430664,112.11000061035156,112.5,112.58999633789062,733900,112.58999633789062
2013-03-14,113.54000091552734,112.38999938964844,112.73999786376953,113.5199966430664,752700,113.5199966430664
2013-03-15,114.16000366210938,112.75,113.30000305175781,113.62000274658203,1273100,113.62000274658203
2013-03-18,114.58999633789062,111.72000122070312,112.02999877929688,113.95999908447266,710700,113.95999908447266
2013-03-19,115.0,111.36000061035156,114.54000091552734,112.63999938964844,723500,112.63999938964844
2013-03-20,115.31999969482422,113.13999938964844,113.58999633789062,114.58999633789062,773800,114.58999633789062
2013-03-21,114.05999755859375,110.87999725341797,113.37999725341797,111.29000091552734,548200,111.29000091552734
2013-03-22,112.56999969482422,110.12999725341797,111.91000366210938,110.41000366210938,638600,110.41000366210938
2013-03-25,113.3499984741211,110.12999725341797,110.86000061035156,110.91000366210938,523600,110.91000366210938
2013-03-26,113.25,111.3499984741211,111.3499984741211,113.0,768700,113.0
2013-03-27,112.83999633789062,111.2699966430664,111.66000366210938,112.5,533500,112.5
2013-03-28,114.08000183105469,112.3499984741211,112.66999816894531,113.12000274658203,498200,113.12000274658203
2013-04-01,114.22000122070312,111.26000213623047,113.12000274658203,112.33999633789062,696400,112.33999633789062
2013-04-02,113.23999786376953,110.61000061035156,112.61000061035156,111.31999969482422,607200,111.31999969482422
2013-04-03,111.83000183105469,107.26000213623047,111.66000366210938,109.20999908447266,1044100,109.20999908447266
2013-04-04,110.5,108.06999969482422,109.66000366210938,108.7300033569336,584900,108.7300033569336
2013-04-05,112.5,105.0199966430664,105.97000122070312,112.04000091552734,881400,112.04000091552734
2013-04-08,113.4000015258789,111.45999908447266,111.70999908447266,113.20999908447266,828400,113.20999908447266
2013-04-09,114.22000122070312,111.87999725341797,113.56999969482422,113.5,468400,113.5
2013-04-10,114.44999694824219,112.3499984741211,113.98999786376953,114.2300033569336,435500,114.2300033569336
2013-04-11,117.22000122070312,114.05000305175781,114.44999694824219,116.62999725341797,653300,116.62999725341797
2013-04-12,117.97000122070312,115.86000061035156,116.19000244140625,116.2699966430664,392300,116.2699966430664
2013-04-15,115.94999694824219,109.45999908447266,115.05999755859375,109.62999725341797,952200,109.62999725341797
2013-04-16,113.8499984741211,109.91000366210938,111.19000244140625,113.58000183105469,737000,113.58000183105469
2013-04-17,112.87999725341797,109.06999969482422,112.87999725341797,110.80999755859375,717400,110.80999755859375
2013-04-18,111.2300033569336,108.31999969482422,110.94000244140625,108.58000183105469,361300,108.58000183105469
2013-04-19,111.88999938964844,108.41999816894531,109.05999755859375,111.45999908447266,332200,111.45999908447266
2013-04-22,112.77999877929688,109.29000091552734,111.68000030517578,112.72000122070312,480500,112.72000122070312
2013-04-23,115.62000274658203,113.3499984741211,113.72000122070312,115.0,1001100,115.0
2013-04-24,116.70999908447266,113.80000305175781,116.0999984741211,113.9800033569336,463700,113.9800033569336
2013-04-25,115.91000366210938,113.41999816894531,114.33999633789062,113.75,457600,113.75
2013-04-26,114.45999908447266,112.56999969482422,113.9800033569336,113.36000061035156,412600,113.36000061035156
2013-04-29,114.6500015258789,111.69000244140625,113.69999694824219,112.36000061035156,653000,112.36000061035156
2013-04-30,113.04000091552734,110.01000213623047,112.01000213623047,110.87999725341797,766400,110.87999725341797
2013-05-01,111.5,107.91999816894531,110.16000366210938,108.16000366210938,924100,108.16000366210938
2013-05-02,109.97000122070312,106.38999938964844,108.94999694824219,108.54000091552734,1663300,108.54000091552734
2013-05-03,119.87999725341797,112.94999694824219,112.94999694824219,115.5,2051800,115.5
2013-05-06,115.55999755859375,114.62000274658203,115.5,115.0,769900,115.0
2013-05-07,115.31999969482422,113.80999755859375,114.9800033569336,115.22000122070312,850200,115.22000122070312
2013-05-08,117.22000122070312,114.88999938964844,115.55000305175781,117.0999984741211,1176900,117.0999984741211
2013-05-09,118.43000030517578,116.56999969482422,116.56999969482422,117.66000366210938,954100,117.66000366210938
2013-05-10,118.58000183105469,117.66999816894531,117.66999816894531,118.04000091552734,617800,118.04000091552734
2013-05-13,118.80000305175781,117.61000061035156,117.98999786376953,118.62999725341797,1051900,118.62999725341797
2013-05-14,120.69999694824219,118.5999984741211,118.5999984741211,119.52999877929688,1467900,119.52999877929688
2013-05-15,119.83999633789062,118.69000244140625,119.3499984741211,119.41999816894531,727600,119.41999816894531
2013-05-16,119.63999938964844,116.75,119.0,116.8499984741211,577800,116.8499984741211
2013-05-17,118.2300033569336,116.48999786376953,117.79000091552734,117.9000015258789,384500,117.9000015258789
2013-05-20,118.04000091552734,115.06999969482422,117.56999969482422,115.58999633789062,587200,115.58999633789062
2013-05-21,117.06999969482422,114.41000366210938,115.5,115.62999725341797,483700,115.62999725341797
2013-05-22,118.11000061035156,113.2699966430664,116.2300033569336,113.93000030517578,681000,113.93000030517578
2013-05-23,115.5199966430664,111.80999755859375,112.76000213623047,114.25,613700,114.25
2013-05-24,114.36000061035156,112.80000305175781,113.45999908447266,114.2300033569336,328600,114.2300033569336
2013-05-28,117.31999969482422,115.47000122070312,116.0,116.62999725341797,419800,116.62999725341797
2013-05-29,115.68000030517578,112.11000061035156,115.5999984741211,113.63999938964844,968600,113.63999938964844
2013-05-30,114.9800033569336,112.91000366210938,113.87000274658203,113.3499984741211,889800,113.3499984741211
2013-05-31,113.66000366210938,111.16000366210938,112.73999786376953,111.16999816894531,733800,111.16999816894531
2013-06-03,112.29000091552734,106.20999908447266,111.58999633789062,108.63999938964844,1015000,108.63999938964844
2013-06-04,110.11000061035156,103.73999786376953,108.87000274658203,107.0,1121300,107.0
2013-06-05,109.55999755859375,104.91000366210938,106.43000030517578,106.08000183105469,1292500,106.08000183105469
2013-06-06,109.9000015258789,106.0,106.47000122070312,109.8499984741211,762600,109.8499984741211
2013-06-07,111.87000274658203,108.30999755859375,111.45999908447266,111.63999938964844,1001900,111.63999938964844
2013-06-10,112.62000274658203,109.05000305175781,112.16999816894531,110.36000061035156,545000,110.36000061035156
2013-06-11,110.19000244140625,107.06999969482422,108.27999877929688,107.22000122070312,600200,107.22000122070312
2013-06-12,108.91999816894531,106.2699966430664,108.52999877929688,106.44999694824219,507300,106.44999694824219
2013-06-13,111.5999984741211,106.33999633789062,106.33999633789062,111.16000366210938,632100,111.16000366210938
2013-06-14,113.5,110.19999694824219,111.02999877929688,111.08000183105469,452900,111.08000183105469
2013-06-17,115.41000366210938,111.47000122070312,111.77999877929688,113.2300033569336,662700,113.2300033569336
2013-06-18,114.94000244140625,112.80999755859375,113.5999984741211,114.70999908447266,375300,114.70999908447266
2013-06-19,117.4800033569336,114.56999969482422,114.56999969482422,114.62999725341797,1275600,114.62999725341797
2013-06-20,113.3499984741211,108.88999938964844,112.9000015258789,109.88999938964844,937300,109.88999938964844
2013-06-21,110.69000244140625,106.25,109.8499984741211,108.94999694824219,1339400,108.94999694824219
2013-06-24,108.19999694824219,103.97000122070312,106.45999908447266,106.36000061035156,754100,106.36000061035156
2013-06-25,111.44000244140625,108.18000030517578,108.3499984741211,110.2300033569336,833500,110.2300033569336
2013-06-26,112.30999755859375,109.52999877929688,111.48999786376953,110.12000274658203,481900,110.12000274658203
2013-06-27,114.01000213623047,110.61000061035156,111.7300033569336,113.66999816894531,486500,113.66999816894531
2013-06-28,113.52999877929688,111.04000091552734,113.23999786376953,112.48999786376953,755700,112.48999786376953
2013-07-01,114.0199966430664,111.94999694824219,112.8499984741211,112.0999984741211,615500,112.0999984741211
2013-07-02,112.77999877929688,110.20999908447266,112.08000183105469,110.5999984741211,520300,110.5999984741211
2013-07-03,112.2699966430664,110.0,110.18000030517578,111.58000183105469,265000,111.58000183105469
2013-07-05,112.33999633789062,109.05000305175781,112.25,111.58000183105469,454800,111.58000183105469
2013-07-08,112.38999938964844,108.88999938964844,112.38999938964844,109.02999877929688,531000,109.02999877929688
2013-07-09,113.55000305175781,109.29000091552734,109.81999969482422,113.41999816894531,832400,113.41999816894531
2013-07-10,114.69999694824219,111.79000091552734,113.41999816894531,112.7699966430664,595400,112.7699966430664
2013-07-11,117.23999786376953,114.5199966430664,116.41999816894531,116.45999908447266,655600,116.45999908447266
2013-07-12,117.75,115.62000274658203,116.30999755859375,117.02999877929688,590500,117.02999877929688
2013-07-15,118.0,116.58999633789062,116.9800033569336,117.5199966430664,685900,117.5199966430664
2013-07-16,117.9800033569336,115.22000122070312,117.41999816894531,117.04000091552734,783000,117.04000091552734
2013-07-17,118.04000091552734,115.29000091552734,117.27999877929688,117.63999938964844,713700,117.63999938964844
2013-07-18,119.19000244140625,116.83000183105469,117.75,117.5999984741211,1096100,117.5999984741211
2013-07-19,119.0,116.81999969482422,117.51000213623047,117.76000213623047,678800,117.76000213623047
2013-07-22,118.55999755859375,115.26000213623047,117.79000091552734,115.79000091552734,991600,115.79000091552734
2013-07-23,117.37999725341797,115.58999633789062,116.08000183105469,117.25,953500,117.25
2013-07-24,118.5999984741211,115.6500015258789,117.7300033569336,116.5,969200,116.5
2013-07-25,115.83999633789062,112.58000183105469,114.19999694824219,115.0199966430664,926300,115.0199966430664
2013-07-26,115.54000091552734,114.0,114.30000305175781,114.41999816894531,687800,114.41999816894531
2013-07-29,116.33000183105469,113.94000244140625,114.37999725341797,114.5999984741211,558100,114.5999984741211
2013-07-30,117.9800033569336,114.91999816894531,116.55000305175781,117.55999755859375,822700,117.55999755859375
2013-07-31,120.11000061035156,116.5999984741211,117.87000274658203,118.98999786376953,977200,118.98999786376953
2013-08-01,123.05999755859375,119.9800033569336,119.9800033569336,121.29000091552734,1114400,121.29000091552734
2013-08-02,134.2100067138672,128.7100067138672,134.0,129.97000122070312,2580900,129.97000122070312
2013-08-05,130.6999969482422,128.66000366210938,129.14999389648438,129.97000122070312,1326500,129.97000122070312
2013-08-06,129.92999267578125,126.55999755859375,129.7100067138672,127.86000061035156,1073400,127.86000061035156
2013-08-07,128.8300018310547,125.75,128.8300018310547,126.41999816894531,1035300,126.41999816894531
2013-08-08,129.1999969482422,127.05999755859375,128.72999572753906,128.47000122070312,515400,128.47000122070312
2013-08-09,129.16000366210938,126.8499984741211,128.1199951171875,128.0,509800,128.0
2013-08-12,130.25,126.4000015258789,126.5199966430664,128.67999267578125,1061100,128.67999267578125
2013-08-13,128.97000122070312,125.94000244140625,128.7100067138672,127.43000030517578,493700,127.43000030517578
2013-08-14,127.38999938964844,123.8499984741211,127.19000244140625,124.3499984741211,535200,124.3499984741211
2013-08-15,122.54000091552734,120.16000366210938,121.69000244140625,122.08999633789062,802600,122.08999633789062
2013-08-16,124.33999633789062,121.70999908447266,122.19000244140625,121.95999908447266,520100,121.95999908447266
2013-08-19,121.94000244140625,119.55999755859375,121.66000366210938,119.58999633789062,554600,119.58999633789062
2013-08-20,124.69999694824219,120.0,120.0,124.08000183105469,802800,124.08000183105469
2013-08-21,125.18000030517578,122.4800033569336,123.61000061035156,123.19999694824219,710000,123.19999694824219
2013-08-22,126.23999786376953,123.11000061035156,123.41999816894531,125.33000183105469,590300,125.33000183105469
2013-08-23,126.12999725341797,122.4000015258789,126.12999725341797,123.05000305175781,546600,123.05000305175781
2013-08-26,125.2300033569336,122.58000183105469,123.16000366210938,124.29000091552734,382800,124.29000091552734
2013-08-27,124.04000091552734,119.9000015258789,122.2300033569336,120.1500015258789,362600,120.1500015258789
2013-08-28,121.0,117.72000122070312,120.0,118.33999633789062,808600,118.33999633789062
2013-08-29,122.11000061035156,119.05999755859375,119.68000030517578,120.06999969482422,1168600,120.06999969482422
2013-08-30,120.70999908447266,117.22000122070312,120.05000305175781,117.48999786376953,736600,117.48999786376953
2013-09-03,122.9000015258789,115.98999786376953,118.86000061035156,117.63999938964844,811900,117.63999938964844
2013-09-04,118.70999908447266,116.37999725341797,117.48999786376953,118.08000183105469,928300,118.08000183105469
2013-09-05,118.83000183105469,117.11000061035156,117.7699966430664,117.19000244140625,603500,117.19000244140625
2013-09-06,123.26000213623047,117.87000274658203,120.11000061035156,121.37999725341797,1381000,121.37999725341797
2013-09-09,125.16999816894531,121.51000213623047,121.72000122070312,124.9800033569336,667100,124.9800033569336
2013-09-10,126.05000305175781,124.2699966430664,125.22000122070312,125.80000305175781,492100,125.80000305175781
2013-09-11,127.58999633789062,124.63999938964844,125.91000366210938,127.58999633789062,674800,127.58999633789062
2013-09-12,129.89999389648438,126.52999877929688,127.19000244140625,126.87000274658203,727200,126.87000274658203
2013-09-13,128.30999755859375,126.12000274658203,127.0,127.69000244140625,405900,127.69000244140625
2013-09-16,130.41000366210938,128.13999938964844,129.67999267578125,128.89999389648438,635500,128.89999389648438
2013-09-17,130.3800048828125,128.75,128.89999389648438,130.0,554600,130.0
2013-09-18,133.58999633789062,128.30999755859375,129.6199951171875,133.05999755859375,1302500,133.05999755859375
2013-09-19,134.75,132.42999267578125,133.85000610351562,133.52000427246094,761400,133.52000427246094
2013-09-20,133.99000549316406,130.4499969482422,133.97999572753906,130.4499969482422,905100,130.4499969482422
2013-09-23,130.7100067138672,126.58999633789062,130.7100067138672,127.80999755859375,994400,127.80999755859375
2013-09-24,130.6199951171875,126.91999816894531,127.80999755859375,129.32000732421875,569800,129.32000732421875
2013-09-25,130.6699981689453,128.07000732421875,129.55999755859375,129.1999969482422,419800,129.1999969482422
2013-09-26,130.44000244140625,127.75,129.75999450683594,129.5399932861328,403000,129.5399932861328
2013-09-27,130.52000427246094,127.91000366210938,128.3800048828125,130.08999633789062,728300,130.08999633789062
2013-09-30,130.60000610351562,128.44000244140625,128.44000244140625,130.25,399400,130.25
2013-10-01,133.52999877929688,130.08999633789062,130.08999633789062,133.4199981689453,960500,133.4199981689453
2013-10-02,133.85000610351562,130.6199951171875,132.63999938964844,133.7899932861328,836200,133.7899932861328
2013-10-03,134.27000427246094,129.8800048828125,133.57000732421875,130.8699951171875,752700,130.8699951171875
2013-10-04,131.5399932861328,129.8699951171875,130.72000122070312,130.6999969482422,584400,130.6999969482422
2013-10-07,130.1699981689453,127.37999725341797,129.33999633789062,127.41000366210938,535900,127.41000366210938
2013-10-08,127.58999633789062,124.22000122070312,127.16999816894531,125.0,551500,125.0
2013-10-09,127.0,123.08000183105469,125.54000091552734,125.45999908447266,784000,125.45999908447266
2013-10-10,128.8800048828125,126.91000366210938,127.13999938964844,128.8800048828125,665700,128.8800048828125
2013-10-11,131.07000732421875,128.9499969482422,129.61000061035156,129.9499969482422,1006200,129.9499969482422
2013-10-14,129.22999572753906,126.87000274658203,128.25,128.97999572753906,713900,128.97999572753906
2013-10-15,129.99000549316406,125.06999969482422,128.5399932861328,125.86000061035156,1039500,125.86000061035156
2013-10-16,127.25,123.76000213623047,126.87999725341797,126.33999633789062,1851400,126.33999633789062
2013-10-17,132.05999755859375,119.58999633789062,132.05999755859375,124.95999908447266,1704800,124.95999908447266
2013-10-18,125.77999877929688,123.12999725341797,125.26000213623047,124.27999877929688,942100,124.27999877929688
2013-10-21,125.20999908447266,122.73999786376953,124.23999786376953,125.01000213623047,990900,125.01000213623047
2013-10-22,128.52000427246094,125.6500015258789,125.98999786376953,127.63999938964844,1462800,127.63999938964844
2013-10-23,128.58999633789062,126.69999694824219,127.44000244140625,128.25999450683594,1703700,128.25999450683594
2013-10-24,132.25999450683594,127.94000244140625,127.97000122070312,131.72999572753906,1053200,131.72999572753906
2013-10-25,133.02000427246094,131.4600067138672,131.6699981689453,131.77999877929688,732000,131.77999877929688
2013-10-28,132.60000610351562,130.38999938964844,131.67999267578125,132.27000427246094,712400,132.27000427246094
2013-10-29,134.10000610351562,130.85000610351562,132.52000427246094,134.0800018310547,1314200,134.0800018310547
2013-10-30,135.16000366210938,131.6999969482422,134.13999938964844,132.9199981689453,1180500,132.9199981689453
2013-10-31,133.97000122070312,130.7899932861328,133.16000366210938,132.4199981689453,1384000,132.4199981689453
2013-11-01,141.19000244140625,136.6300048828125,137.0,137.55999755859375,1741400,137.55999755859375
2013-11-04,138.19000244140625,136.47000122070312,137.94000244140625,137.63999938964844,743800,137.63999938964844
2013-11-05,137.63999938964844,135.52999877929688,137.1199951171875,135.8000030517578,623800,135.8000030517578
2013-11-06,137.17999267578125,134.55999755859375,136.10000610351562,135.1699981689453,564200,135.1699981689453
2013-11-07,136.83999633789062,133.50999450683594,135.8800048828125,133.6199951171875,735100,133.6199951171875
2013-11-08,135.50999450683594,132.05999755859375,133.41000366210938,134.3000030517578,719500,134.3000030517578
2013-11-11,136.3300018310547,134.07000732421875,134.4499969482422,135.2100067138672,638100,135.2100067138672
2013-11-12,136.8300018310547,134.10000610351562,134.89999389648438,136.75999450683594,881700,136.75999450683594
2013-11-13,139.88999938964844,135.60000610351562,136.14999389648438,139.60000610351562,826200,139.60000610351562
2013-11-14,143.94000244140625,139.33999633789062,139.50999450683594,142.4600067138672,735200,142.4600067138672
2013-11-15,144.88999938964844,141.74000549316406,142.36000061035156,144.67999267578125,898500,144.67999267578125
2013-11-18,145.33999633789062,140.50999450683594,144.83999633789062,140.97999572753906,818600,140.97999572753906
2013-11-19,143.25,139.32000732421875,141.69000244140625,139.75,540500,139.75
2013-11-20,141.97999572753906,138.6699981689453,140.57000732421875,139.3699951171875,566600,139.3699951171875
2013-11-21,143.77999877929688,139.05999755859375,139.22000122070312,143.5800018310547,598200,143.5800018310547
2013-11-22,144.6699981689453,140.99000549316406,143.38999938964844,142.32000732421875,412700,142.32000732421875
2013-11-25,142.7100067138672,140.50999450683594,142.7100067138672,141.2100067138672,318800,141.2100067138672
2013-11-26,143.07000732421875,141.38999938964844,141.5399932861328,142.22000122070312,854300,142.22000122070312
2013-11-27,143.67999267578125,140.8800048828125,142.82000732421875,140.9499969482422,464600,140.9499969482422
2013-11-29,142.0800018310547,139.9499969482422,140.89999389648438,140.02000427246094,221700,140.02000427246094
2013-12-02,141.85000610351562,136.88999938964844,140.33999633789062,137.67999267578125,827600,137.67999267578125
2013-12-03,138.9499969482422,134.94000244140625,135.94000244140625,137.55999755859375,421500,137.55999755859375
2013-12-04,137.3000030517578,134.16000366210938,136.99000549316406,135.8300018310547,859400,135.8300018310547
2013-12-05,137.5800018310547,134.0399932861328,135.63999938964844,137.47000122070312,717000,137.47000122070312
2013-12-06,140.22999572753906,137.2899932861328,139.7899932861328,138.9499969482422,702300,138.9499969482422
2013-12-09,145.0500030517578,140.66000366210938,141.24000549316406,143.27000427246094,1037500,143.27000427246094
2013-12-10,144.55999755859375,140.72999572753906,142.99000549316406,141.02000427246094,449600,141.02000427246094
2013-12-11,141.52000427246094,138.1699981689453,140.86000061035156,139.52000427246094,815200,139.52000427246094
2013-12-12,141.8699951171875,139.92999267578125,141.42999267578125,140.63999938964844,1341400,140.63999938964844
2013-12-13,141.80999755859375,139.42999267578125,140.63999938964844,139.63999938964844,864800,139.63999938964844
2013-12-16,142.2899932861328,140.1999969482422,140.3800048828125,140.86000061035156,567800,140.86000061035156
2013-12-17,140.88999938964844,138.25999450683594,140.6699981689453,139.8000030517578,548100,139.8000030517578
2013-12-18,146.69000244140625,140.3000030517578,140.6699981689453,146.47000122070312,1277400,146.47000122070312
2013-12-19,146.0,142.55999755859375,145.52999877929688,143.5,843300,143.5
2013-12-20,144.38999938964844,141.44000244140625,143.0,141.44000244140625,7984000,141.44000244140625
2013-12-23,145.80999755859375,142.0,142.52999877929688,145.42999267578125,1253300,145.42999267578125
2013-12-24,147.25999450683594,145.6300048828125,145.8300018310547,146.36000061035156,338000,146.36000061035156
2013-12-26,147.3300018310547,145.61000061035156,146.7899932861328,146.3300018310547,448100,146.3300018310547
2013-12-27,146.75,145.32000732421875,146.52000427246094,146.75,491700,146.75
2013-12-30,148.0,146.5399932861328,146.5399932861328,147.47000122070312,525600,147.47000122070312
2013-12-31,149.00999450683594,147.25,147.91000366210938,148.89999389648438,533600,148.89999389648438
2014-01-02,149.66000366210938,147.77999877929688,148.72000122070312,149.11000061035156,677000,149.11000061035156
2014-01-03,150.25999450683594,148.92999267578125,149.19000244140625,149.4499969482422,521300,149.4499969482422
2014-01-06,150.0500030517578,146.8000030517578,149.8699951171875,147.33999633789062,470500,147.33999633789062
2014-01-07,147.91000366210938,145.5,147.6199951171875,145.69000244140625,798500,145.69000244140625
2014-01-08,147.8300018310547,145.5,145.69000244140625,147.10000610351562,1107000,147.10000610351562
2014-01-09,148.30999755859375,145.5800018310547,148.1199951171875,146.02999877929688,751100,146.02999877929688
2014-01-10,149.25,146.6699981689453,146.7100067138672,148.22999572753906,704900,148.22999572753906
2014-01-13,149.0800018310547,146.05999755859375,149.0800018310547,146.69000244140625,872300,146.69000244140625
2014-01-14,149.14999389648438,146.19000244140625,146.99000549316406,149.1199951171875,1160500,149.1199951171875
2014-01-15,149.47000122070312,147.8300018310547,148.9600067138672,149.33999633789062,859300,149.33999633789062
2014-01-16,150.1999969482422,148.02999877929688,149.07000732421875,149.5800018310547,923700,149.5800018310547
2014-01-17,149.8800048828125,146.47999572753906,149.47000122070312,146.75999450683594,698900,146.75999450683594
2014-01-21,147.99000549316406,145.17999267578125,147.22999572753906,146.22999572753906,702200,146.22999572753906
2014-01-22,148.8800048828125,145.72999572753906,146.44000244140625,148.47999572753906,726400,148.47999572753906
2014-01-23,155.47999572753906,145.8000030517578,155.47999572753906,147.85000610351562,938000,147.85000610351562
2014-01-24,146.5,141.36000061035156,146.14999389648438,141.36000061035156,1114200,141.36000061035156
2014-01-27,144.97000122070312,140.5,143.24000549316406,141.8000030517578,1089600,141.8000030517578
2014-01-28,143.30999755859375,141.57000732421875,141.8000030517578,142.60000610351562,1154500,142.60000610351562
2014-01-29,142.57000732421875,139.9499969482422,141.02999877929688,141.25,1061700,141.25
2014-01-30,143.6999969482422,139.75,143.5500030517578,141.13999938964844,1136400,141.13999938964844
2014-01-31,143.67999267578125,138.41000366210938,138.41000366210938,142.17999267578125,1008100,142.17999267578125
2014-02-03,142.60000610351562,137.25999450683594,142.07000732421875,137.75999450683594,1605700,137.75999450683594
2014-02-04,140.83999633789062,137.22000122070312,138.1999969482422,140.22000122070312,950700,140.22000122070312
2014-02-05,142.1999969482422,139.02000427246094,139.3800048828125,141.6300048828125,875100,141.6300048828125
2014-02-06,146.52000427246094,141.6999969482422,141.74000549316406,145.55999755859375,957700,145.55999755859375
2014-02-07,148.42999267578125,145.82000732421875,146.55999755859375,147.61000061035156,839800,147.61000061035156
2014-02-10,147.77999877929688,144.02999877929688,147.36000061035156,145.02999877929688,791000,145.02999877929688
2014-02-11,146.33999633789062,144.35000610351562,145.02999877929688,145.52000427246094,794000,145.52000427246094
2014-02-12,147.02000427246094,144.27000427246094,145.77000427246094,144.86000061035156,1008300,144.86000061035156
2014-02-13,146.02999877929688,142.94000244140625,143.49000549316406,145.67999267578125,1043300,145.67999267578125
2014-02-14,147.2899932861328,144.83999633789062,145.52999877929688,147.10000610351562,511300,147.10000610351562
2014-02-18,147.94000244140625,144.58999633789062,147.72000122070312,144.72999572753906,810100,144.72999572753906
2014-02-19,145.27000427246094,143.5500030517578,144.5,144.0399932861328,1014800,144.0399932861328
2014-02-20,146.0500030517578,142.8800048828125,143.77999877929688,145.94000244140625,1450800,145.94000244140625
2014-02-21,146.22999572753906,138.27000427246094,138.27000427246094,143.41000366210938,2396000,143.41000366210938
2014-02-24,144.3300018310547,138.75,143.77000427246094,139.24000549316406,1797700,139.24000549316406
2014-02-25,140.9600067138672,138.61000061035156,139.4199981689453,140.91000366210938,1429900,140.91000366210938
2014-02-26,144.77999877929688,140.63999938964844,141.3800048828125,143.36000061035156,1593500,143.36000061035156
2014-02-27,144.57000732421875,142.47000122070312,142.9199981689453,143.77999877929688,1018600,143.77999877929688
2014-02-28,145.0,140.7100067138672,143.69000244140625,141.52999877929688,1167000,141.52999877929688
2014-03-03,140.99000549316406,139.1699981689453,140.02999877929688,140.07000732421875,1238100,140.07000732421875
2014-03-04,143.22000122070312,141.17999267578125,142.25999450683594,142.36000061035156,898900,142.36000061035156
2014-03-05,142.8300018310547,141.13999938964844,142.25,142.50999450683594,777200,142.50999450683594
2014-03-06,144.77000427246094,142.91000366210938,142.91000366210938,144.50999450683594,683700,144.50999450683594
2014-03-07,145.50999450683594,143.8300018310547,145.50999450683594,144.67999267578125,861300,144.67999267578125
2014-03-10,144.77999877929688,142.9600067138672,144.39999389648438,143.52000427246094,736500,143.52000427246094
2014-03-11,144.6999969482422,142.97999572753906,144.1199951171875,143.75,927700,143.75
2014-03-12,143.2100067138672,141.1199951171875,141.42999267578125,141.77000427246094,935600,141.77000427246094
2014-03-13,142.82000732421875,138.27000427246094,142.6300048828125,138.9600067138672,978000,138.9600067138672
2014-03-14,139.77000427246094,137.75,138.7100067138672,139.39999389648438,856400,139.39999389648438
2014-03-17,141.55999755859375,139.8000030517578,140.02999877929688,140.3800048828125,532600,140.3800048828125
2014-03-18,142.57000732421875,140.32000732421875,140.5,142.1999969482422,1005000,142.1999969482422
2014-03-19,144.6300048828125,140.52999877929688,143.39999389648438,141.8699951171875,820200,141.8699951171875
2014-03-20,142.02999877929688,139.5,141.27000427246094,140.39999389648438,1426500,140.39999389648438
2014-03-21,140.9199981689453,138.32000732421875,140.4199981689453,138.58999633789062,1567800,138.58999633789062
2014-03-24,139.22000122070312,135.47000122070312,139.14999389648438,137.1999969482422,1083200,137.1999969482422
2014-03-25,138.8000030517578,137.67999267578125,137.74000549316406,138.0800018310547,698000,138.0800018310547
2014-03-26,139.57000732421875,135.02000427246094,138.88999938964844,135.0399932861328,632800,135.0399932861328
2014-03-27,135.25999450683594,132.8699951171875,135.11000061035156,133.38999938964844,1218800,133.38999938964844
2014-03-28,135.10000610351562,132.9199981689453,134.02999877929688,134.72999572753906,1644800,134.72999572753906
2014-03-31,136.3699951171875,133.5800018310547,135.50999450683594,135.97999572753906,1092200,135.97999572753906
2014-04-01,139.88999938964844,135.97999572753906,136.8000030517578,137.3800048828125,916900,137.3800048828125
2014-04-02,138.9499969482422,136.82000732421875,137.38999938964844,137.97000122070312,751500,137.97000122070312
2014-04-03,138.49000549316406,135.41000366210938,138.49000549316406,136.07000732421875,837400,136.07000732421875
2014-04-04,139.89999389648438,135.94000244140625,136.6999969482422,136.00999450683594,1066700,136.00999450683594
2014-04-07,135.99000549316406,130.13999938964844,135.8000030517578,131.25,951100,131.25
2014-04-08,131.9199981689453,128.5399932861328,131.27999877929688,130.6199951171875,1788500,130.6199951171875
2014-04-09,135.2100067138672,130.75999450683594,131.0,134.9499969482422,1433100,134.9499969482422
2014-04-10,136.00999450683594,132.6199951171875,134.88999938964844,132.63999938964844,1161400,132.63999938964844
2014-04-11,132.50999450683594,129.85000610351562,130.97999572753906,131.02999877929688,889700,131.02999877929688
2014-04-14,134.24000549316406,131.4199981689453,132.02999877929688,133.27999877929688,925300,133.27999877929688
2014-04-15,136.0500030517578,132.89999389648438,133.4199981689453,134.88999938964844,1120700,134.88999938964844
2014-04-16,136.99000549316406,134.58999633789062,135.57000732421875,135.47000122070312,724400,135.47000122070312
2014-04-17,135.72000122070312,134.32000732421875,135.00999450683594,134.82000732421875,590100,134.82000732421875
2014-04-21,136.14999389648438,134.5399932861328,135.33999633789062,136.0800018310547,398000,136.0800018310547
2014-04-22,138.22999572753906,135.99000549316406,136.1199951171875,137.77000427246094,497700,137.77000427246094
2014-04-23,138.00999450683594,135.6300048828125,137.44000244140625,136.57000732421875,473000,136.57000732421875
2014-04-24,138.07000732421875,135.6300048828125,137.27000427246094,137.6199951171875,401700,137.6199951171875
2014-04-25,136.92999267578125,132.72000122070312,136.92999267578125,133.1999969482422,983800,133.1999969482422
2014-04-28,135.47000122070312,131.0800018310547,134.17999267578125,133.44000244140625,856400,133.44000244140625
2014-04-29,134.6199951171875,131.8000030517578,134.0800018310547,132.97999572753906,846200,132.97999572753906
2014-04-30,133.47000122070312,131.77000427246094,132.35000610351562,132.41000366210938,893600,132.41000366210938
2014-05-01,134.8800048828125,131.63999938964844,132.30999755859375,133.32000732421875,1011400,133.32000732421875
2014-05-02,143.5,140.0,140.32000732421875,140.94000244140625,1989900,140.94000244140625
2014-05-05,140.50999450683594,137.52999877929688,139.47999572753906,140.0399932861328,1037700,140.0399932861328
2014-05-06,139.75,136.88999938964844,139.19000244140625,137.14999389648438,917600,137.14999389648438
2014-05-07,137.9600067138672,135.27999877929688,137.47000122070312,137.5,970800,137.5
2014-05-08,138.64999389648438,135.38999938964844,137.25,136.02000427246094,675300,136.02000427246094
2014-05-09,136.58999633789062,134.77000427246094,135.86000061035156,135.72999572753906,871800,135.72999572753906
2014-05-12,140.13999938964844,136.4600067138672,136.89999389648438,139.44000244140625,576800,139.44000244140625
2014-05-13,141.2100067138672,139.14999389648438,139.36000061035156,139.47999572753906,691500,139.47999572753906
2014-05-14,139.30999755859375,134.77999877929688,139.30999755859375,135.0,727800,135.0
2014-05-15,134.97999572753906,131.19000244140625,134.0,132.08999633789062,1260600,132.08999633789062
2014-05-16,133.1699981689453,131.35000610351562,133.02000427246094,132.00999450683594,1184000,132.00999450683594
2014-05-19,133.8699951171875,131.22999572753906,131.5500030517578,133.44000244140625,693700,133.44000244140625
2014-05-20,134.6199951171875,133.17999267578125,133.3699951171875,133.69000244140625,646800,133.69000244140625
2014-05-21,134.85000610351562,132.97000122070312,133.91000366210938,133.72000122070312,339100,133.72000122070312
2014-05-22,134.75,133.2899932861328,133.6699981689453,134.02999877929688,645500,134.02999877929688
2014-05-23,136.77000427246094,133.61000061035156,133.86000061035156,136.41000366210938,570300,136.41000366210938
2014-05-27,138.64999389648438,136.63999938964844,136.92999267578125,138.6300048828125,828100,138.6300048828125
2014-05-28,139.47999572753906,137.74000549316406,138.86000061035156,137.89999389648438,617300,137.89999389648438
2014-05-29,138.27999877929688,134.64999389648438,138.24000549316406,135.52000427246094,694200,135.52000427246094
2014-05-30,135.7899932861328,134.49000549316406,135.3800048828125,135.66000366210938,583900,135.66000366210938
2014-06-02,136.86000061035156,135.52999877929688,135.92999267578125,136.25999450683594,465700,136.25999450683594
2014-06-03,136.47000122070312,134.9600067138672,135.89999389648438,135.7100067138672,437100,135.7100067138672
2014-06-04,135.6699981689453,134.2100067138672,135.05999755859375,134.97999572753906,545400,134.97999572753906
2014-06-05,136.0,134.1699981689453,135.19000244140625,135.61000061035156,669600,135.61000061035156
2014-06-06,137.80999755859375,135.75999450683594,136.0,136.97000122070312,997600,136.97000122070312
2014-06-09,138.77000427246094,135.6699981689453,137.32000732421875,135.7100067138672,1128500,135.7100067138672
2014-06-10,136.97000122070312,135.11000061035156,135.42999267578125,135.55999755859375,795300,135.55999755859375
2014-06-11,135.63999938964844,132.5800018310547,135.39999389648438,134.91000366210938,1058400,134.91000366210938
2014-06-12,135.92999267578125,132.27999877929688,134.82000732421875,132.50999450683594,547900,132.50999450683594
2014-06-13,132.89999389648438,130.47000122070312,132.52000427246094,132.1699981689453,901400,132.1699981689453
2014-06-16,132.5800018310547,131.0,132.0800018310547,132.02000427246094,586600,132.02000427246094
2014-06-17,132.47999572753906,130.77000427246094,131.49000549316406,132.0,679400,132.0
2014-06-18,133.27999877929688,129.7899932861328,132.0500030517578,133.10000610351562,1283800,133.10000610351562
2014-06-19,133.66000366210938,131.82000732421875,133.33999633789062,133.19000244140625,555400,133.19000244140625
2014-06-20,133.97000122070312,132.4199981689453,133.97000122070312,133.57000732421875,710700,133.57000732421875
2014-06-23,134.97000122070312,132.9499969482422,133.32000732421875,133.5,440400,133.5
2014-06-24,137.02000427246094,133.1199951171875,133.5,135.47000122070312,878800,135.47000122070312
2014-06-25,136.60000610351562,134.61000061035156,135.0500030517578,136.3800048828125,659600,136.3800048828125
2014-06-26,136.7899932861328,133.5,136.7899932861328,135.8300018310547,486300,135.8300018310547
2014-06-27,137.3300018310547,134.77000427246094,135.55999755859375,136.8800048828125,778100,136.8800048828125
2014-06-30,138.38999938964844,135.5,136.6999969482422,138.33999633789062,658200,138.33999633789062
2014-07-01,141.0,138.39999389648438,138.39999389648438,139.55999755859375,732700,139.55999755859375
2014-07-02,140.1199951171875,137.72000122070312,139.22999572753906,137.88999938964844,447100,137.88999938964844
2014-07-03,139.67999267578125,138.07000732421875,138.25,139.49000549316406,232100,139.49000549316406
2014-07-07,138.89999389648438,137.08999633789062,138.33999633789062,137.88999938964844,603300,137.88999938964844
2014-07-08,137.74000549316406,135.97000122070312,137.47000122070312,137.02000427246094,614700,137.02000427246094
2014-07-09,138.22999572753906,134.2100067138672,137.22000122070312,134.9600067138672,1409900,134.9600067138672
2014-07-10,132.7899932861328,127.7699966430664,128.13999938964844,130.3699951171875,3825000,130.3699951171875
2014-07-11,132.1199951171875,129.6699981689453,129.92999267578125,130.75999450683594,1253100,130.75999450683594
2014-07-14,132.13999938964844,130.58999633789062,131.44000244140625,131.47000122070312,594100,131.47000122070312
2014-07-15,132.25,130.80999755859375,131.39999389648438,131.6699981689453,642000,131.6699981689453
2014-07-16,132.6199951171875,130.77999877929688,132.0500030517578,132.32000732421875,873100,132.32000732421875
2014-07-17,131.6699981689453,130.0399932861328,131.00999450683594,130.19000244140625,786100,130.19000244140625
2014-07-18,132.02999877929688,129.89999389648438,130.64999389648438,131.8300018310547,385400,131.8300018310547
2014-07-21,131.94000244140625,130.77000427246094,130.77000427246094,131.35000610351562,439700,131.35000610351562
2014-07-22,132.5800018310547,130.92999267578125,132.5800018310547,132.25,2041200,132.25
2014-07-23,133.27000427246094,131.0,132.24000549316406,131.4199981689453,622200,131.4199981689453
2014-07-24,132.3800048828125,130.0399932861328,131.91000366210938,130.42999267578125,589000,130.42999267578125
2014-07-25,130.91000366210938,129.0800018310547,129.83999633789062,129.72000122070312,969700,129.72000122070312
2014-07-28,129.5399932861328,126.30999755859375,128.94000244140625,126.4800033569336,1336800,126.4800033569336
2014-07-29,128.4499969482422,126.08000183105469,126.55000305175781,127.2699966430664,1004800,127.2699966430664
2014-07-30,128.5,125.68000030517578,128.5,126.72000122070312,1334400,126.72000122070312
2014-07-31,126.38999938964844,123.80999755859375,125.70999908447266,124.7699966430664,1533600,124.7699966430664
2014-08-01,130.3000030517578,126.27999877929688,130.3000030517578,126.43000030517578,3041900,126.43000030517578
2014-08-04,128.58999633789062,126.30000305175781,126.77999877929688,128.5,1452600,128.5
2014-08-05,131.75,128.0,128.4600067138672,129.5399932861328,1325400,129.5399932861328
2014-08-06,130.88999938964844,128.5,128.86000061035156,130.3300018310547,935700,130.3300018310547
2014-08-07,131.61000061035156,129.6199951171875,131.2100067138672,130.0,637500,130.0
2014-08-08,134.50999450683594,129.6699981689453,130.17999267578125,134.4199981689453,1276200,134.4199981689453
2014-08-11,135.47000122070312,134.07000732421875,134.75,134.5800018310547,718400,134.5800018310547
2014-08-12,135.16000366210938,132.99000549316406,134.08999633789062,133.4499969482422,433800,133.4499969482422
2014-08-13,136.0399932861328,133.6300048828125,133.77999877929688,136.00999450683594,1127300,136.00999450683594
2014-08-14,139.9600067138672,136.07000732421875,136.10000610351562,139.9199981689453,1143200,139.9199981689453
2014-08-15,140.74000549316406,138.22000122070312,140.52999877929688,139.38999938964844,839500,139.38999938964844
2014-08-18,142.5,140.0,140.0500030517578,142.36000061035156,806000,142.36000061035156
2014-08-19,146.24000549316406,143.38999938964844,143.5,145.3000030517578,1252500,145.3000030517578
2014-08-20,146.3800048828125,144.00999450683594,144.5399932861328,146.0399932861328,540800,146.0399932861328
2014-08-21,146.50999450683594,144.69000244140625,146.1300048828125,146.1199951171875,478500,146.1199951171875
2014-08-22,147.41000366210938,145.1999969482422,145.6699981689453,146.4600067138672,522200,146.4600067138672
2014-08-25,147.08999633789062,145.5399932861328,146.7899932861328,146.6999969482422,656600,146.6999969482422
2014-08-26,147.64999389648438,146.02999877929688,146.6999969482422,146.05999755859375,766700,146.05999755859375
2014-08-27,146.9499969482422,145.58999633789062,146.2100067138672,145.92999267578125,526900,145.92999267578125
2014-08-28,146.0500030517578,143.83999633789062,145.4499969482422,145.52999877929688,477600,145.52999877929688
2014-08-29,146.82000732421875,144.9199981689453,146.02000427246094,146.02000427246094,298100,146.02000427246094
2014-09-02,146.6199951171875,145.2100067138672,146.05999755859375,146.07000732421875,918600,146.07000732421875
2014-09-03,147.1999969482422,145.77999877929688,146.9199981689453,146.25999450683594,567400,146.25999450683594
2014-09-04,149.83999633789062,146.10000610351562,146.5500030517578,147.14999389648438,719200,147.14999389648438
2014-09-05,148.27999877929688,146.50999450683594,147.00999450683594,148.1199951171875,662000,148.1199951171875
2014-09-08,148.5399932861328,146.57000732421875,147.72000122070312,147.27999877929688,777900,147.27999877929688
2014-09-09,147.77000427246094,145.6199951171875,147.3800048828125,145.82000732421875,388200,145.82000732421875
2014-09-10,146.4600067138672,144.61000061035156,145.85000610351562,145.4199981689453,533000,145.4199981689453
2014-09-11,145.5500030517578,144.24000549316406,144.72000122070312,145.25999450683594,391700,145.25999450683594
2014-09-12,145.3300018310547,140.42999267578125,145.0800018310547,142.1999969482422,872900,142.1999969482422
2014-09-15,142.55999755859375,140.22999572753906,142.42999267578125,141.4199981689453,663200,141.4199981689453
2014-09-16,141.1999969482422,139.47000122070312,140.58999633789062,140.07000732421875,760800,140.07000732421875
2014-09-17,143.8300018310547,140.83999633789062,140.89999389648438,142.86000061035156,1314700,142.86000061035156
2014-09-18,143.39999389648438,141.5399932861328,142.9600067138672,142.4199981689453,604000,142.4199981689453
2014-09-19,143.39999389648438,140.14999389648438,142.92999267578125,140.52999877929688,831000,140.52999877929688
2014-09-22,140.33999633789062,137.16000366210938,140.1699981689453,137.63999938964844,603000,137.63999938964844
2014-09-23,137.52000427246094,136.17999267578125,136.5800018310547,136.22000122070312,765800,136.22000122070312
2014-09-24,137.58999633789062,134.6999969482422,135.9600067138672,136.99000549316406,651500,136.99000549316406
2014-09-25,136.91000366210938,135.0,136.91000366210938,136.3699951171875,749200,136.3699951171875
2014-09-26,137.25999450683594,135.8300018310547,136.4600067138672,136.5800018310547,595500,136.5800018310547
2014-09-29,136.4600067138672,134.6199951171875,135.44000244140625,135.97000122070312,403300,135.97000122070312
2014-09-30,136.49000549316406,134.58999633789062,136.3300018310547,134.82000732421875,657300,134.82000732421875
2014-10-01,134.6699981689453,131.2899932861328,134.6699981689453,131.80999755859375,891700,131.80999755859375
2014-10-02,132.77999877929688,130.7100067138672,131.52999877929688,132.05999755859375,1083300,132.05999755859375
2014-10-03,136.27000427246094,132.94000244140625,133.30999755859375,135.5399932861328,814300,135.5399932861328
2014-10-06,136.7100067138672,134.1999969482422,135.72000122070312,134.32000732421875,423500,134.32000732421875
2014-10-07,134.22999572753906,132.3699951171875,133.19000244140625,133.3300018310547,647600,133.3300018310547
2014-10-08,134.4600067138672,130.61000061035156,132.99000549316406,134.38999938964844,947400,134.38999938964844
2014-10-09,134.5500030517578,129.94000244140625,134.39999389648438,130.00999450683594,913300,130.00999450683594
2014-10-10,130.92999267578125,128.0,129.75,128.1199951171875,908000,128.1199951171875
2014-10-13,129.22000122070312,124.7300033569336,128.11000061035156,124.81999969482422,1059800,124.81999969482422
2014-10-14,126.75,124.2300033569336,124.58000183105469,125.12000274658203,1046500,125.12000274658203
2014-10-15,126.25,120.37000274658203,122.94999694824219,125.62000274658203,1302200,125.62000274658203
2014-10-16,127.5,123.13999938964844,123.18000030517578,126.0,754600,126.0
2014-10-17,129.72999572753906,126.30999755859375,127.20999908447266,128.8300018310547,850000,128.8300018310547
2014-10-20,130.14999389648438,128.52000427246094,128.52999877929688,130.02999877929688,494900,130.02999877929688
2014-10-21,135.1999969482422,130.47000122070312,130.47000122070312,134.83999633789062,1073200,134.83999633789062
2014-10-22,135.5399932861328,133.13999938964844,133.86000061035156,133.47999572753906,710400,133.47999572753906
2014-10-23,136.57000732421875,134.14999389648438,134.14999389648438,135.32000732421875,747400,135.32000732421875
2014-10-24,135.89999389648438,133.75,135.27000427246094,134.9199981689453,542400,134.9199981689453
2014-10-27,134.9499969482422,133.25999450683594,133.8000030517578,134.2899932861328,371500,134.2899932861328
2014-10-28,137.0,134.08999633789062,134.24000549316406,137.0,396100,137.0
2014-10-29,137.57000732421875,133.6199951171875,137.0,134.66000366210938,735200,134.66000366210938
2014-10-30,135.75,133.44000244140625,134.4199981689453,135.74000549316406,904900,135.74000549316406
2014-10-31,147.02999877929688,139.0399932861328,143.5,142.0399932861328,2027800,142.0399932861328
2014-11-03,142.44000244140625,139.4499969482422,142.44000244140625,140.5399932861328,956300,140.5399932861328
2014-11-04,140.32000732421875,138.22000122070312,140.08999633789062,140.1300048828125,513100,140.1300048828125
2014-11-05,141.11000061035156,139.0800018310547,140.72999572753906,139.64999389648438,539100,139.64999389648438
2014-11-06,142.30999755859375,139.1300048828125,140.17999267578125,142.14999389648438,596900,142.14999389648438
2014-11-07,143.69000244140625,141.41000366210938,142.38999938964844,142.66000366210938,664500,142.66000366210938
2014-11-10,143.64999389648438,142.3800048828125,142.8000030517578,142.7100067138672,482500,142.7100067138672
2014-11-11,143.35000610351562,142.57000732421875,143.0800018310547,143.05999755859375,372500,143.05999755859375
2014-11-12,143.63999938964844,141.91000366210938,142.6300048828125,143.22000122070312,381400,143.22000122070312
2014-11-13,143.6699981689453,141.67999267578125,143.19000244140625,142.52999877929688,326800,142.52999877929688
2014-11-14,143.80999755859375,142.25,142.25,143.47000122070312,504300,143.47000122070312
2014-11-17,143.5500030517578,141.47000122070312,143.02000427246094,141.6699981689453,360500,141.6699981689453
2014-11-18,143.35000610351562,141.8000030517578,141.8000030517578,142.72000122070312,443800,142.72000122070312
2014-11-19,146.24000549316406,142.3699951171875,142.3699951171875,145.9600067138672,824000,145.9600067138672
2014-11-20,149.83999633789062,144.25999450683594,144.5,148.36000061035156,929800,148.36000061035156
2014-11-21,152.47999572753906,149.99000549316406,149.99000549316406,151.61000061035156,1578600,151.61000061035156
2014-11-24,154.69000244140625,152.1699981689453,152.41000366210938,153.88999938964844,1164800,153.88999938964844
2014-11-25,155.07000732421875,152.47999572753906,153.92999267578125,152.8300018310547,626300,152.8300018310547
2014-11-26,153.27000427246094,151.66000366210938,153.27000427246094,151.8000030517578,384500,151.8000030517578
2014-11-28,154.72999572753906,151.72000122070312,151.99000549316406,153.58999633789062,364500,153.58999633789062
2014-12-01,153.5,151.7100067138672,152.38999938964844,151.99000549316406,888800,151.99000549316406
2014-12-02,153.33999633789062,152.00999450683594,152.05999755859375,152.88999938964844,591600,152.88999938964844
2014-12-03,153.6699981689453,152.08999633789062,152.8699951171875,152.8800048828125,600500,152.8800048828125
2014-12-04,155.39999389648438,152.02999877929688,152.8699951171875,154.77999877929688,659100,154.77999877929688
2014-12-05,156.97000122070312,154.44000244140625,154.7100067138672,155.49000549316406,540600,155.49000549316406
2014-12-08,157.5,155.10000610351562,155.1999969482422,156.99000549316406,871400,156.99000549316406
2014-12-09,157.8000030517578,153.97000122070312,154.5800018310547,157.60000610351562,477600,157.60000610351562
2014-12-10,157.9600067138672,153.22999572753906,157.32000732421875,153.2899932861328,664500,153.2899932861328
2014-12-11,158.5800018310547,154.38999938964844,154.83999633789062,156.6199951171875,760400,156.6199951171875
2014-12-12,156.8000030517578,153.7899932861328,155.14999389648438,153.7899932861328,656700,153.7899932861328
2014-12-15,156.47999572753906,152.17999267578125,155.60000610351562,153.24000549316406,768600,153.24000549316406
2014-12-16,151.36000061035156,143.22000122070312,151.36000061035156,146.77999877929688,2285200,146.77999877929688
2014-12-17,152.08999633789062,146.8800048828125,147.5,151.7100067138672,1024200,151.7100067138672
2014-12-18,154.16000366210938,152.1999969482422,153.9499969482422,153.9199981689453,895800,153.9199981689453
2014-12-19,156.0,154.57000732421875,154.9600067138672,154.9600067138672,1064600,154.9600067138672
2014-12-22,155.9199981689453,153.72999572753906,155.4199981689453,154.5399932861328,438600,154.5399932861328
2014-12-23,156.47000122070312,154.4499969482422,155.57000732421875,154.77000427246094,568300,154.77000427246094
2014-12-24,155.50999450683594,154.47999572753906,155.1999969482422,154.55999755859375,134400,154.55999755859375
2014-12-26,156.30999755859375,154.69000244140625,154.80999755859375,155.3000030517578,271600,155.3000030517578
2014-12-29,156.85000610351562,155.05999755859375,155.16000366210938,155.97000122070312,440800,155.97000122070312
2014-12-30,156.86000061035156,155.0399932861328,155.55999755859375,155.63999938964844,270600,155.63999938964844
2014-12-31,157.72999572753906,155.1300048828125,155.67999267578125,155.36000061035156,399500,155.36000061035156
2015-01-02,156.9499969482422,151.22000122070312,156.66000366210938,154.57000732421875,988100,154.57000732421875
2015-01-05,154.67999267578125,152.4199981689453,153.5,154.11000061035156,709700,154.11000061035156
2015-01-06,155.30999755859375,151.14999389648438,154.5800018310547,152.74000549316406,603300,152.74000549316406
2015-01-07,155.3300018310547,153.52000427246094,154.22000122070312,154.0500030517578,478700,154.0500030517578
2015-01-08,156.6699981689453,155.24000549316406,155.39999389648438,155.99000549316406,839900,155.99000549316406
2015-01-09,159.9499969482422,155.72999572753906,156.5,158.35000610351562,1146900,158.35000610351562
2015-01-12,158.97000122070312,155.80999755859375,158.6999969482422,157.75999450683594,445500,157.75999450683594
2015-01-13,164.11000061035156,156.05999755859375,159.82000732421875,160.11000061035156,1824500,160.11000061035156
2015-01-14,167.63999938964844,162.08999633789062,163.25999450683594,167.0500030517578,2991800,167.0500030517578
2015-01-15,170.05999755859375,161.47999572753906,167.75,162.66000366210938,1945400,162.66000366210938
2015-01-16,168.55999755859375,161.16000366210938,162.17999267578125,168.4499969482422,981400,168.4499969482422
2015-01-20,169.85000610351562,166.22000122070312,169.85000610351562,168.8300018310547,1272400,168.8300018310547
2015-01-21,169.74000549316406,166.22999572753906,168.5399932861328,167.3000030517578,629900,167.3000030517578
2015-01-22,169.72999572753906,165.77000427246094,167.80999755859375,168.10000610351562,706700,168.10000610351562
2015-01-23,168.8800048828125,166.32000732421875,168.14999389648438,167.08999633789062,368300,167.08999633789062
2015-01-26,169.3699951171875,167.11000061035156,168.5,167.60000610351562,653500,167.60000610351562
2015-01-27,167.25999450683594,165.00999450683594,165.60000610351562,165.6300048828125,632700,165.6300048828125
2015-01-28,167.99000549316406,164.35000610351562,167.13999938964844,164.75999450683594,469000,164.75999450683594
2015-01-29,169.36000061035156,164.00999450683594,164.5500030517578,169.02999877929688,615200,169.02999877929688
2015-01-30,167.83999633789062,164.77999877929688,167.50999450683594,165.0399932861328,587400,165.0399932861328
2015-02-02,167.83999633789062,163.38999938964844,166.9600067138672,166.7100067138672,534200,166.7100067138672
2015-02-03,169.3800048828125,165.8300018310547,166.77999877929688,169.05999755859375,585200,169.05999755859375
2015-02-04,170.9600067138672,168.0,169.0399932861328,168.33999633789062,552800,168.33999633789062
2015-02-05,169.5800018310547,165.72000122070312,168.88999938964844,166.47999572753906,585600,166.47999572753906
2015-02-06,166.64999389648438,164.57000732421875,166.32000732421875,165.52999877929688,593300,165.52999877929688
2015-02-09,166.66000366210938,162.41000366210938,165.39999389648438,165.8699951171875,899100,165.8699951171875
2015-02-10,170.0,165.66000366210938,167.97999572753906,168.25,840400,168.25
2015-02-11,169.99000549316406,166.25999450683594,168.30999755859375,168.35000610351562,551300,168.35000610351562
2015-02-12,172.1699981689453,168.6999969482422,168.6999969482422,171.9199981689453,563400,171.9199981689453
2015-02-13,173.44000244140625,170.50999450683594,172.0800018310547,173.0,479100,173.0
2015-02-17,172.7899932861328,169.63999938964844,172.74000549316406,171.44000244140625,937000,171.44000244140625
2015-02-18,172.11000061035156,169.60000610351562,170.6699981689453,171.6699981689453,716600,171.6699981689453
2015-02-19,174.8000030517578,171.5,171.52000427246094,172.6699981689453,867100,172.6699981689453
2015-02-20,187.24000549316406,179.13999938964844,182.39999389648438,184.25999450683594,1938300,184.25999450683594
2015-02-23,185.52999877929688,182.13999938964844,184.25999450683594,183.24000549316406,1426500,183.24000549316406
2015-02-24,184.3300018310547,181.49000549316406,183.24000549316406,183.50999450683594,734800,183.50999450683594
2015-02-25,186.55999755859375,183.47999572753906,183.5399932861328,185.88999938964844,657400,185.88999938964844
2015-02-26,187.25,184.1300048828125,186.22000122070312,186.14999389648438,760800,186.14999389648438
2015-02-27,187.4499969482422,184.24000549316406,186.8000030517578,184.35000610351562,1090500,184.35000610351562
2015-03-02,188.25999450683594,184.35000610351562,184.35000610351562,186.1699981689453,729700,186.1699981689453
2015-03-03,186.47000122070312,184.35000610351562,185.99000549316406,185.58999633789062,566800,185.58999633789062
2015-03-04,185.58999633789062,181.5,184.52999877929688,185.02999877929688,796300,185.02999877929688
2015-03-05,186.60000610351562,184.5,185.75,185.17999267578125,501000,185.17999267578125
2015-03-06,186.4199981689453,179.91000366210938,184.4600067138672,180.25,735900,180.25
2015-03-09,183.97000122070312,180.35000610351562,181.00999450683594,183.63999938964844,701400,183.63999938964844
2015-03-10,182.3000030517578,180.02999877929688,181.74000549316406,180.5500030517578,373100,180.5500030517578
2015-03-11,181.1699981689453,178.1999969482422,180.5500030517578,178.57000732421875,614000,178.57000732421875
2015-03-12,181.77000427246094,178.5500030517578,178.5500030517578,180.16000366210938,776700,180.16000366210938
2015-03-13,180.72999572753906,176.75,179.39999389648438,178.60000610351562,515500,178.60000610351562
2015-03-16,180.9600067138672,178.24000549316406,179.8000030517578,180.14999389648438,571500,180.14999389648438
2015-03-17,179.77999877929688,177.25999450683594,179.69000244140625,178.0,434100,178.0
2015-03-18,181.64999389648438,175.67999267578125,177.1300048828125,180.72999572753906,1180000,180.72999572753906
2015-03-19,181.75,177.8300018310547,180.30999755859375,179.8699951171875,822700,179.8699951171875
2015-03-20,182.94000244140625,180.57000732421875,180.61000061035156,181.02999877929688,798500,181.02999877929688
2015-03-23,183.2100067138672,180.85000610351562,181.19000244140625,181.08999633789062,375700,181.08999633789062
2015-03-24,184.67999267578125,180.42999267578125,180.7899932861328,181.47999572753906,631300,181.47999572753906
2015-03-25,183.02000427246094,180.49000549316406,181.39999389648438,180.9499969482422,719800,180.9499969482422
2015-03-26,181.1199951171875,178.44000244140625,180.1300048828125,180.08999633789062,871300,180.08999633789062
2015-03-27,181.61000061035156,179.3699951171875,179.42999267578125,181.22000122070312,410100,181.22000122070312
2015-03-30,185.02999877929688,182.83999633789062,182.83999633789062,184.72000122070312,410000,184.72000122070312
2015-03-31,188.2899932861328,183.8300018310547,183.8800048828125,185.75,649400,185.75
2015-04-01,186.16000366210938,183.27999877929688,185.9499969482422,184.66000366210938,490600,184.66000366210938
2015-04-02,187.2899932861328,183.47000122070312,184.2899932861328,185.27999877929688,368900,185.27999877929688
2015-04-06,185.74000549316406,183.2899932861328,183.88999938964844,183.41000366210938,472000,183.41000366210938
2015-04-07,184.25,181.02000427246094,183.27999877929688,181.10000610351562,347400,181.10000610351562
2015-04-08,183.41000366210938,180.61000061035156,181.00999450683594,183.41000366210938,430100,183.41000366210938
2015-04-09,184.80999755859375,181.6999969482422,183.32000732421875,184.25,320300,184.25
2015-04-10,184.4600067138672,181.66000366210938,184.24000549316406,183.86000061035156,364900,183.86000061035156
2015-04-13,184.5399932861328,182.17999267578125,183.33999633789062,182.41000366210938,339500,182.41000366210938
2015-04-14,183.6699981689453,180.00999450683594,182.47000122070312,183.36000061035156,487400,183.36000061035156
2015-04-15,184.57000732421875,181.22000122070312,183.6999969482422,181.49000549316406,309100,181.49000549316406
2015-04-16,180.85000610351562,175.52000427246094,180.25999450683594,176.38999938964844,1522600,176.38999938964844
2015-04-17,177.85000610351562,174.38999938964844,174.8699951171875,177.10000610351562,537400,177.10000610351562
2015-04-20,178.05999755859375,175.8699951171875,178.05999755859375,176.8800048828125,714100,176.8800048828125
2015-04-21,180.6199951171875,177.5399932861328,178.00999450683594,179.6300048828125,406600,179.6300048828125
2015-04-22,182.35000610351562,178.05999755859375,180.10000610351562,182.02000427246094,613600,182.02000427246094
2015-04-23,181.36000061035156,177.08999633789062,180.0,178.5399932861328,956900,178.5399932861328
2015-04-24,179.4600067138672,178.0,178.83999633789062,179.25999450683594,460900,179.25999450683594
2015-04-27,180.75999450683594,177.0,180.08999633789062,178.00999450683594,558900,178.00999450683594
2015-04-28,179.25,175.77999877929688,177.91000366210938,177.6999969482422,461400,177.6999969482422
2015-04-29,178.11000061035156,174.6999969482422,177.3300018310547,174.75,753600,174.75
2015-04-30,176.57000732421875,172.97000122070312,175.00999450683594,173.5,765800,173.5
2015-05-01,178.0500030517578,174.32000732421875,174.5800018310547,177.69000244140625,843800,177.69000244140625
2015-05-04,179.97999572753906,177.58999633789062,178.8699951171875,178.97000122070312,602000,178.97000122070312
2015-05-05,179.16000366210938,175.97000122070312,178.55999755859375,176.5500030517578,465400,176.5500030517578
2015-05-06,176.72000122070312,174.1699981689453,176.58999633789062,175.47000122070312,536900,175.47000122070312
2015-05-07,180.0500030517578,174.88999938964844,175.5,179.19000244140625,805500,179.19000244140625
2015-05-08,188.0,182.0,184.17999267578125,184.25,1339900,184.25
2015-05-11,185.49000549316406,182.47999572753906,184.49000549316406,182.57000732421875,872500,182.57000732421875
2015-05-12,181.97999572753906,179.92999267578125,181.02999877929688,180.8300018310547,483300,180.8300018310547
2015-05-13,181.88999938964844,179.8699951171875,181.1999969482422,181.35000610351562,385600,181.35000610351562
2015-05-14,183.6699981689453,180.47000122070312,182.8000030517578,183.1199951171875,554700,183.1199951171875
2015-05-15,184.0,181.9199981689453,183.05999755859375,183.0500030517578,450600,183.0500030517578
2015-05-18,186.16000366210938,182.32000732421875,182.97999572753906,185.7899932861328,618400,185.7899932861328
2015-05-19,189.5,185.60000610351562,186.74000549316406,188.88999938964844,756100,188.88999938964844
2015-05-20,189.52000427246094,187.39999389648438,189.1999969482422,188.4499969482422,433500,188.4499969482422
2015-05-21,189.6300048828125,187.38999938964844,187.88999938964844,188.6199951171875,451000,188.6199951171875
2015-05-22,189.08999633789062,187.0,188.30999755859375,187.17999267578125,289800,187.17999267578125
2015-05-26,187.60000610351562,185.8800048828125,187.22000122070312,186.55999755859375,338700,186.55999755859375
2015-05-27,189.92999267578125,184.47000122070312,186.72000122070312,189.5,490400,189.5
2015-05-28,190.16000366210938,188.38999938964844,188.7899932861328,188.8300018310547,347500,188.8300018310547
2015-05-29,189.16000366210938,186.49000549316406,189.0500030517578,186.63999938964844,363700,186.63999938964844
2015-06-01,189.6699981689453,186.36000061035156,186.88999938964844,188.8000030517578,362600,188.8000030517578
2015-06-02,189.8000030517578,187.72000122070312,188.5,189.4499969482422,379400,189.4499969482422
2015-06-03,189.82000732421875,188.0399932861328,189.49000549316406,189.47000122070312,427900,189.47000122070312
2015-06-04,189.8699951171875,188.27999877929688,188.6699981689453,188.57000732421875,358700,188.57000732421875
2015-06-05,188.8000030517578,187.19000244140625,187.97999572753906,188.60000610351562,420800,188.60000610351562
2015-06-08,188.94000244140625,186.83999633789062,188.05999755859375,186.8699951171875,304000,186.8699951171875
2015-06-09,187.92999267578125,186.10000610351562,186.83999633789062,186.9499969482422,311700,186.9499969482422
2015-06-10,192.66000366210938,187.2100067138672,188.07000732421875,192.44000244140625,611400,192.44000244140625
2015-06-11,194.13999938964844,189.97999572753906,191.88999938964844,189.99000549316406,496000,189.99000549316406
2015-06-12,191.1300048828125,188.60000610351562,189.11000061035156,190.6199951171875,233900,190.6199951171875
2015-06-15,190.52000427246094,188.32000732421875,189.1199951171875,189.0500030517578,374100,189.0500030517578
2015-06-16,191.33999633789062,188.57000732421875,189.17999267578125,191.0800018310547,295200,191.0800018310547
2015-06-17,193.58999633789062,190.1300048828125,191.42999267578125,192.38999938964844,236900,192.38999938964844
2015-06-18,194.13999938964844,191.47999572753906,192.8800048828125,191.64999389648438,536300,191.64999389648438
2015-06-19,193.72000122070312,190.97000122070312,191.1199951171875,192.77999877929688,601100,192.77999877929688
2015-06-22,195.3000030517578,193.49000549316406,193.77000427246094,194.33999633789062,405700,194.33999633789062
2015-06-23,194.9600067138672,192.7100067138672,194.3800048828125,193.2899932861328,307700,193.2899932861328
2015-06-24,194.74000549316406,191.86000061035156,193.57000732421875,191.8699951171875,309800,191.8699951171875
2015-06-25,193.07000732421875,191.16000366210938,193.07000732421875,191.89999389648438,551900,191.89999389648438
2015-06-26,193.27000427246094,191.49000549316406,192.25999450683594,193.1699981689453,1176300,193.1699981689453
2015-06-29,192.99000549316406,188.50999450683594,192.3000030517578,188.74000549316406,510500,188.74000549316406
2015-06-30,192.49000549316406,189.42999267578125,189.97000122070312,190.89999389648438,473400,190.89999389648438
2015-07-01,194.4600067138672,192.0399932861328,192.8000030517578,194.10000610351562,468000,194.10000610351562
2015-07-02,195.52999877929688,191.72000122070312,194.64999389648438,193.5500030517578,381200,193.5500030517578
2015-07-06,193.52000427246094,190.8800048828125,192.47999572753906,191.52999877929688,589200,191.52999877929688
2015-07-07,194.6999969482422,189.7899932861328,191.33999633789062,194.22999572753906,695000,194.22999572753906
2015-07-08,194.08999633789062,189.0,192.86000061035156,189.6199951171875,539700,189.6199951171875
2015-07-09,193.82000732421875,189.32000732421875,192.41000366210938,189.41000366210938,490500,189.41000366210938
2015-07-10,194.63999938964844,190.0500030517578,192.82000732421875,194.00999450683594,542600,194.00999450683594
2015-07-13,196.25,194.11000061035156,196.0500030517578,195.4499969482422,401900,195.4499969482422
2015-07-14,196.83999633789062,194.13999938964844,195.17999267578125,196.0500030517578,278600,196.0500030517578
2015-07-15,197.1999969482422,193.77000427246094,195.8000030517578,194.75999450683594,362800,194.75999450683594
2015-07-16,195.8699951171875,193.50999450683594,195.58999633789062,195.2100067138672,288500,195.2100067138672
2015-07-17,196.4499969482422,191.86000061035156,195.27000427246094,193.57000732421875,295000,193.57000732421875
2015-07-20,197.5,193.8300018310547,194.00999450683594,196.82000732421875,483300,196.82000732421875
2015-07-21,196.75,193.57000732421875,196.75,195.14999389648438,504900,195.14999389648438
2015-07-22,200.52000427246094,194.92999267578125,195.07000732421875,197.82000732421875,763600,197.82000732421875
2015-07-23,202.22000122070312,197.8800048828125,198.55999755859375,197.99000549316406,711100,197.99000549316406
2015-07-24,199.1300048828125,194.02000427246094,198.88999938964844,196.0,621500,196.0
2015-07-27,195.05999755859375,190.08999633789062,194.82000732421875,191.5500030517578,665800,191.5500030517578
2015-07-28,196.5800018310547,192.52000427246094,193.10000610351562,196.10000610351562,426400,196.10000610351562
2015-07-29,200.00999450683594,196.2100067138672,196.97000122070312,199.5800018310547,341200,199.5800018310547
2015-07-30,201.1999969482422,197.99000549316406,198.6699981689453,200.66000366210938,367000,200.66000366210938
2015-07-31,202.3699951171875,199.4600067138672,201.4600067138672,201.58999633789062,368700,201.58999633789062
2015-08-03,204.38999938964844,199.5,204.0,200.8300018310547,781500,200.8300018310547
2015-08-04,202.8800048828125,200.02000427246094,201.1300048828125,202.7899932861328,466700,202.7899932861328
2015-08-05,204.33999633789062,200.8000030517578,204.33999633789062,202.75999450683594,675800,202.75999450683594
2015-08-06,203.58999633789062,195.60000610351562,202.13999938964844,197.63999938964844,1014900,197.63999938964844
2015-08-07,207.38999938964844,202.9199981689453,205.25,203.85000610351562,2044700,203.85000610351562
2015-08-10,207.75,204.60000610351562,204.89999389648438,205.4199981689453,1052300,205.4199981689453
2015-08-11,206.00999450683594,203.30999755859375,203.88999938964844,204.9199981689453,805700,204.9199981689453
2015-08-12,206.0500030517578,200.5500030517578,203.3699951171875,205.3000030517578,1007100,205.3000030517578
2015-08-13,207.38999938964844,204.91000366210938,205.2899932861328,205.88999938964844,705500,205.88999938964844
2015-08-14,207.7899932861328,205.1999969482422,205.6999969482422,207.3800048828125,675900,207.3800048828125
2015-08-17,209.00999450683594,206.0,206.77999877929688,208.42999267578125,444500,208.42999267578125
2015-08-18,211.97999572753906,208.25,209.27999877929688,211.3300018310547,817400,211.3300018310547
2015-08-19,212.16000366210938,208.27999877929688,209.86000061035156,210.83999633789062,706600,210.83999633789062
2015-08-20,211.00999450683594,204.27000427246094,209.36000061035156,204.41000366210938,517000,204.41000366210938
2015-08-21,205.00999450683594,199.8000030517578,202.33999633789062,200.17999267578125,643600,200.17999267578125
2015-08-24,198.3000030517578,183.52000427246094,191.88999938964844,190.3300018310547,1184400,190.3300018310547
2015-08-25,196.33999633789062,189.17999267578125,195.7899932861328,189.17999267578125,1097200,189.17999267578125
2015-08-26,194.99000549316406,188.00999450683594,193.6999969482422,192.80999755859375,1174700,192.80999755859375
2015-08-27,196.2100067138672,191.22000122070312,194.99000549316406,194.3699951171875,745500,194.3699951171875
2015-08-28,198.39999389648438,193.3699951171875,194.00999450683594,197.58999633789062,797600,197.58999633789062
2015-08-31,200.41000366210938,196.3699951171875,197.1300048828125,196.97000122070312,567800,196.97000122070312
2015-09-01,195.11000061035156,192.07000732421875,193.5,192.86000061035156,635400,192.86000061035156
2015-09-02,197.8699951171875,194.0500030517578,195.07000732421875,197.8699951171875,478400,197.8699951171875
2015-09-03,201.5500030517578,198.3000030517578,198.67999267578125,200.3800048828125,667400,200.3800048828125
2015-09-04,200.38999938964844,196.66000366210938,197.8699951171875,197.5,508700,197.5
2015-09-08,204.36000061035156,201.07000732421875,201.4199981689453,204.19000244140625,765700,204.19000244140625
2015-09-09,206.8000030517578,201.1300048828125,206.5800018310547,201.49000549316406,679900,201.49000549316406
2015-09-10,203.5800018310547,200.64999389648438,200.67999267578125,202.2100067138672,514500,202.2100067138672
2015-09-11,207.67999267578125,201.9199981689453,201.9199981689453,206.7100067138672,649300,206.7100067138672
2015-09-14,207.1199951171875,204.52999877929688,206.97000122070312,205.3699951171875,551700,205.3699951171875
2015-09-15,208.02000427246094,205.16000366210938,206.83999633789062,206.61000061035156,509600,206.61000061035156
2015-09-16,206.72999572753906,204.75,206.3300018310547,205.75,502700,205.75
2015-09-17,209.97999572753906,205.08999633789062,205.77999877929688,206.97000122070312,674800,206.97000122070312
2015-09-18,205.50999450683594,201.52999877929688,204.5500030517578,202.19000244140625,756700,202.19000244140625
2015-09-21,205.27999877929688,200.50999450683594,203.14999389648438,201.10000610351562,689300,201.10000610351562
2015-09-22,199.8300018310547,196.38999938964844,199.5500030517578,198.38999938964844,537700,198.38999938964844
2015-09-23,199.80999755859375,195.64999389648438,198.83999633789062,196.97999572753906,408300,196.97999572753906
2015-09-24,196.00999450683594,191.5800018310547,195.08999633789062,192.82000732421875,1090500,192.82000732421875
2015-09-25,195.6699981689453,190.74000549316406,194.88999938964844,191.49000549316406,1091800,191.49000549316406
2015-09-28,190.44000244140625,178.88999938964844,190.35000610351562,179.52000427246094,1612600,179.52000427246094
2015-09-29,181.38999938964844,174.49000549316406,179.89999389648438,176.19000244140625,1877300,176.19000244140625
2015-09-30,182.32000732421875,177.97999572753906,178.0399932861328,181.7899932861328,1370500,181.7899932861328
2015-10-01,186.72000122070312,180.8800048828125,182.9600067138672,186.1300048828125,1584900,186.1300048828125
2015-10-02,189.07000732421875,182.57000732421875,184.77000427246094,188.97000122070312,978700,188.97000122070312
2015-10-05,195.50999450683594,189.9600067138672,189.9600067138672,195.1199951171875,1127400,195.1199951171875
2015-10-06,197.8800048828125,189.36000061035156,196.61000061035156,191.02000427246094,1217200,191.02000427246094
2015-10-07,195.22999572753906,189.5800018310547,192.13999938964844,194.82000732421875,1002300,194.82000732421875
2015-10-08,197.77000427246094,193.91000366210938,194.10000610351562,197.52000427246094,1172500,197.52000427246094
2015-10-09,198.25,195.36000061035156,197.42999267578125,196.32000732421875,439400,196.32000732421875
2015-10-12,198.6300048828125,196.11000061035156,196.8800048828125,197.8000030517578,432900,197.8000030517578
2015-10-13,197.47000122070312,193.61000061035156,196.50999450683594,193.75,502200,193.75
2015-10-14,194.61000061035156,189.82000732421875,193.69000244140625,190.11000061035156,625100,190.11000061035156
2015-10-15,192.0500030517578,187.35000610351562,190.5800018310547,191.49000549316406,783800,191.49000549316406
2015-10-16,196.63999938964844,191.82000732421875,192.22999572753906,196.11000061035156,1120500,196.11000061035156
2015-10-19,198.6999969482422,195.9499969482422,195.9499969482422,198.0,579800,198.0
2015-10-20,199.72999572753906,195.5500030517578,197.7899932861328,195.9199981689453,538400,195.9199981689453
2015-10-21,198.2899932861328,193.6699981689453,197.58999633789062,195.00999450683594,631900,195.00999450683594
2015-10-22,198.5399932861328,194.00999450683594,195.4199981689453,196.25999450683594,823000,196.25999450683594
2015-10-23,198.11000061035156,193.10000610351562,197.6199951171875,195.47999572753906,679100,195.47999572753906
2015-10-26,197.6199951171875,193.14999389648438,195.57000732421875,196.83999633789062,473200,196.83999633789062
2015-10-27,197.6300048828125,192.3800048828125,195.6300048828125,195.22999572753906,551300,195.22999572753906
2015-10-28,197.36000061035156,194.25,195.85000610351562,196.39999389648438,556100,196.39999389648438
2015-10-29,196.3000030517578,188.02999877929688,196.08999633789062,192.38999938964844,1240000,192.38999938964844
2015-10-30,197.3000030517578,192.38999938964844,193.19000244140625,195.5,974900,195.5
2015-11-02,198.7100067138672,194.42999267578125,196.22000122070312,198.32000732421875,649900,198.32000732421875
2015-11-03,199.63999938964844,196.4199981689453,199.63999938964844,198.19000244140625,590400,198.19000244140625
2015-11-04,200.58999633789062,196.88999938964844,198.91000366210938,198.1699981689453,574800,198.1699981689453
2015-11-05,199.17999267578125,194.74000549316406,198.0,197.4600067138672,1189400,197.4600067138672
2015-11-06,201.8800048828125,182.97999572753906,194.2100067138672,187.13999938964844,3088000,187.13999938964844
2015-11-09,188.72999572753906,184.3000030517578,186.02999877929688,186.38999938964844,1103100,186.38999938964844
2015-11-10,188.92999267578125,185.49000549316406,185.97000122070312,188.2100067138672,713900,188.2100067138672
2015-11-11,189.57000732421875,186.57000732421875,189.05999755859375,187.69000244140625,636200,187.69000244140625
2015-11-12,186.4600067138672,184.2100067138672,186.4600067138672,184.55999755859375,717600,184.55999755859375
2015-11-13,184.92999267578125,180.44000244140625,184.2100067138672,180.75,660000,180.75
2015-11-16,182.8000030517578,180.0,180.22000122070312,182.67999267578125,696900,182.67999267578125
2015-11-17,186.14999389648438,181.91000366210938,183.6999969482422,182.47000122070312,708900,182.47000122070312
2015-11-18,189.1999969482422,182.4499969482422,182.77999877929688,188.97999572753906,678800,188.97999572753906
2015-11-19,191.66000366210938,188.86000061035156,189.30999755859375,191.3800048828125,768600,191.3800048828125
2015-11-20,193.27000427246094,190.89999389648438,191.58999633789062,192.2899932861328,676500,192.2899932861328
2015-11-23,195.3300018310547,192.0,192.0,194.30999755859375,666300,194.30999755859375
2015-11-24,195.36000061035156,191.74000549316406,193.8300018310547,192.55999755859375,683600,192.55999755859375
2015-11-25,193.75,191.63999938964844,192.4600067138672,193.16000366210938,243400,193.16000366210938
2015-11-27,193.5500030517578,192.0,193.1999969482422,192.7100067138672,148400,192.7100067138672
2015-11-30,193.55999755859375,190.17999267578125,192.8000030517578,190.72000122070312,567900,190.72000122070312
2015-12-01,192.5500030517578,189.27999877929688,192.02000427246094,191.02000427246094,610400,191.02000427246094
2015-12-02,192.27000427246094,189.07000732421875,191.25999450683594,190.05999755859375,431300,190.05999755859375
2015-12-03,190.39999389648438,183.13999938964844,190.39999389648438,184.13999938964844,713100,184.13999938964844
2015-12-04,189.69000244140625,184.13999938964844,184.97000122070312,189.47999572753906,579300,189.47999572753906
2015-12-07,191.7899932861328,188.1999969482422,189.47999572753906,190.8300018310547,557000,190.8300018310547
2015-12-08,193.94000244140625,189.39999389648438,189.6199951171875,192.39999389648438,918500,192.39999389648438
2015-12-09,195.66000366210938,189.60000610351562,190.75,190.22999572753906,641200,190.22999572753906
2015-12-10,192.47999572753906,188.75,190.91000366210938,190.6999969482422,467200,190.6999969482422
2015-12-11,191.99000549316406,188.32000732421875,188.32000732421875,190.38999938964844,651200,190.38999938964844
2015-12-14,192.83999633789062,187.2899932861328,191.05999755859375,191.75999450683594,653700,191.75999450683594
2015-12-15,195.33999633789062,191.77999877929688,192.80999755859375,193.69000244140625,677000,193.69000244140625
2015-12-16,200.4199981689453,194.0500030517578,194.75999450683594,199.85000610351562,681200,199.85000610351562
2015-12-17,200.36000061035156,193.22000122070312,200.35000610351562,193.33999633789062,685100,193.33999633789062
2015-12-18,193.0,187.52999877929688,193.0,188.02000427246094,1263000,188.02000427246094
2015-12-21,191.0800018310547,187.5800018310547,188.61000061035156,189.4499969482422,472600,189.4499969482422
2015-12-22,190.57000732421875,187.7899932861328,190.16000366210938,189.75999450683594,371100,189.75999450683594
2015-12-23,192.77000427246094,189.61000061035156,190.77000427246094,192.52999877929688,484000,192.52999877929688
2015-12-24,192.9499969482422,190.52000427246094,192.1300048828125,190.7100067138672,227900,190.7100067138672
2015-12-28,190.91000366210938,187.39999389648438,189.61000061035156,190.44000244140625,343200,190.44000244140625
2015-12-29,192.99000549316406,190.6999969482422,191.4600067138672,192.50999450683594,346100,192.50999450683594
2015-12-30,193.92999267578125,189.77999877929688,192.00999450683594,189.88999938964844,381000,189.88999938964844
2015-12-31,191.10000610351562,188.77999877929688,189.2899932861328,189.38999938964844,404900,189.38999938964844
2016-01-04,189.0,183.39999389648438,189.0,186.4499969482422,799700,186.4499969482422
2016-01-05,188.32000732421875,185.39999389648438,187.3699951171875,186.0500030517578,601700,186.0500030517578
2016-01-06,185.24000549316406,180.49000549316406,183.0800018310547,182.1199951171875,580400,182.1199951171875
2016-01-07,181.17999267578125,175.82000732421875,178.44000244140625,176.75,709500,176.75
2016-01-08,179.08999633789062,176.3800048828125,177.77999877929688,176.82000732421875,954200,176.82000732421875
2016-01-11,179.22999572753906,173.42999267578125,177.58999633789062,175.67999267578125,861100,175.67999267578125
2016-01-12,180.33999633789062,174.75999450683594,177.5399932861328,178.97000122070312,585300,178.97000122070312
2016-01-13,182.0,169.10000610351562,179.4199981689453,169.5,670800,169.5
2016-01-14,172.36000061035156,167.00999450683594,169.66000366210938,170.57000732421875,780900,170.57000732421875
2016-01-15,168.1699981689453,163.16000366210938,166.5,165.44000244140625,764300,165.44000244140625
2016-01-19,168.35000610351562,161.39999389648438,166.72999572753906,163.33999633789062,842800,163.33999633789062
2016-01-20,164.77999877929688,153.14999389648438,160.25,162.55999755859375,1406500,162.55999755859375
2016-01-21,166.92999267578125,162.1999969482422,163.08999633789062,165.25,977400,165.25
2016-01-22,170.3300018310547,165.2899932861328,168.0,166.99000549316406,642000,166.99000549316406
2016-01-25,167.07000732421875,164.1999969482422,166.05999755859375,164.42999267578125,539000,164.42999267578125
2016-01-26,167.7899932861328,164.19000244140625,165.27999877929688,166.3699951171875,492300,166.3699951171875
2016-01-27,167.6699981689453,163.57000732421875,165.99000549316406,164.69000244140625,505500,164.69000244140625
2016-01-28,167.7100067138672,162.6999969482422,166.1199951171875,163.3800048828125,580500,163.3800048828125
2016-01-29,166.52999877929688,163.64999389648438,164.25999450683594,166.41000366210938,926500,166.41000366210938
2016-02-01,168.39999389648438,163.72999572753906,166.00999450683594,167.6199951171875,670800,167.6199951171875
2016-02-02,166.9499969482422,162.60000610351562,166.69000244140625,163.16000366210938,594500,163.16000366210938
2016-02-03,165.3800048828125,157.66000366210938,165.0,161.49000549316406,905900,161.49000549316406
2016-02-04,165.72999572753906,160.66000366210938,161.27000427246094,165.02999877929688,666200,165.02999877929688
2016-02-05,164.9600067138672,159.4499969482422,164.94000244140625,159.9199981689453,651900,159.9199981689453
2016-02-08,158.1999969482422,149.42999267578125,157.72999572753906,151.77999877929688,1047800,151.77999877929688
2016-02-09,155.7899932861328,148.55999755859375,149.72000122070312,153.6999969482422,1140800,153.6999969482422
2016-02-10,159.47999572753906,154.35000610351562,155.47999572753906,157.86000061035156,827500,157.86000061035156
2016-02-11,156.6699981689453,151.3000030517578,155.50999450683594,152.82000732421875,718300,152.82000732421875
2016-02-12,155.6300048828125,152.85000610351562,155.39999389648438,155.2100067138672,688800,155.2100067138672
2016-02-16,159.88999938964844,154.88999938964844,157.5500030517578,159.52000427246094,964700,159.52000427246094
2016-02-17,164.1999969482422,159.9499969482422,160.41000366210938,163.07000732421875,764600,163.07000732421875
2016-02-18,164.2899932861328,160.99000549316406,163.0800018310547,163.07000732421875,614800,163.07000732421875
2016-02-19,166.55999755859375,161.30999755859375,162.58999633789062,165.67999267578125,698000,165.67999267578125
2016-02-22,167.83999633789062,164.9199981689453,166.25,166.47000122070312,695800,166.47000122070312
2016-02-23,167.4199981689453,165.1300048828125,165.7899932861328,166.5800018310547,638500,166.5800018310547
2016-02-24,171.24000549316406,163.25999450683594,164.3000030517578,170.6699981689453,978500,170.6699981689453
2016-02-25,173.3699951171875,166.97000122070312,170.42999267578125,171.0399932861328,1189400,171.0399932861328
2016-02-26,179.60000610351562,175.0399932861328,175.0399932861328,178.49000549316406,1666800,178.49000549316406
2016-02-29,182.9600067138672,178.5,178.74000549316406,179.72999572753906,1198200,179.72999572753906
2016-03-01,185.52000427246094,180.60000610351562,182.05999755859375,184.86000061035156,804900,184.86000061035156
2016-03-02,186.2100067138672,183.35000610351562,184.52999877929688,186.0500030517578,699400,186.0500030517578
2016-03-03,187.47999572753906,184.8699951171875,185.19000244140625,186.88999938964844,823800,186.88999938964844
2016-03-04,189.75999450683594,185.4199981689453,186.5,186.82000732421875,677700,186.82000732421875
2016-03-07,186.52999877929688,180.60000610351562,185.4600067138672,180.9499969482422,980000,180.9499969482422
2016-03-08,180.66000366210938,176.58999633789062,180.30999755859375,179.38999938964844,720900,179.38999938964844
2016-03-09,181.3300018310547,177.7899932861328,180.6999969482422,180.0,579500,180.0
2016-03-10,182.6300048828125,178.05999755859375,180.9199981689453,180.2899932861328,519300,180.2899932861328
2016-03-11,185.7100067138672,180.7100067138672,181.67999267578125,185.24000549316406,667800,185.24000549316406
2016-03-14,186.11000061035156,183.75999450683594,184.32000732421875,185.3000030517578,510500,185.3000030517578
2016-03-15,185.3800048828125,181.5399932861328,181.6999969482422,182.86000061035156,593100,182.86000061035156
2016-03-16,184.13999938964844,180.44000244140625,182.49000549316406,183.36000061035156,414900,183.36000061035156
2016-03-17,186.58999633789062,182.72000122070312,183.39999389648438,186.5,620900,186.5
2016-03-18,190.2899932861328,186.97000122070312,187.02000427246094,188.47999572753906,781300,188.47999572753906
2016-03-21,190.0800018310547,187.6699981689453,188.60000610351562,188.5,472900,188.5
2016-03-22,189.38999938964844,186.22000122070312,188.3699951171875,188.02999877929688,459400,188.02999877929688
2016-03-23,187.77000427246094,185.83999633789062,187.77000427246094,186.30999755859375,493400,186.30999755859375
2016-03-24,187.0500030517578,184.42999267578125,185.07000732421875,186.82000732421875,370200,186.82000732421875
2016-03-28,189.97999572753906,185.58999633789062,186.89999389648438,188.85000610351562,539100,188.85000610351562
2016-03-29,192.8000030517578,187.66000366210938,188.88999938964844,192.42999267578125,1017300,192.42999267578125
2016-03-30,193.58999633789062,190.3300018310547,193.30999755859375,191.1199951171875,465700,191.1199951171875
2016-03-31,192.0800018310547,189.33999633789062,190.89999389648438,190.89999389648438,498300,190.89999389648438
2016-04-01,192.6199951171875,189.52999877929688,190.1999969482422,192.41000366210938,456900,192.41000366210938
2016-04-04,192.6199951171875,189.63999938964844,192.6199951171875,189.89999389648438,352100,189.89999389648438
2016-04-05,189.64999389648438,186.16000366210938,188.0,189.22000122070312,373800,189.22000122070312
2016-04-06,193.17999267578125,188.41000366210938,189.41000366210938,192.52000427246094,439900,192.52000427246094
2016-04-07,193.75,190.35000610351562,192.1699981689453,191.77999877929688,557900,191.77999877929688
2016-04-08,195.89999389648438,192.86000061035156,193.7100067138672,193.9199981689453,505400,193.9199981689453
2016-04-11,197.41000366210938,194.3699951171875,194.5800018310547,194.3699951171875,557700,194.3699951171875
2016-04-12,196.72000122070312,193.83999633789062,194.2899932861328,195.27000427246094,337100,195.27000427246094
2016-04-13,198.83999633789062,196.0800018310547,196.82000732421875,198.19000244140625,368300,198.19000244140625
2016-04-14,198.82000732421875,196.3699951171875,198.47000122070312,196.69000244140625,470600,196.69000244140625
2016-04-15,197.75999450683594,195.4199981689453,196.99000549316406,197.0399932861328,399200,197.0399932861328
2016-04-18,198.8000030517578,195.8699951171875,196.67999267578125,198.02000427246094,279300,198.02000427246094
2016-04-19,199.44000244140625,195.5800018310547,199.35000610351562,197.88999938964844,403300,197.88999938964844
2016-04-20,200.77000427246094,196.77000427246094,198.0399932861328,199.72000122070312,411200,199.72000122070312
2016-04-21,200.41000366210938,196.6699981689453,199.36000061035156,196.8000030517578,335000,196.8000030517578
2016-04-22,198.5,195.17999267578125,196.8000030517578,196.22000122070312,557700,196.22000122070312
2016-04-25,198.32000732421875,195.8300018310547,197.0,197.55999755859375,630500,197.55999755859375
2016-04-26,198.83999633789062,195.7899932861328,198.6300048828125,197.88999938964844,449400,197.88999938964844
2016-04-27,198.52000427246094,195.63999938964844,197.99000549316406,197.27999877929688,504000,197.27999877929688
2016-04-28,196.97999572753906,192.3800048828125,195.58999633789062,192.8300018310547,478700,192.8300018310547
2016-04-29,193.32000732421875,190.16000366210938,192.74000549316406,192.6300048828125,552600,192.6300048828125
2016-05-02,196.67999267578125,193.1199951171875,194.11000061035156,196.0500030517578,673500,196.0500030517578
2016-05-03,195.1999969482422,192.63999938964844,194.5,193.17999267578125,881800,193.17999267578125
2016-05-04,193.5,190.92999267578125,191.83999633789062,192.72000122070312,693000,192.72000122070312
2016-05-05,196.07000732421875,192.2100067138672,192.39999389648438,193.52999877929688,978700,193.52999877929688
2016-05-06,199.52999877929688,192.32000732421875,194.10000610351562,195.5800018310547,1188300,195.5800018310547
2016-05-09,198.0500030517578,195.50999450683594,196.1199951171875,195.9600067138672,541000,195.9600067138672
2016-05-10,200.57000732421875,196.38999938964844,196.38999938964844,200.5500030517578,608000,200.5500030517578
2016-05-11,200.6300048828125,196.33999633789062,199.89999389648438,196.6300048828125,504100,196.6300048828125
2016-05-12,197.74000549316406,194.13999938964844,197.74000549316406,195.97999572753906,479000,195.97999572753906
2016-05-13,197.52999877929688,193.85000610351562,195.5800018310547,194.4199981689453,319400,194.4199981689453
2016-05-16,195.69000244140625,193.64999389648438,194.9600067138672,194.52999877929688,456400,194.52999877929688
2016-05-17,195.64999389648438,191.83999633789062,194.25999450683594,193.49000549316406,653200,193.49000549316406
2016-05-18,195.02000427246094,191.5399932861328,192.88999938964844,192.38999938964844,493900,192.38999938964844
2016-05-19,193.2899932861328,189.5500030517578,191.50999450683594,191.1699981689453,361100,191.1699981689453
2016-05-20,194.92999267578125,192.1999969482422,192.5399932861328,193.0800018310547,395400,193.0800018310547
2016-05-23,193.42999267578125,192.07000732421875,193.11000061035156,192.44000244140625,296800,192.44000244140625
2016-05-24,197.52000427246094,193.05999755859375,193.52999877929688,196.8300018310547,555100,196.8300018310547
2016-05-25,198.11000061035156,196.22000122070312,197.1199951171875,196.39999389648438,416800,196.39999389648438
2016-05-26,197.0,195.50999450683594,196.63999938964844,196.0,286300,196.0
2016-05-27,198.08999633789062,196.08999633789062,196.10000610351562,197.63999938964844,315900,197.63999938964844
2016-05-31,198.19000244140625,195.5500030517578,197.69000244140625,196.69000244140625,496700,196.69000244140625
2016-06-01,198.25,195.27999877929688,195.3699951171875,198.14999389648438,470500,198.14999389648438
2016-06-02,199.11000061035156,196.85000610351562,197.9600067138672,199.11000061035156,310200,199.11000061035156
2016-06-03,199.11000061035156,196.47999572753906,198.57000732421875,198.5,357900,198.5
2016-06-06,199.52000427246094,196.19000244140625,199.52000427246094,197.2100067138672,345400,197.2100067138672
2016-06-07,201.41000366210938,197.27000427246094,197.75999450683594,200.55999755859375,582200,200.55999755859375
2016-06-08,201.77999877929688,200.0500030517578,200.61000061035156,201.02999877929688,400700,201.02999877929688
2016-06-09,200.69000244140625,198.55999755859375,200.0,199.47000122070312,314800,199.47000122070312
2016-06-10,199.2899932861328,194.86000061035156,198.08999633789062,195.27999877929688,325300,195.27999877929688
2016-06-13,195.4600067138672,192.5500030517578,194.02999877929688,192.58999633789062,390200,192.58999633789062
2016-06-14,193.00999450683594,189.66000366210938,191.64999389648438,191.58999633789062,497000,191.58999633789062
2016-06-15,194.5800018310547,191.75,192.50999450683594,192.77000427246094,357100,192.77000427246094
2016-06-16,193.16000366210938,190.36000061035156,191.52999877929688,192.80999755859375,280700,192.80999755859375
2016-06-17,193.6699981689453,191.19000244140625,192.74000549316406,192.44000244140625,490100,192.44000244140625
2016-06-20,198.3800048828125,192.75999450683594,195.00999450683594,195.66000366210938,367500,195.66000366210938
2016-06-21,197.17999267578125,195.17999267578125,196.69000244140625,196.22999572753906,251500,196.22999572753906
2016-06-22,197.52000427246094,195.1199951171875,196.07000732421875,195.3000030517578,318600,195.3000030517578
2016-06-23,197.9499969482422,195.8699951171875,197.52000427246094,197.85000610351562,286100,197.85000610351562
2016-06-24,190.8000030517578,184.52999877929688,190.00999450683594,185.47999572753906,1166300,185.47999572753906
2016-06-27,184.2899932861328,177.33999633789062,183.11000061035156,177.9600067138672,784900,177.9600067138672
2016-06-28,184.4199981689453,180.7100067138672,181.50999450683594,184.4199981689453,482000,184.4199981689453
2016-06-29,189.1199951171875,184.9199981689453,186.39999389648438,188.22999572753906,524900,188.22999572753906
2016-06-30,190.36000061035156,186.52000427246094,188.9499969482422,189.75999450683594,554300,189.75999450683594
2016-07-01,192.0,187.38999938964844,189.7899932861328,189.3699951171875,497300,189.3699951171875
2016-07-05,188.4199981689453,184.49000549316406,187.6199951171875,186.19000244140625,495000,186.19000244140625
2016-07-06,188.55999755859375,183.89999389648438,185.47999572753906,188.42999267578125,462400,188.42999267578125
2016-07-07,190.0399932861328,187.0500030517578,188.7899932861328,189.1999969482422,376000,189.1999969482422
2016-07-08,195.77999877929688,191.22999572753906,191.22999572753906,194.1999969482422,420600,194.1999969482422
2016-07-11,196.39999389648438,194.58999633789062,194.97999572753906,195.86000061035156,353800,195.86000061035156
2016-07-12,197.77000427246094,195.77000427246094,197.77000427246094,195.82000732421875,386600,195.82000732421875
2016-07-13,197.1300048828125,195.11000061035156,197.1300048828125,196.66000366210938,358800,196.66000366210938
2016-07-14,198.47999572753906,196.5800018310547,198.44000244140625,197.42999267578125,257900,197.42999267578125
2016-07-15,200.44000244140625,197.0500030517578,198.17999267578125,199.9600067138672,526100,199.9600067138672
2016-07-18,200.8300018310547,199.13999938964844,200.6300048828125,199.75999450683594,377900,199.75999450683594
2016-07-19,200.4600067138672,197.8800048828125,199.6199951171875,198.82000732421875,333500,198.82000732421875
2016-07-20,202.27999877929688,198.11000061035156,199.75,201.1699981689453,438100,201.1699981689453
2016-07-21,201.47000122070312,198.1300048828125,201.00999450683594,198.8800048828125,547900,198.8800048828125
2016-07-22,203.17999267578125,198.52999877929688,199.5,203.07000732421875,560400,203.07000732421875
2016-07-25,204.91000366210938,201.5500030517578,203.4499969482422,204.8000030517578,531900,204.8000030517578
2016-07-26,205.2100067138672,202.72000122070312,204.77000427246094,205.05999755859375,299600,205.05999755859375
2016-07-27,208.47000122070312,203.69000244140625,206.07000732421875,204.8699951171875,478900,204.8699951171875
2016-07-28,207.27000427246094,204.89999389648438,204.89999389648438,207.0,611600,207.0
2016-07-29,209.4199981689453,205.9600067138672,206.74000549316406,208.94000244140625,688800,208.94000244140625
2016-08-01,210.60000610351562,206.82000732421875,209.11000061035156,209.91000366210938,714800,209.91000366210938
2016-08-02,211.5,206.72999572753906,209.94000244140625,208.2899932861328,576000,208.2899932861328
2016-08-03,208.5800018310547,206.4199981689453,207.75999450683594,208.5800018310547,620900,208.5800018310547
2016-08-04,208.58999633789062,206.16000366210938,208.5800018310547,207.6999969482422,848400,207.6999969482422
2016-08-05,214.0500030517578,210.3800048828125,211.11000061035156,214.02000427246094,1202100,214.02000427246094
2016-08-08,214.92999267578125,212.7899932861328,214.02000427246094,213.02999877929688,549700,213.02999877929688
2016-08-09,214.80999755859375,211.6999969482422,213.38999938964844,212.38999938964844,491100,212.38999938964844
2016-08-10,213.02999877929688,210.50999450683594,212.52000427246094,211.83999633789062,326600,211.83999633789062
2016-08-11,213.14999389648438,211.36000061035156,212.3000030517578,211.8300018310547,468300,211.8300018310547
2016-08-12,212.3699951171875,210.36000061035156,211.7899932861328,211.9600067138672,329600,211.9600067138672
2016-08-15,213.57000732421875,211.97999572753906,212.0,212.77000427246094,334500,212.77000427246094
2016-08-16,213.3000030517578,210.3000030517578,212.41000366210938,210.4600067138672,364800,210.4600067138672
2016-08-17,209.94000244140625,207.07000732421875,209.8800048828125,209.17999267578125,420200,209.17999267578125
2016-08-18,210.92999267578125,207.57000732421875,209.25999450683594,209.7899932861328,388300,209.7899932861328
2016-08-19,210.99000549316406,208.47000122070312,208.85000610351562,210.19000244140625,324000,210.19000244140625
2016-08-22,210.75,208.75,210.19000244140625,210.3300018310547,250600,210.3300018310547
2016-08-23,213.97000122070312,211.38999938964844,211.72999572753906,213.0800018310547,397100,213.0800018310547
2016-08-24,212.52999877929688,209.67999267578125,212.52999877929688,210.38999938964844,396600,210.38999938964844
2016-08-25,211.9199981689453,209.80999755859375,209.9600067138672,211.1300048828125,340400,211.1300048828125
2016-08-26,212.6999969482422,208.58999633789062,211.52999877929688,209.69000244140625,422100,209.69000244140625
2016-08-29,211.9600067138672,210.1699981689453,210.25,211.22999572753906,244200,211.22999572753906
2016-08-30,212.1999969482422,210.88999938964844,211.57000732421875,211.69000244140625,311400,211.69000244140625
2016-08-31,213.25,210.66000366210938,211.1999969482422,212.77999877929688,440600,212.77999877929688
2016-09-01,213.5500030517578,210.7100067138672,212.86000061035156,212.75,409400,212.75
2016-09-02,214.55999755859375,212.99000549316406,213.99000549316406,213.97000122070312,300400,213.97000122070312
2016-09-06,214.97999572753906,212.39999389648438,214.4600067138672,214.9499969482422,381500,214.9499969482422
2016-09-07,216.5800018310547,213.57000732421875,214.7899932861328,216.22000122070312,679700,216.22000122070312
2016-09-08,216.02000427246094,211.3800048828125,215.80999755859375,211.3800048828125,648300,211.3800048828125
2016-09-09,210.3000030517578,203.52999877929688,209.25999450683594,203.52999877929688,540800,203.52999877929688
2016-09-12,206.89999389648438,201.30999755859375,201.8699951171875,206.35000610351562,387700,206.35000610351562
2016-09-13,205.64999389648438,201.8800048828125,204.75,203.64999389648438,599400,203.64999389648438
2016-09-14,205.16000366210938,202.83999633789062,203.61000061035156,203.8699951171875,348200,203.8699951171875
2016-09-15,207.0399932861328,203.3699951171875,203.97000122070312,206.5399932861328,331200,206.5399932861328
2016-09-16,205.6999969482422,203.85000610351562,205.57000732421875,205.4199981689453,515600,205.4199981689453
2016-09-19,208.1999969482422,205.7100067138672,206.47999572753906,206.3699951171875,472800,206.3699951171875
2016-09-20,207.97999572753906,205.47999572753906,207.97999572753906,206.10000610351562,287400,206.10000610351562
2016-09-21,206.8300018310547,202.9600067138672,206.72999572753906,206.4199981689453,500300,206.4199981689453
2016-09-22,208.25999450683594,206.02000427246094,208.22999572753906,206.67999267578125,418700,206.67999267578125
2016-09-23,206.52999877929688,203.42999267578125,203.69000244140625,205.75,641200,205.75
2016-09-26,205.0399932861328,202.4199981689453,204.5800018310547,202.5399932861328,516800,202.5399932861328
2016-09-27,203.4600067138672,201.92999267578125,202.61000061035156,202.8699951171875,799800,202.8699951171875
2016-09-28,202.94000244140625,199.7100067138672,202.94000244140625,201.52000427246094,692200,201.52000427246094
2016-09-29,201.69000244140625,197.6999969482422,201.17999267578125,198.86000061035156,1111200,198.86000061035156
2016-09-30,201.1199951171875,198.22000122070312,200.02999877929688,200.33999633789062,869100,200.33999633789062
2016-10-03,200.8000030517578,198.1999969482422,199.47000122070312,198.91000366210938,408300,198.91000366210938
2016-10-04,201.02000427246094,196.58999633789062,196.58999633789062,198.58999633789062,472200,198.58999633789062
2016-10-05,200.80999755859375,198.2899932861328,199.17999267578125,199.8300018310547,388900,199.8300018310547
2016-10-06,201.75,198.9199981689453,199.69000244140625,200.86000061035156,448000,200.86000061035156
2016-10-07,201.11000061035156,196.6699981689453,201.11000061035156,197.77000427246094,425900,197.77000427246094
2016-10-10,199.8000030517578,197.5,198.52000427246094,197.89999389648438,233000,197.89999389648438
2016-10-11,197.7100067138672,191.88999938964844,197.05999755859375,191.99000549316406,622900,191.99000549316406
2016-10-12,196.3699951171875,193.5,194.27000427246094,195.1999969482422,706400,195.1999969482422
2016-10-13,196.02000427246094,193.36000061035156,193.7899932861328,194.89999389648438,572200,194.89999389648438
2016-10-14,198.10000610351562,196.14999389648438,196.64999389648438,196.4600067138672,514200,196.4600067138672
2016-10-17,196.88999938964844,194.7100067138672,196.00999450683594,195.6300048828125,314000,195.6300048828125
2016-10-18,197.8699951171875,195.17999267578125,197.8699951171875,195.57000732421875,278700,195.57000732421875
2016-10-19,196.72000122070312,194.0399932861328,196.38999938964844,195.39999389648438,370700,195.39999389648438
2016-10-20,197.0500030517578,194.05999755859375,195.10000610351562,196.57000732421875,406700,196.57000732421875
2016-10-21,197.58999633789062,194.08999633789062,194.9499969482422,196.8699951171875,394200,196.8699951171875
2016-10-24,200.52999877929688,197.74000549316406,198.3800048828125,198.3000030517578,392800,198.3000030517578
2016-10-25,197.64999389648438,185.7100067138672,197.13999938964844,185.89999389648438,1286200,185.89999389648438
2016-10-26,188.5,185.38999938964844,185.38999938964844,186.7899932861328,522400,186.7899932861328
2016-10-27,187.77999877929688,182.67999267578125,186.99000549316406,185.69000244140625,823900,185.69000244140625
2016-10-28,188.30999755859375,184.42999267578125,185.5800018310547,184.6999969482422,629700,184.6999969482422
2016-10-31,186.11000061035156,184.11000061035156,185.44000244140625,184.3000030517578,626000,184.3000030517578
2016-11-01,184.3800048828125,177.80999755859375,183.42999267578125,178.97999572753906,1659800,178.97999572753906
2016-11-02,182.49000549316406,178.0,178.2100067138672,178.58999633789062,1221700,178.58999633789062
2016-11-03,179.86000061035156,175.52000427246094,179.60000610351562,176.97999572753906,1177200,176.97999572753906
2016-11-04,193.00999450683594,184.13999938964844,186.10000610351562,190.75,2427600,190.75
2016-11-07,196.27999877929688,191.25999450683594,192.9499969482422,194.72999572753906,1249200,194.72999572753906
2016-11-08,196.0800018310547,192.3699951171875,193.82000732421875,195.19000244140625,532600,195.19000244140625
2016-11-09,198.5800018310547,191.02999877929688,191.6699981689453,197.77000427246094,929600,197.77000427246094
2016-11-10,205.25999450683594,198.2100067138672,199.11000061035156,202.3800048828125,1298900,202.3800048828125
2016-11-11,204.30999755859375,199.0,202.2899932861328,199.61000061035156,1108200,199.61000061035156
2016-11-14,202.42999267578125,196.8800048828125,201.0399932861328,197.25,972700,197.25
2016-11-15,201.22999572753906,195.99000549316406,199.5500030517578,197.16000366210938,1392300,197.16000366210938
2016-11-16,198.14999389648438,195.58999633789062,196.63999938964844,197.55999755859375,810200,197.55999755859375
2016-11-17,200.50999450683594,197.49000549316406,198.6199951171875,200.27000427246094,772700,200.27000427246094
2016-11-18,200.39999389648438,198.97999572753906,200.38999938964844,199.97000122070312,875200,199.97000122070312
2016-11-21,201.69000244140625,198.7100067138672,200.66000366210938,199.75,484300,199.75
2016-11-22,200.75,198.5800018310547,200.5800018310547,200.19000244140625,502300,200.19000244140625
2016-11-23,201.5800018310547,198.5800018310547,199.9499969482422,200.6999969482422,331400,200.6999969482422
2016-11-25,201.75,199.61000061035156,201.00999450683594,201.0,127700,201.0
2016-11-28,200.99000549316406,198.30999755859375,200.36000061035156,199.3699951171875,410900,199.3699951171875
2016-11-29,201.60000610351562,199.1699981689453,199.94000244140625,200.10000610351562,354700,200.10000610351562
2016-11-30,201.47999572753906,197.44000244140625,199.91000366210938,197.44000244140625,497700,197.44000244140625
2016-12-01,199.16000366210938,190.97000122070312,197.50999450683594,191.47999572753906,843600,191.47999572753906
2016-12-02,192.9600067138672,189.44000244140625,191.8800048828125,190.0,763200,190.0
2016-12-05,195.27000427246094,190.9199981689453,192.02999877929688,194.9600067138672,826400,194.9600067138672
2016-12-06,196.58999633789062,193.58999633789062,195.75,195.0,448600,195.0
2016-12-07,200.1699981689453,194.41000366210938,195.00999450683594,199.97000122070312,556200,199.97000122070312
2016-12-08,202.60000610351562,199.1699981689453,199.57000732421875,201.27000427246094,536200,201.27000427246094
2016-12-09,201.50999450683594,198.89999389648438,201.50999450683594,199.86000061035156,421500,199.86000061035156
2016-12-12,199.5399932861328,196.58999633789062,199.2899932861328,198.63999938964844,436300,198.63999938964844
2016-12-13,202.88999938964844,200.64999389648438,201.97999572753906,201.25999450683594,573300,201.25999450683594
2016-12-14,202.9499969482422,198.9600067138672,201.22000122070312,199.63999938964844,529900,199.63999938964844
2016-12-15,202.41000366210938,197.4600067138672,199.8800048828125,197.74000549316406,613900,197.74000549316406
2016-12-16,199.47000122070312,196.5,198.24000549316406,197.0,760200,197.0
2016-12-19,200.9600067138672,197.0500030517578,198.00999450683594,199.61000061035156,477800,199.61000061035156
2016-12-20,202.10000610351562,199.47000122070312,200.05999755859375,201.16000366210938,469300,201.16000366210938
2016-12-21,205.91000366210938,201.61000061035156,201.61000061035156,204.8699951171875,577200,204.8699951171875
2016-12-22,205.89999389648438,202.39999389648438,205.1300048828125,202.99000549316406,353500,202.99000549316406
2016-12-23,204.11000061035156,202.77999877929688,203.60000610351562,203.7100067138672,248000,203.7100067138672
2016-12-27,205.1300048828125,203.1199951171875,204.5,203.72999572753906,283200,203.72999572753906
2016-12-28,204.77000427246094,201.61000061035156,204.77000427246094,201.77000427246094,225000,201.77000427246094
2016-12-29,202.52000427246094,201.17999267578125,201.7100067138672,202.13999938964844,210400,202.13999938964844
2016-12-30,203.16000366210938,198.4499969482422,203.16000366210938,199.67999267578125,440300,199.67999267578125
2017-01-03,204.14999389648438,200.0800018310547,201.67999267578125,201.75,492800,201.75
2017-01-04,206.41000366210938,202.0,202.0,205.8800048828125,544100,205.8800048828125
2017-01-05,206.17999267578125,203.08999633789062,205.4499969482422,204.35000610351562,540500,204.35000610351562
2017-01-06,206.3699951171875,203.32000732421875,204.5500030517578,204.44000244140625,590900,204.44000244140625
2017-01-09,205.77000427246094,203.52000427246094,205.27999877929688,203.72999572753906,458300,203.72999572753906
2017-01-10,205.52000427246094,203.0,203.13999938964844,203.17999267578125,520100,203.17999267578125
2017-01-11,204.16000366210938,200.83999633789062,203.82000732421875,202.1999969482422,494200,202.1999969482422
2017-01-12,202.0399932861328,199.89999389648438,200.9600067138672,201.74000549316406,468600,201.74000549316406
2017-01-13,203.1300048828125,201.11000061035156,201.6199951171875,202.41000366210938,387900,202.41000366210938
2017-01-17,202.6699981689453,200.74000549316406,201.72999572753906,201.80999755859375,457400,201.80999755859375
2017-01-18,204.60000610351562,201.52999877929688,202.1699981689453,204.08999633789062,777500,204.08999633789062
2017-01-19,210.2100067138672,204.50999450683594,204.50999450683594,205.89999389648438,863300,205.89999389648438
2017-01-20,208.00999450683594,206.39999389648438,206.39999389648438,207.13999938964844,617500,207.13999938964844
2017-01-23,210.3000030517578,206.74000549316406,207.0800018310547,209.52000427246094,892000,209.52000427246094
2017-01-24,215.99000549316406,210.6300048828125,210.6300048828125,214.8699951171875,1027700,214.8699951171875
2017-01-25,217.9600067138672,215.19000244140625,215.6300048828125,215.3800048828125,942900,215.3800048828125
2017-01-26,216.52000427246094,213.88999938964844,215.3300018310547,215.4499969482422,417800,215.4499969482422
2017-01-27,215.2899932861328,214.0399932861328,214.8800048828125,215.1699981689453,334900,215.1699981689453
2017-01-30,216.0800018310547,212.1300048828125,213.4199981689453,215.4600067138672,484500,215.4600067138672
2017-01-31,216.4199981689453,213.42999267578125,215.6300048828125,215.83999633789062,558100,215.83999633789062
2017-02-01,217.25,213.07000732421875,215.85000610351562,215.8699951171875,493400,215.8699951171875
2017-02-02,216.97999572753906,214.8000030517578,215.5800018310547,216.02999877929688,558600,216.02999877929688
2017-02-03,217.50999450683594,214.8300018310547,216.30999755859375,215.38999938964844,455600,215.38999938964844
2017-02-06,216.47999572753906,212.77000427246094,214.4600067138672,213.3800048828125,749000,213.3800048828125
2017-02-07,216.17999267578125,213.75,214.4600067138672,214.0,566300,214.0
2017-02-08,215.5,213.47000122070312,214.27000427246094,214.10000610351562,458100,214.10000610351562
2017-02-09,215.3699951171875,211.1300048828125,214.10000610351562,214.77000427246094,999200,214.77000427246094
2017-02-10,224.1699981689453,209.89999389648438,212.5,222.72000122070312,2023900,222.72000122070312
2017-02-13,225.52999877929688,222.67999267578125,224.41000366210938,223.8000030517578,688400,223.8000030517578
2017-02-14,224.3000030517578,222.19000244140625,223.38999938964844,224.22999572753906,540700,224.22999572753906
2017-02-15,224.97999572753906,222.41000366210938,224.0,222.97999572753906,459000,222.97999572753906
2017-02-16,224.00999450683594,220.24000549316406,223.1999969482422,221.77999877929688,421700,221.77999877929688
2017-02-17,222.0,219.22000122070312,221.3699951171875,221.5500030517578,470600,221.5500030517578
2017-02-21,224.8800048828125,219.52999877929688,222.0800018310547,224.5399932861328,603500,224.5399932861328
2017-02-22,226.14999389648438,223.55999755859375,225.02000427246094,225.0500030517578,532300,225.0500030517578
2017-02-23,226.5800018310547,224.4499969482422,226.1699981689453,225.30999755859375,394800,225.30999755859375
2017-02-24,226.22999572753906,223.3699951171875,224.9199981689453,225.9600067138672,343700,225.9600067138672
2017-02-27,228.3000030517578,224.3300018310547,225.25999450683594,228.0800018310547,461000,228.0800018310547
2017-02-28,228.52000427246094,226.05999755859375,228.02000427246094,226.36000061035156,489100,226.36000061035156
2017-03-01,233.6999969482422,228.25999450683594,229.30999755859375,231.52999877929688,547000,231.52999877929688
2017-03-02,232.4600067138672,229.7100067138672,230.39999389648438,230.14999389648438,354900,230.14999389648438
2017-03-03,232.4499969482422,229.25,230.57000732421875,229.6699981689453,368200,229.6699981689453
2017-03-06,229.75999450683594,226.74000549316406,227.77999877929688,228.0399932861328,396700,228.0399932861328
2017-03-07,229.36000061035156,226.24000549316406,227.92999267578125,227.3000030517578,345100,227.3000030517578
2017-03-08,230.88999938964844,227.0,227.89999389648438,229.57000732421875,360100,229.57000732421875
2017-03-09,230.5500030517578,226.74000549316406,229.1999969482422,228.1300048828125,332900,228.1300048828125
2017-03-10,230.97999572753906,228.94000244140625,229.50999450683594,230.38999938964844,344500,230.38999938964844
2017-03-13,231.47000122070312,229.27999877929688,230.27000427246094,231.07000732421875,308500,231.07000732421875
2017-03-14,231.19000244140625,228.94000244140625,229.4600067138672,229.9199981689453,267500,229.9199981689453
2017-03-15,231.6199951171875,228.52999877929688,231.0,231.0,525200,231.0
2017-03-16,233.57000732421875,230.16000366210938,231.0,231.39999389648438,626700,231.39999389648438
2017-03-17,231.5500030517578,229.1999969482422,231.22999572753906,230.1999969482422,665200,230.1999969482422
2017-03-20,231.99000549316406,228.97000122070312,230.8300018310547,231.89999389648438,848100,231.89999389648438
2017-03-21,232.1999969482422,229.07000732421875,232.17999267578125,229.4199981689453,341600,229.4199981689453
2017-03-22,228.1699981689453,224.00999450683594,227.4499969482422,227.9199981689453,693600,227.9199981689453
2017-03-23,230.80999755859375,227.9499969482422,228.3000030517578,229.3800048828125,296200,229.3800048828125
2017-03-24,230.05999755859375,225.52999877929688,229.57000732421875,227.02000427246094,732200,227.02000427246094
2017-03-27,228.07000732421875,223.83999633789062,224.74000549316406,227.6300048828125,330600,227.6300048828125
2017-03-28,228.85000610351562,226.02999877929688,227.32000732421875,227.99000549316406,438700,227.99000549316406
2017-03-29,230.2100067138672,226.4199981689453,226.82000732421875,229.9600067138672,473500,229.9600067138672
2017-03-30,232.13999938964844,228.83999633789062,229.83999633789062,228.91000366210938,397100,228.91000366210938
2017-03-31,230.2899932861328,227.6699981689453,228.8699951171875,229.49000549316406,401200,229.49000549316406
2017-04-03,231.0800018310547,226.66000366210938,229.9199981689453,228.3300018310547,422600,228.3300018310547
2017-04-04,229.2899932861328,226.80999755859375,228.1300048828125,227.85000610351562,425100,227.85000610351562
2017-04-05,230.3800048828125,226.82000732421875,228.8699951171875,227.14999389648438,331100,227.14999389648438
2017-04-06,229.86000061035156,226.57000732421875,227.4499969482422,228.38999938964844,351400,228.38999938964844
2017-04-07,229.00999450683594,227.5,228.25999450683594,228.35000610351562,364300,228.35000610351562
2017-04-10,229.5500030517578,227.97999572753906,228.30999755859375,228.67999267578125,291500,228.67999267578125
2017-04-11,230.0800018310547,227.05999755859375,228.7899932861328,229.92999267578125,308500,229.92999267578125
2017-04-12,233.86000061035156,228.92999267578125,232.0500030517578,230.4600067138672,389200,230.4600067138672
2017-04-13,230.9199981689453,228.83999633789062,229.9499969482422,229.75,357800,229.75
2017-04-17,232.49000549316406,229.42999267578125,230.3800048828125,232.47999572753906,301700,232.47999572753906
2017-04-18,232.27000427246094,229.9499969482422,231.25999450683594,231.66000366210938,330400,231.66000366210938
2017-04-19,234.99000549316406,231.8000030517578,233.13999938964844,234.22000122070312,519100,234.22000122070312
2017-04-20,237.5800018310547,234.9499969482422,235.3800048828125,236.2899932861328,447700,236.2899932861328
2017-04-21,237.02000427246094,234.77000427246094,236.42999267578125,234.92999267578125,708800,234.92999267578125
2017-04-24,238.16000366210938,234.74000549316406,237.75,235.77999877929688,499400,235.77999877929688
2017-04-25,240.1999969482422,236.8300018310547,236.8300018310547,238.4199981689453,550900,238.4199981689453
2017-04-26,240.0800018310547,238.02000427246094,239.10000610351562,238.35000610351562,618600,238.35000610351562
2017-04-27,241.02000427246094,237.05999755859375,238.4600067138672,238.8800048828125,860200,238.8800048828125
2017-04-28,236.3699951171875,227.99000549316406,230.0,234.7899932861328,1745900,234.7899932861328
2017-05-01,236.0399932861328,233.05999755859375,235.9499969482422,234.67999267578125,539600,234.67999267578125
2017-05-02,235.11000061035156,231.72999572753906,234.67999267578125,231.97000122070312,588700,231.97000122070312
2017-05-03,232.38999938964844,228.8000030517578,231.3699951171875,229.9199981689453,484700,229.9199981689453
2017-05-04,232.64999389648438,230.4199981689453,230.60000610351562,232.55999755859375,547600,232.55999755859375
2017-05-05,233.9199981689453,231.99000549316406,232.7100067138672,232.1999969482422,298900,232.1999969482422
2017-05-08,235.1199951171875,232.05999755859375,234.1199951171875,234.08999633789062,463000,234.08999633789062
2017-05-09,235.3000030517578,233.8300018310547,234.13999938964844,234.38999938964844,325800,234.38999938964844
2017-05-10,234.92999267578125,232.57000732421875,233.60000610351562,233.6999969482422,290400,233.6999969482422
2017-05-11,234.97000122070312,231.4600067138672,232.6999969482422,234.80999755859375,404300,234.80999755859375
2017-05-12,234.47999572753906,229.9199981689453,234.3000030517578,230.52999877929688,416400,230.52999877929688
2017-05-15,233.36000061035156,230.16000366210938,231.0500030517578,232.1999969482422,448400,232.1999969482422
2017-05-16,233.64999389648438,231.10000610351562,233.3699951171875,231.27000427246094,487900,231.27000427246094
2017-05-17,231.27000427246094,227.7100067138672,231.27000427246094,228.75,530700,228.75
2017-05-18,229.6999969482422,226.64999389648438,228.49000549316406,228.47999572753906,343900,228.47999572753906
2017-05-19,231.11000061035156,228.47999572753906,228.94000244140625,230.02000427246094,396400,230.02000427246094
2017-05-22,232.0,230.5500030517578,230.64999389648438,231.5800018310547,200200,231.5800018310547
2017-05-23,234.5,231.86000061035156,232.52999877929688,232.8699951171875,673600,232.8699951171875
2017-05-24,235.8000030517578,231.92999267578125,232.97000122070312,235.5399932861328,414900,235.5399932861328
2017-05-25,238.47000122070312,235.9199981689453,236.86000061035156,236.97999572753906,419300,236.97999572753906
2017-05-26,237.1300048828125,235.17999267578125,236.35000610351562,235.88999938964844,259400,235.88999938964844
2017-05-30,237.6300048828125,234.77999877929688,235.8300018310547,237.25,219700,237.25
2017-05-31,239.42999267578125,236.3699951171875,238.47999572753906,239.3000030517578,520100,239.3000030517578
2017-06-01,240.58999633789062,237.66000366210938,239.0800018310547,238.97999572753906,574700,238.97999572753906
2017-06-02,240.0,238.47999572753906,239.07000732421875,239.39999389648438,313200,239.39999389648438
2017-06-05,240.32000732421875,238.5800018310547,239.88999938964844,240.22000122070312,247500,240.22000122070312
2017-06-06,240.61000061035156,238.3699951171875,239.0,239.72000122070312,297400,239.72000122070312
2017-06-07,241.22999572753906,239.1699981689453,240.4600067138672,240.17999267578125,260400,240.17999267578125
2017-06-08,241.10000610351562,237.69000244140625,240.17999267578125,239.2100067138672,290500,239.2100067138672
2017-06-09,241.42999267578125,238.88999938964844,239.5,240.16000366210938,250100,240.16000366210938
2017-06-12,240.52000427246094,238.02000427246094,239.52000427246094,239.5399932861328,290000,239.5399932861328
2017-06-13,242.3300018310547,239.16000366210938,239.75,241.9499969482422,338200,241.9499969482422
2017-06-14,245.89999389648438,242.07000732421875,243.44000244140625,243.7899932861328,546500,243.7899932861328
2017-06-15,243.3699951171875,240.94000244140625,242.97000122070312,242.49000549316406,332700,242.49000549316406
2017-06-16,242.94000244140625,238.88999938964844,242.94000244140625,241.92999267578125,349100,241.92999267578125
2017-06-19,244.5,242.19000244140625,242.3800048828125,243.8800048828125,179500,243.8800048828125
2017-06-20,244.85000610351562,241.86000061035156,243.89999389648438,243.00999450683594,227700,243.00999450683594
2017-06-21,243.1999969482422,241.3000030517578,243.1999969482422,242.9199981689453,391200,242.9199981689453
2017-06-22,243.17999267578125,240.67999267578125,242.6999969482422,242.6999969482422,321100,242.6999969482422
2017-06-23,246.74000549316406,243.11000061035156,244.25,246.5,1364200,246.5
2017-06-26,248.24000549316406,245.92999267578125,247.5500030517578,246.64999389648438,297900,246.64999389648438
2017-06-27,246.7899932861328,243.44000244140625,246.52999877929688,243.6300048828125,239000,243.6300048828125
2017-06-28,244.8800048828125,243.38999938964844,244.8800048828125,243.94000244140625,395000,243.94000244140625
2017-06-29,244.02000427246094,237.47000122070312,243.0,239.7100067138672,571200,239.7100067138672
2017-06-30,242.85000610351562,239.8300018310547,240.50999450683594,241.69000244140625,325900,241.69000244140625
2017-07-03,242.3800048828125,240.3699951171875,242.3699951171875,241.07000732421875,224400,241.07000732421875
2017-07-05,243.9600067138672,240.55999755859375,241.7100067138672,243.75999450683594,253300,243.75999450683594
2017-07-06,244.32000732421875,241.0399932861328,242.38999938964844,241.6699981689453,273700,241.6699981689453
2017-07-07,247.3300018310547,242.64999389648438,242.77000427246094,245.75,376700,245.75
2017-07-10,247.27000427246094,245.02000427246094,245.9199981689453,246.63999938964844,368100,246.63999938964844
2017-07-11,246.77999877929688,244.88999938964844,246.67999267578125,246.52999877929688,350700,246.52999877929688
2017-07-12,249.25,246.27999877929688,247.72000122070312,247.86000061035156,394300,247.86000061035156
2017-07-13,249.61000061035156,247.30999755859375,247.7899932861328,248.02000427246094,245700,248.02000427246094
2017-07-14,249.07000732421875,246.77000427246094,248.3699951171875,247.61000061035156,319900,247.61000061035156
2017-07-17,248.57000732421875,246.52999877929688,247.67999267578125,248.19000244140625,225800,248.19000244140625
2017-07-18,249.3000030517578,246.00999450683594,248.0,246.8800048828125,310300,246.8800048828125
2017-07-19,249.1999969482422,247.1999969482422,247.1999969482422,247.88999938964844,429000,247.88999938964844
2017-07-20,248.5399932861328,241.6999969482422,248.5399932861328,242.5800018310547,672200,242.5800018310547
2017-07-21,246.7899932861328,241.88999938964844,242.24000549316406,245.1199951171875,565200,245.1199951171875
2017-07-24,245.72999572753906,243.8699951171875,244.60000610351562,244.02000427246094,456700,244.02000427246094
2017-07-25,245.0,240.08999633789062,245.0,241.27000427246094,1112100,241.27000427246094
2017-07-26,244.55999755859375,239.35000610351562,243.74000549316406,240.1300048828125,637500,240.1300048828125
2017-07-27,241.0800018310547,236.47999572753906,240.2100067138672,238.33999633789062,882400,238.33999633789062
2017-07-28,251.69000244140625,242.27999877929688,243.57000732421875,248.64999389648438,1202600,248.64999389648438
2017-07-31,249.9199981689453,247.5,249.75,248.99000549316406,587700,248.99000549316406
2017-08-01,252.22999572753906,249.58999633789062,249.89999389648438,252.07000732421875,729500,252.07000732421875
2017-08-02,252.88999938964844,250.24000549316406,251.72000122070312,251.6999969482422,394700,251.6999969482422
2017-08-03,251.80999755859375,249.02000427246094,251.55999755859375,250.97999572753906,323200,250.97999572753906
2017-08-04,252.08999633789062,249.2100067138672,251.17999267578125,250.8800048828125,268500,250.8800048828125
2017-08-07,250.13999938964844,247.91000366210938,250.00999450683594,249.3800048828125,505600,249.3800048828125
2017-08-08,250.74000549316406,247.33999633789062,249.07000732421875,248.9600067138672,339900,248.9600067138672
2017-08-09,250.1999969482422,248.19000244140625,249.07000732421875,249.67999267578125,372300,249.67999267578125
2017-08-10,248.6999969482422,246.10000610351562,247.91000366210938,246.41000366210938,419300,246.41000366210938
2017-08-11,248.5,245.32000732421875,246.72000122070312,245.42999267578125,313000,245.42999267578125
2017-08-14,249.67999267578125,246.11000061035156,247.00999450683594,248.57000732421875,443500,248.57000732421875
2017-08-15,250.8800048828125,248.97000122070312,249.67999267578125,249.94000244140625,388600,249.94000244140625
2017-08-16,252.75999450683594,250.07000732421875,250.42999267578125,252.11000061035156,396500,252.11000061035156
2017-08-17,252.16000366210938,248.05999755859375,251.74000549316406,248.10000610351562,493500,248.10000610351562
2017-08-18,249.35000610351562,246.72999572753906,247.52000427246094,248.97000122070312,603300,248.97000122070312
2017-08-21,249.16000366210938,246.8699951171875,248.52000427246094,246.91000366210938,304600,246.91000366210938
2017-08-22,250.3800048828125,246.72000122070312,247.0,249.5800018310547,310400,249.5800018310547
2017-08-23,249.6699981689453,245.47000122070312,248.60000610351562,248.05999755859375,379900,248.05999755859375
2017-08-24,249.2899932861328,244.77000427246094,248.63999938964844,245.89999389648438,338100,245.89999389648438
2017-08-25,248.4600067138672,245.42999267578125,247.10000610351562,247.05999755859375,310900,247.05999755859375
2017-08-28,248.38999938964844,246.9499969482422,247.5800018310547,247.1199951171875,230000,247.1199951171875
2017-08-29,248.6300048828125,245.64999389648438,245.89999389648438,248.57000732421875,328800,248.57000732421875
2017-08-30,251.0399932861328,248.08999633789062,248.80999755859375,250.85000610351562,316700,250.85000610351562
2017-08-31,254.75,252.16000366210938,252.4499969482422,253.1199951171875,399300,253.1199951171875
2017-09-01,255.5399932861328,252.50999450683594,253.1999969482422,254.8000030517578,445600,254.8000030517578
2017-09-05,255.4600067138672,253.97999572753906,253.97999572753906,254.75999450683594,466200,254.75999450683594
2017-09-06,256.3299865722656,253.25,255.0399932861328,255.55999755859375,463500,255.55999755859375
2017-09-07,255.8800048828125,250.6999969482422,255.8800048828125,252.52999877929688,647500,252.52999877929688
2017-09-08,258.3800048828125,252.22000122070312,252.5,257.9200134277344,603400,257.9200134277344
2017-09-11,259.9100036621094,256.92999267578125,259.0,258.07000732421875,407600,258.07000732421875
2017-09-12,259.8399963378906,257.7699890136719,258.6099853515625,259.69000244140625,325400,259.69000244140625
2017-09-13,259.69000244140625,255.58999633789062,259.69000244140625,256.3699951171875,328600,256.3699951171875
2017-09-14,256.2099914550781,253.33999633789062,255.8699951171875,253.75999450683594,439400,253.75999450683594
2017-09-15,254.7899932861328,253.1999969482422,253.5800018310547,254.6699981689453,484200,254.6699981689453
2017-09-18,258.2799987792969,253.69000244140625,255.05999755859375,254.33999633789062,618700,254.33999633789062
2017-09-19,254.49000549316406,251.13999938964844,252.57000732421875,254.4499969482422,511900,254.4499969482422
2017-09-20,256.2200012207031,254.08999633789062,254.4499969482422,256.0,480900,256.0
2017-09-21,256.75,254.02999877929688,256.0,254.11000061035156,297600,254.11000061035156
2017-09-22,248.74000549316406,242.49000549316406,248.24000549316406,245.6699981689453,1162500,245.6699981689453
2017-09-25,245.94000244140625,243.7899932861328,244.8699951171875,245.02999877929688,611300,245.02999877929688
2017-09-26,247.94000244140625,245.0399932861328,245.0399932861328,245.72000122070312,400800,245.72000122070312
2017-09-27,247.47000122070312,243.75,246.27999877929688,244.97000122070312,404800,244.97000122070312
2017-09-28,248.72999572753906,245.49000549316406,245.49000549316406,248.0800018310547,566500,248.0800018310547
2017-09-29,248.6300048828125,245.80999755859375,247.38999938964844,247.50999450683594,759800,247.50999450683594
2017-10-02,251.22999572753906,247.50999450683594,248.16000366210938,249.0399932861328,794600,249.0399932861328
2017-10-03,252.47999572753906,247.97000122070312,249.82000732421875,252.02000427246094,1044800,252.02000427246094
2017-10-04,257.2099914550781,251.55999755859375,251.8000030517578,256.9100036621094,704000,256.9100036621094
2017-10-05,258.3599853515625,254.42999267578125,258.0,256.1400146484375,572000,256.1400146484375
2017-10-06,257.3800048828125,255.11000061035156,255.11000061035156,256.7699890136719,419100,256.7699890136719
2017-10-09,257.6499938964844,256.3399963378906,257.19000244140625,256.739990234375,316200,256.739990234375
2017-10-10,257.9700012207031,254.3800048828125,257.44000244140625,254.8300018310547,443700,254.8300018310547
2017-10-11,257.2200012207031,254.25999450683594,254.7100067138672,257.05999755859375,349100,257.05999755859375
2017-10-12,258.2799987792969,256.489990234375,257.04998779296875,258.239990234375,396500,258.239990234375
2017-10-13,258.1499938964844,253.19000244140625,257.3999938964844,254.99000549316406,513800,254.99000549316406
2017-10-16,257.6400146484375,255.0,255.88999938964844,257.17999267578125,217000,257.17999267578125
2017-10-17,259.3299865722656,257.1300048828125,257.29998779296875,258.7300109863281,321100,258.7300109863281
2017-10-18,260.69000244140625,258.2799987792969,258.2799987792969,260.0,408400,260.0
2017-10-19,262.29998779296875,257.7900085449219,259.4800109863281,261.0400085449219,520600,261.0400085449219
2017-10-20,264.67999267578125,261.010009765625,262.2099914550781,264.5199890136719,358900,264.5199890136719
2017-10-23,265.9800109863281,263.3800048828125,265.69000244140625,264.1400146484375,403800,264.1400146484375
2017-10-24,267.1199951171875,262.3299865722656,264.0899963378906,266.510009765625,587200,266.510009765625
2017-10-25,266.67999267578125,261.6300048828125,266.67999267578125,263.1499938964844,522200,263.1499938964844
2017-10-26,264.7099914550781,261.1000061035156,264.7099914550781,262.9800109863281,1496600,262.9800109863281
2017-10-27,268.4599914550781,262.0,262.07000732421875,264.3399963378906,866300,264.3399963378906
2017-10-30,264.8999938964844,262.0799865722656,264.2300109863281,262.9599914550781,837300,262.9599914550781
2017-10-31,264.42999267578125,261.2699890136719,262.4800109863281,261.760009765625,547400,261.760009765625
2017-11-01,263.30999755859375,260.94000244140625,261.3900146484375,262.45001220703125,402200,262.45001220703125
2017-11-02,262.4599914550781,256.3599853515625,261.489990234375,257.7900085449219,597100,257.7900085449219
2017-11-03,259.95001220703125,256.32000732421875,258.1099853515625,257.3299865722656,313800,257.3299865722656
2017-11-06,262.05999755859375,256.8999938964844,258.0899963378906,260.6199951171875,539900,260.6199951171875
2017-11-07,261.5,259.2099914550781,260.489990234375,260.9200134277344,252300,260.9200134277344
2017-11-08,263.6700134277344,259.760009765625,261.1000061035156,263.4800109863281,371700,263.4800109863281
2017-11-09,264.8500061035156,261.95001220703125,262.3599853515625,264.6099853515625,358000,264.6099853515625
2017-11-10,265.4200134277344,263.42999267578125,264.3500061035156,263.8500061035156,274500,263.8500061035156
2017-11-13,265.57000732421875,263.2900085449219,264.0299987792969,265.0199890136719,354500,265.0199890136719
2017-11-14,267.6300048828125,261.6600036621094,263.75,267.1400146484375,366600,267.1400146484375
2017-11-15,268.05999755859375,263.8900146484375,266.510009765625,267.1000061035156,397000,267.1000061035156
2017-11-16,271.69000244140625,267.0400085449219,268.1300048828125,270.6499938964844,367100,270.6499938964844
2017-11-17,272.4599914550781,269.4599914550781,270.3399963378906,272.20001220703125,224500,272.20001220703125
2017-11-20,278.20001220703125,272.75,272.75,276.739990234375,716000,276.739990234375
2017-11-21,279.8500061035156,273.04998779296875,275.6400146484375,274.25,546900,274.25
2017-11-22,275.4800109863281,273.0299987792969,274.44000244140625,274.010009765625,347900,274.010009765625
2017-11-24,275.9800109863281,273.2799987792969,274.54998779296875,275.54998779296875,146200,275.54998779296875
2017-11-27,277.67999267578125,274.6700134277344,276.6000061035156,275.5299987792969,467500,275.5299987792969
2017-11-28,280.4599914550781,276.2099914550781,276.7200012207031,280.0899963378906,335300,280.0899963378906
2017-11-29,280.2200012207031,278.4599914550781,279.9200134277344,279.1000061035156,367300,279.1000061035156
2017-11-30,283.2200012207031,278.67999267578125,280.1700134277344,282.6099853515625,631500,282.6099853515625
2017-12-01,286.2900085449219,279.0899963378906,283.1000061035156,284.82000732421875,653600,284.82000732421875
2017-12-04,286.8500061035156,282.92999267578125,285.04998779296875,284.6499938964844,872500,284.6499938964844
2017-12-05,284.7099914550781,279.2200012207031,284.1199951171875,281.260009765625,428200,281.260009765625
2017-12-06,281.57000732421875,277.45001220703125,280.9700012207031,277.6700134277344,482100,277.6700134277344
2017-12-07,281.5799865722656,277.0199890136719,277.80999755859375,280.32000732421875,414300,280.32000732421875
2017-12-08,282.32000732421875,279.3399963378906,281.44000244140625,280.57000732421875,376300,280.57000732421875
2017-12-11,280.5,276.7900085449219,280.3699951171875,277.3699951171875,388600,277.3699951171875
2017-12-12,279.8399963378906,275.20001220703125,277.94000244140625,275.3399963378906,577500,275.3399963378906
2017-12-13,277.82000732421875,274.1499938964844,275.2300109863281,275.510009765625,533700,275.510009765625
2017-12-14,276.4700012207031,272.260009765625,275.07000732421875,273.55999755859375,453400,273.55999755859375
2017-12-15,275.5199890136719,273.20001220703125,274.5199890136719,274.7099914550781,686400,274.7099914550781
2017-12-18,276.5199890136719,271.5400085449219,275.0,275.1400146484375,495600,275.1400146484375
2017-12-19,277.6000061035156,274.2200012207031,275.5,276.55999755859375,583400,276.55999755859375
2017-12-20,279.0299987792969,276.010009765625,276.8900146484375,277.54998779296875,586500,277.54998779296875
2017-12-21,279.7699890136719,277.19000244140625,277.9700012207031,277.8599853515625,562600,277.8599853515625
2017-12-22,278.5799865722656,275.2799987792969,278.5799865722656,276.4599914550781,413900,276.4599914550781
2017-12-26,277.9800109863281,275.8699951171875,276.489990234375,276.45001220703125,332100,276.45001220703125
2017-12-27,277.2799987792969,273.4100036621094,276.3800048828125,273.44000244140625,369200,273.44000244140625
2017-12-28,276.5,273.1199951171875,273.9700012207031,276.1400146484375,371200,276.1400146484375
2017-12-29,278.4800109863281,275.79998779296875,276.55999755859375,275.8999938964844,311700,275.8999938964844
2018-01-02,277.0400085449219,273.4700012207031,277.0400085449219,276.0,471400,276.0
2018-01-03,276.8699951171875,274.25,275.7099914550781,275.1400146484375,467200,275.1400146484375
2018-01-04,277.0,274.6199951171875,275.2200012207031,275.260009765625,403800,275.260009765625
2018-01-05,278.3999938964844,274.25,276.4200134277344,276.6700134277344,550500,276.6700134277344
2018-01-08,279.4100036621094,275.4200134277344,276.8399963378906,279.1499938964844,474400,279.1499938964844
2018-01-09,282.2099914550781,278.44000244140625,278.5400085449219,279.7900085449219,617300,279.7900085449219
2018-01-10,279.69000244140625,270.6600036621094,279.3999938964844,272.0899963378906,882100,272.0899963378906
2018-01-11,272.92999267578125,269.25,272.1300048828125,271.7200012207031,664700,271.7200012207031
2018-01-12,274.7900085449219,269.9200134277344,271.3900146484375,274.07000732421875,667700,274.07000732421875
2018-01-16,277.95001220703125,274.4599914550781,275.7099914550781,274.489990234375,513900,274.489990234375
2018-01-17,278.30999755859375,274.6300048828125,276.1600036621094,277.79998779296875,438800,277.79998779296875
2018-01-18,278.80999755859375,276.8900146484375,277.69000244140625,278.1300048828125,339500,278.1300048828125
2018-01-19,279.9200134277344,276.9599914550781,279.1499938964844,279.1400146484375,524500,279.1400146484375
2018-01-22,280.79998779296875,277.92999267578125,279.2799987792969,279.55999755859375,579200,279.55999755859375
2018-01-23,280.6400146484375,278.0799865722656,280.1700134277344,278.80999755859375,591600,278.80999755859375
2018-01-24,280.9800109863281,274.1300048828125,280.0799865722656,274.55999755859375,620800,274.55999755859375
2018-01-25,276.95001220703125,272.45001220703125,274.489990234375,276.7699890136719,597600,276.7699890136719
2018-01-26,281.0,276.7900085449219,277.6300048828125,280.69000244140625,662600,280.69000244140625
2018-01-29,281.2900085449219,278.45001220703125,280.1199951171875,279.1400146484375,624600,279.1400146484375
2018-01-30,280.6499938964844,275.9800109863281,276.92999267578125,278.3399963378906,484000,278.3399963378906
2018-01-31,281.4800109863281,277.1600036621094,280.0,281.05999755859375,661200,281.05999755859375
2018-02-01,280.79998779296875,275.05999755859375,280.2699890136719,276.0799865722656,656900,276.0799865722656
2018-02-02,275.92999267578125,268.80999755859375,274.3999938964844,270.5799865722656,924200,270.5799865722656
2018-02-05,271.8299865722656,262.7699890136719,269.239990234375,263.3500061035156,870700,263.3500061035156
2018-02-06,268.3299865722656,255.61000061035156,257.9100036621094,268.04998779296875,1389900,268.04998779296875
2018-02-07,270.9200134277344,266.05999755859375,267.0400085449219,267.6600036621094,758700,267.6600036621094
2018-02-08,268.25,255.97000122070312,267.1199951171875,256.57000732421875,1025800,256.57000732421875
2018-02-09,261.489990234375,238.6300048828125,259.0,249.4600067138672,2167100,249.4600067138672
2018-02-12,257.4599914550781,248.2899932861328,253.02000427246094,254.5500030517578,1524000,254.5500030517578
2018-02-13,254.35000610351562,249.1699981689453,253.74000549316406,251.27999877929688,965200,251.27999877929688
2018-02-14,253.77000427246094,249.22999572753906,249.49000549316406,253.5,670100,253.5
2018-02-15,254.4600067138672,250.4199981689453,254.4600067138672,252.5,867800,252.5
2018-02-16,252.1999969482422,249.33999633789062,251.8000030517578,249.75999450683594,1067900,249.75999450683594
2018-02-20,251.8800048828125,246.6999969482422,250.0,247.07000732421875,902500,247.07000732421875
2018-02-21,250.0,246.00999450683594,247.0,246.39999389648438,592700,246.39999389648438
2018-02-22,250.36000061035156,246.17999267578125,247.1300048828125,249.0,771900,249.0
2018-02-23,251.5800018310547,247.0399932861328,250.0,251.38999938964844,672100,251.38999938964844
2018-02-26,252.3800048828125,247.8699951171875,251.92999267578125,250.5399932861328,564600,250.5399932861328
2018-02-27,253.00999450683594,246.5399932861328,251.10000610351562,246.5399932861328,622700,246.5399932861328
2018-02-28,247.5,239.8800048828125,246.77999877929688,239.8800048828125,1123900,239.8800048828125
2018-03-01,243.6199951171875,237.05999755859375,239.8699951171875,241.10000610351562,1010900,241.10000610351562
2018-03-02,238.8800048828125,233.67999267578125,238.5399932861328,236.55999755859375,1196500,236.55999755859375
2018-03-05,238.89999389648438,235.14999389648438,235.9600067138672,238.44000244140625,631900,238.44000244140625
2018-03-06,241.33999633789062,237.88999938964844,239.10000610351562,241.2899932861328,629700,241.2899932861328
2018-03-07,241.35000610351562,236.99000549316406,239.14999389648438,237.22000122070312,486100,237.22000122070312
2018-03-08,240.63999938964844,237.66000366210938,237.66000366210938,240.0800018310547,500100,240.0800018310547
2018-03-09,245.0800018310547,239.7899932861328,241.25,245.0,590100,245.0
2018-03-12,248.80999755859375,245.0,245.0,247.92999267578125,683600,247.92999267578125
2018-03-13,253.5500030517578,248.9199981689453,249.80999755859375,250.58999633789062,1104800,250.58999633789062
2018-03-14,251.69000244140625,247.6199951171875,251.1999969482422,248.88999938964844,499700,248.88999938964844
2018-03-15,250.25,245.57000732421875,249.36000061035156,246.39999389648438,455700,246.39999389648438
2018-03-16,248.74000549316406,245.14999389648438,246.25,247.89999389648438,500300,247.89999389648438
2018-03-19,247.8000030517578,241.8300018310547,247.02000427246094,243.02000427246094,437100,243.02000427246094
2018-03-20,247.11000061035156,243.00999450683594,243.97999572753906,246.7899932861328,671600,246.7899932861328
2018-03-21,249.64999389648438,245.69000244140625,247.17999267578125,247.10000610351562,418100,247.10000610351562
2018-03-22,246.97999572753906,239.47000122070312,246.05999755859375,240.27999877929688,761100,240.27999877929688
2018-03-23,240.97999572753906,230.0399932861328,240.97999572753906,230.57000732421875,1172600,230.57000732421875
2018-03-26,237.8699951171875,230.9499969482422,234.58999633789062,234.1999969482422,935600,234.1999969482422
2018-03-27,235.36000061035156,226.6199951171875,235.36000061035156,227.89999389648438,1193600,227.89999389648438
2018-03-28,231.52000427246094,227.3699951171875,227.89999389648438,228.88999938964844,687400,228.88999938964844
2018-03-29,233.61000061035156,228.9199981689453,230.41000366210938,232.22000122070312,563700,232.22000122070312
2018-04-02,232.22000122070312,223.99000549316406,232.22000122070312,227.61000061035156,778700,227.61000061035156
2018-04-03,231.41000366210938,228.0500030517578,228.30999755859375,230.6999969482422,545000,230.6999969482422
2018-04-04,239.10000610351562,226.83999633789062,227.85000610351562,238.91000366210938,935200,238.91000366210938
2018-04-05,241.08999633789062,237.25,239.64999389648438,239.5,852900,239.5
2018-04-06,239.69000244140625,234.19000244140625,238.36000061035156,236.0800018310547,606600,236.0800018310547
2018-04-09,239.47000122070312,235.14999389648438,238.44000244140625,235.3699951171875,554100,235.3699951171875
2018-04-10,240.02000427246094,236.08999633789062,238.1199951171875,238.8300018310547,472200,238.8300018310547
2018-04-11,239.8300018310547,236.9600067138672,237.14999389648438,238.50999450683594,330500,238.50999450683594
2018-04-12,240.69000244140625,237.2899932861328,238.99000549316406,239.57000732421875,717900,239.57000732421875
2018-04-13,241.02999877929688,237.9499969482422,240.4499969482422,239.1999969482422,399100,239.1999969482422
2018-04-16,241.9600067138672,238.6300048828125,240.77000427246094,239.5399932861328,640800,239.5399932861328
2018-04-17,244.13999938964844,240.3699951171875,241.72999572753906,243.47999572753906,620500,243.47999572753906
2018-04-18,247.1300048828125,242.3300018310547,244.39999389648438,245.94000244140625,645100,245.94000244140625
2018-04-19,245.7899932861328,238.52000427246094,245.4499969482422,240.97999572753906,648400,240.97999572753906
2018-04-20,241.99000549316406,235.0500030517578,241.4499969482422,235.57000732421875,1156700,235.57000732421875
2018-04-23,237.19000244140625,232.5,236.16000366210938,235.92999267578125,613900,235.92999267578125
2018-04-24,236.49000549316406,225.9600067138672,236.49000549316406,227.25,1316900,227.25
2018-04-25,227.97999572753906,221.9600067138672,227.42999267578125,227.1199951171875,1032800,227.1199951171875
2018-04-26,227.8000030517578,223.80999755859375,227.7899932861328,227.1999969482422,1132800,227.1999969482422
2018-04-27,227.7100067138672,216.6699981689453,220.5,217.36000061035156,3139900,217.36000061035156
2018-04-30,216.47999572753906,209.47000122070312,214.47000122070312,209.8800048828125,1861100,209.8800048828125
2018-05-01,216.22000122070312,207.7899932861328,209.75,215.86000061035156,1302000,215.86000061035156
2018-05-02,216.6300048828125,212.02000427246094,214.80999755859375,212.30999755859375,961200,212.30999755859375
2018-05-03,215.5500030517578,211.49000549316406,212.3300018310547,215.4199981689453,932000,215.4199981689453
2018-05-04,219.38999938964844,213.89999389648438,213.92999267578125,216.36000061035156,737700,216.36000061035156
2018-05-07,218.27000427246094,214.5,216.60000610351562,215.41000366210938,579300,215.41000366210938
2018-05-08,217.14999389648438,211.88999938964844,216.11000061035156,213.42999267578125,773900,213.42999267578125
2018-05-09,214.00999450683594,209.13999938964844,214.00999450683594,210.3800048828125,1094900,210.3800048828125
2018-05-10,213.17999267578125,211.52999877929688,212.13999938964844,211.52999877929688,598100,211.52999877929688
2018-05-11,215.47999572753906,210.9199981689453,211.52999877929688,213.5800018310547,1221300,213.5800018310547
2018-05-14,213.88999938964844,209.52000427246094,213.88999938964844,210.63999938964844,1502700,210.63999938964844
2018-05-15,210.0500030517578,207.8699951171875,209.9600067138672,208.97999572753906,885000,208.97999572753906
2018-05-16,210.97000122070312,206.74000549316406,208.3000030517578,210.5500030517578,887400,210.5500030517578
2018-05-17,212.58999633789062,209.8800048828125,210.92999267578125,211.83999633789062,794400,211.83999633789062
2018-05-18,217.24000549316406,211.25999450683594,212.13999938964844,216.14999389648438,1838600,216.14999389648438
2018-05-21,218.82000732421875,215.41000366210938,216.99000549316406,216.1199951171875,1111100,216.1199951171875
2018-05-22,217.57000732421875,214.6999969482422,215.72000122070312,215.08999633789062,780700,215.08999633789062
2018-05-23,215.92999267578125,213.3699951171875,214.66000366210938,214.8699951171875,436900,214.8699951171875
2018-05-24,215.5500030517578,210.9499969482422,214.36000061035156,212.38999938964844,632500,212.38999938964844
2018-05-25,215.47000122070312,211.5500030517578,211.9499969482422,213.36000061035156,799300,213.36000061035156
2018-05-29,212.27000427246094,208.6199951171875,211.41000366210938,210.63999938964844,780900,210.63999938964844
2018-05-30,211.32000732421875,207.72000122070312,210.91000366210938,208.57000732421875,575500,208.57000732421875
2018-05-31,208.75,203.8699951171875,208.75,204.0399932861328,861200,204.0399932861328
2018-06-01,205.7100067138672,203.0399932861328,204.52999877929688,204.35000610351562,850000,204.35000610351562
2018-06-04,207.41000366210938,203.8800048828125,205.5399932861328,206.83999633789062,1071600,206.83999633789062
2018-06-05,207.9199981689453,205.6199951171875,206.97000122070312,205.8000030517578,527600,205.8000030517578
2018-06-06,205.8699951171875,202.75,204.83999633789062,205.82000732421875,803400,205.82000732421875
2018-06-07,208.22000122070312,205.61000061035156,205.99000549316406,207.97000122070312,652700,207.97000122070312
2018-06-08,210.6699981689453,207.52000427246094,207.83999633789062,210.44000244140625,446400,210.44000244140625
2018-06-11,212.63999938964844,210.22999572753906,210.77000427246094,210.9600067138672,556200,210.9600067138672
2018-06-12,214.1999969482422,210.49000549316406,210.75999450683594,213.9499969482422,603600,213.9499969482422
2018-06-13,214.47999572753906,209.47000122070312,214.02999877929688,209.61000061035156,903300,209.61000061035156
2018-06-14,214.63999938964844,209.97999572753906,210.0,214.11000061035156,780600,214.11000061035156
2018-06-15,213.1300048828125,210.83999633789062,212.7100067138672,213.00999450683594,824300,213.00999450683594
2018-06-18,212.1199951171875,209.5500030517578,210.9600067138672,210.14999389648438,974900,210.14999389648438
2018-06-19,210.85000610351562,207.85000610351562,207.85000610351562,210.58999633789062,859300,210.58999633789062
2018-06-20,212.58999633789062,209.80999755859375,211.22000122070312,210.7100067138672,571600,210.7100067138672
2018-06-21,212.08999633789062,209.8699951171875,211.4199981689453,210.91000366210938,784600,210.91000366210938
2018-06-22,212.22000122070312,208.1999969482422,211.05999755859375,211.8699951171875,963000,211.8699951171875
2018-06-25,211.8699951171875,209.0,211.8699951171875,211.5,640400,211.5
2018-06-26,214.27000427246094,211.32000732421875,212.50999450683594,213.5,604100,213.5
2018-06-27,214.30999755859375,210.42999267578125,212.86000061035156,211.89999389648438,1207100,211.89999389648438
2018-06-28,212.5399932861328,208.8699951171875,212.5399932861328,211.33999633789062,874900,211.33999633789062
2018-06-29,215.80999755859375,210.86000061035156,212.36000061035156,214.27000427246094,1150100,214.27000427246094
2018-07-02,214.1999969482422,211.47999572753906,212.3800048828125,213.86000061035156,839600,213.86000061035156
2018-07-03,216.50999450683594,214.4600067138672,215.0,215.02999877929688,405700,215.02999877929688
2018-07-05,217.60000610351562,214.50999450683594,215.27000427246094,217.4600067138672,414600,217.4600067138672
2018-07-06,220.30999755859375,217.05999755859375,217.9600067138672,218.74000549316406,479100,218.74000549316406
2018-07-09,222.1300048828125,218.6999969482422,220.00999450683594,220.83999633789062,426000,220.83999633789062
2018-07-10,220.77999877929688,217.92999267578125,220.77999877929688,219.07000732421875,491800,219.07000732421875
2018-07-11,228.49000549316406,217.6999969482422,217.8300018310547,224.83999633789062,2242000,224.83999633789062
2018-07-12,226.30999755859375,220.47999572753906,225.86000061035156,223.3000030517578,2168600,223.3000030517578
2018-07-13,225.66000366210938,221.6300048828125,223.3300018310547,223.86000061035156,934600,223.86000061035156
2018-07-16,224.33999633789062,220.50999450683594,223.97000122070312,221.52000427246094,890000,221.52000427246094
2018-07-17,224.7100067138672,220.94000244140625,221.0,224.3699951171875,482800,224.3699951171875
2018-07-18,225.61000061035156,222.75999450683594,224.00999450683594,224.3800048828125,628200,224.3800048828125
2018-07-19,224.33999633789062,222.66000366210938,224.0500030517578,223.25,660100,223.25
2018-07-20,225.05999755859375,221.8000030517578,221.8000030517578,224.22999572753906,852500,224.22999572753906
2018-07-23,224.17999267578125,216.74000549316406,223.17999267578125,217.27999877929688,1153000,217.27999877929688
2018-07-24,220.8300018310547,216.33999633789062,217.41000366210938,219.5500030517578,1456800,219.5500030517578
2018-07-25,220.3300018310547,214.55999755859375,219.7899932861328,217.3699951171875,1982500,217.3699951171875
2018-07-26,189.11000061035156,177.0,189.11000061035156,179.30999755859375,7360500,179.30999755859375
2018-07-27,185.50999450683594,177.42999267578125,178.52999877929688,183.05999755859375,3307800,183.05999755859375
2018-07-30,186.88999938964844,182.5,182.52999877929688,184.6999969482422,1804400,184.6999969482422
2018-07-31,189.57000732421875,184.10000610351562,185.6999969482422,188.36000061035156,1205600,188.36000061035156
2018-08-01,191.38999938964844,188.36000061035156,189.0,189.38999938964844,1520900,189.38999938964844
2018-08-02,188.72999572753906,185.77000427246094,187.5800018310547,186.4199981689453,1464900,186.4199981689453
2018-08-03,188.1999969482422,185.3300018310547,187.08999633789062,186.61000061035156,1028600,186.61000061035156
2018-08-06,188.11000061035156,186.35000610351562,187.4499969482422,187.02999877929688,1152800,187.02999877929688
2018-08-07,190.0399932861328,186.67999267578125,187.5800018310547,186.8699951171875,1032100,186.8699951171875
2018-08-08,187.75,185.66000366210938,186.25,186.10000610351562,854300,186.10000610351562
2018-08-09,187.4199981689453,183.86000061035156,186.44000244140625,184.2899932861328,1130700,184.2899932861328
2018-08-10,185.97999572753906,180.7100067138672,183.6999969482422,182.32000732421875,1099700,182.32000732421875
2018-08-13,184.16000366210938,180.5800018310547,182.11000061035156,181.88999938964844,1157100,181.88999938964844
2018-08-14,184.11000061035156,180.74000549316406,181.3000030517578,181.86000061035156,710200,181.86000061035156
2018-08-15,185.22000122070312,180.4499969482422,181.47999572753906,185.0800018310547,1047000,185.0800018310547
2018-08-16,189.92999267578125,184.91000366210938,186.5500030517578,188.1199951171875,1160800,188.1199951171875
2018-08-17,191.1699981689453,187.8699951171875,188.44000244140625,190.05999755859375,690300,190.05999755859375
2018-08-20,192.4499969482422,190.14999389648438,190.97000122070312,190.50999450683594,669500,190.50999450683594
2018-08-21,193.7899932861328,190.27000427246094,192.4199981689453,193.41000366210938,670000,193.41000366210938
2018-08-22,194.89999389648438,191.57000732421875,193.00999450683594,192.97999572753906,707900,192.97999572753906
2018-08-23,193.77999877929688,190.69000244140625,193.17999267578125,190.88999938964844,685400,190.88999938964844
2018-08-24,191.63999938964844,190.1199951171875,191.27999877929688,190.41000366210938,715500,190.41000366210938
2018-08-27,194.0800018310547,190.24000549316406,191.2100067138672,192.92999267578125,497600,192.92999267578125
2018-08-28,193.63999938964844,192.1300048828125,193.52999877929688,192.86000061035156,413100,192.86000061035156
2018-08-29,196.3000030517578,192.0,192.85000610351562,195.97999572753906,699800,195.97999572753906
2018-08-30,195.8800048828125,192.36000061035156,195.50999450683594,193.22999572753906,521500,193.22999572753906
2018-08-31,194.19000244140625,189.9499969482422,193.11000061035156,191.58999633789062,626600,191.58999633789062
2018-09-04,192.25999450683594,189.8300018310547,191.1999969482422,190.16000366210938,1020300,190.16000366210938
2018-09-05,192.35000610351562,189.27000427246094,189.5,191.0,578600,191.0
2018-09-06,192.4499969482422,190.17999267578125,190.3000030517578,190.72000122070312,532200,190.72000122070312
2018-09-07,190.94000244140625,188.19000244140625,189.85000610351562,188.6199951171875,574300,188.6199951171875
2018-09-10,190.8800048828125,188.2100067138672,190.11000061035156,189.77000427246094,548400,189.77000427246094
2018-09-11,191.67999267578125,188.42999267578125,189.75,189.74000549316406,504600,189.74000549316406
2018-09-12,188.8300018310547,183.97000122070312,188.02000427246094,185.55999755859375,1899900,185.55999755859375
2018-09-13,186.72000122070312,183.25999450683594,186.30999755859375,185.88999938964844,1508400,185.88999938964844
2018-09-14,188.02999877929688,185.24000549316406,186.60000610351562,187.10000610351562,1021200,187.10000610351562
2018-09-17,188.8300018310547,186.72999572753906,187.10000610351562,186.91000366210938,973200,186.91000366210938
2018-09-18,187.60000610351562,184.33999633789062,186.5800018310547,185.27000427246094,1173300,185.27000427246094
2018-09-19,189.1999969482422,185.77999877929688,186.67999267578125,187.3300018310547,816500,187.3300018310547
2018-09-20,188.8699951171875,185.5,188.0,186.17999267578125,1052100,186.17999267578125
2018-09-21,187.6300048828125,185.9499969482422,186.52999877929688,186.60000610351562,899200,186.60000610351562
2018-09-24,186.77000427246094,182.61000061035156,185.52999877929688,182.9600067138672,936400,182.9600067138672
2018-09-25,183.72000122070312,180.97999572753906,182.89999389648438,181.3800048828125,723200,181.3800048828125
2018-09-26,182.14999389648438,180.38999938964844,181.67999267578125,180.58999633789062,860500,180.58999633789062
2018-09-27,180.8000030517578,179.08999633789062,180.38999938964844,179.3300018310547,780400,179.3300018310547
2018-09-28,179.74000549316406,173.82000732421875,179.36000061035156,175.35000610351562,1022800,175.35000610351562
2018-10-01,176.74000549316406,173.58999633789062,175.91000366210938,173.6999969482422,726700,173.6999969482422
2018-10-02,174.4499969482422,169.57000732421875,173.0500030517578,170.02999877929688,1094200,170.02999877929688
2018-10-03,172.10000610351562,168.1300048828125,170.3000030517578,170.85000610351562,1971500,170.85000610351562
2018-10-04,171.99000549316406,169.8699951171875,170.05999755859375,171.11000061035156,754000,171.11000061035156
2018-10-05,172.42999267578125,167.2100067138672,171.19000244140625,168.08999633789062,1212700,168.08999633789062
2018-10-08,169.58999633789062,167.1999969482422,168.0800018310547,169.35000610351562,732800,169.35000610351562
2018-10-09,164.77999877929688,160.27000427246094,162.00999450683594,160.6699981689453,1319200,160.6699981689453
2018-10-10,162.9600067138672,159.38999938964844,161.64999389648438,159.6300048828125,1202000,159.6300048828125
2018-10-11,161.44000244140625,157.16000366210938,159.0,157.22000122070312,843800,157.22000122070312
2018-10-12,159.57000732421875,153.8800048828125,159.57000732421875,156.1199951171875,1325500,156.1199951171875
2018-10-15,157.17999267578125,153.9199981689453,153.9199981689453,155.3300018310547,1517600,155.3300018310547
2018-10-16,156.91000366210938,153.61000061035156,155.8699951171875,156.25,1284200,156.25
2018-10-17,156.75,152.55999755859375,155.3800048828125,155.9499969482422,1042800,155.9499969482422
2018-10-18,155.99000549316406,151.5,155.5399932861328,152.2899932861328,802400,152.2899932861328
2018-10-19,152.47999572753906,148.47000122070312,152.00999450683594,150.30999755859375,801900,150.30999755859375
2018-10-22,151.22999572753906,148.10000610351562,150.99000549316406,148.3800048828125,939100,148.3800048828125
2018-10-23,151.60000610351562,143.67999267578125,146.3000030517578,151.2100067138672,1842700,151.2100067138672
2018-10-24,153.8800048828125,147.27999877929688,150.4199981689453,147.50999450683594,1518400,147.50999450683594
2018-10-25,151.7899932861328,148.50999450683594,148.99000549316406,151.07000732421875,1778200,151.07000732421875
2018-10-26,126.43000030517578,113.44999694824219,124.05999755859375,115.02999877929688,9601800,115.02999877929688
2018-10-29,119.38999938964844,114.88999938964844,115.8499984741211,116.27999877929688,5546900,116.27999877929688
2018-10-30,124.13999938964844,115.4000015258789,116.05000305175781,123.94000244140625,3092900,123.94000244140625
2018-10-31,128.6199951171875,123.20999908447266,125.41999816894531,124.7300033569336,2217300,124.7300033569336
2018-11-01,132.72999572753906,124.91000366210938,125.43000030517578,131.7100067138672,2452600,131.7100067138672
2018-11-02,133.2899932861328,128.5399932861328,132.41000366210938,131.77999877929688,1641200,131.77999877929688
2018-11-05,132.22000122070312,126.87000274658203,131.2899932861328,127.93000030517578,1185400,127.93000030517578
2018-11-06,129.44000244140625,125.91000366210938,127.62000274658203,126.55000305175781,1319800,126.55000305175781
2018-11-07,127.98999786376953,124.54000091552734,127.98999786376953,126.38999938964844,849700,126.38999938964844
2018-11-08,128.63999938964844,123.5199966430664,125.26000213623047,127.2300033569336,1600300,127.2300033569336
2018-11-09,128.75999450683594,123.83000183105469,127.05999755859375,125.6500015258789,981100,125.6500015258789
2018-11-12,125.04000091552734,121.3499984741211,124.26000213623047,121.52999877929688,887900,121.52999877929688
2018-11-13,125.95999908447266,121.8499984741211,122.2300033569336,123.25,1070700,123.25
2018-11-14,125.8499984741211,121.26000213623047,124.51000213623047,121.41000366210938,1097400,121.41000366210938
2018-11-15,124.69999694824219,119.08999633789062,120.6500015258789,123.7300033569336,1221100,123.7300033569336
2018-11-16,124.55000305175781,122.37999725341797,123.44000244140625,123.5199966430664,657200,123.5199966430664
2018-11-19,125.16000366210938,122.33999633789062,123.9000015258789,124.36000061035156,1177300,124.36000061035156
2018-11-20,127.4800033569336,122.52999877929688,122.52999877929688,124.5999984741211,738700,124.5999984741211
2018-11-21,128.19000244140625,124.5999984741211,125.25,126.3499984741211,683400,126.3499984741211
2018-11-23,127.91000366210938,125.30999755859375,125.8499984741211,126.83999633789062,224600,126.83999633789062
2018-11-26,129.9199981689453,127.44000244140625,128.91000366210938,128.75,850200,128.75
2018-11-27,129.4499969482422,125.75,128.02999877929688,126.5,811800,126.5
2018-11-28,131.2100067138672,122.75,126.29000091552734,130.88999938964844,1042000,130.88999938964844
2018-11-29,130.9199981689453,126.11000061035156,129.85000610351562,127.37999725341797,760300,127.37999725341797
2018-11-30,128.27999877929688,126.12000274658203,127.33999633789062,128.05999755859375,822400,128.05999755859375
2018-12-03,130.69000244140625,124.66999816894531,130.22999572753906,126.30999755859375,1725200,126.30999755859375
2018-12-04,126.86000061035156,121.12999725341797,125.62999725341797,121.30000305175781,1091800,121.30000305175781
2018-12-06,123.19999694824219,116.66999816894531,118.2300033569336,123.01000213623047,1487600,123.01000213623047
2018-12-07,122.5,119.12000274658203,122.19999694824219,120.44000244140625,1114500,120.44000244140625
2018-12-10,121.37000274658203,118.25,120.1500015258789,119.9800033569336,1233700,119.9800033569336
2018-12-11,122.69000244140625,118.69000244140625,122.11000061035156,119.25,999400,119.25
2018-12-12,122.94999694824219,118.83000183105469,120.70999908447266,118.91000366210938,1231400,118.91000366210938
2018-12-13,119.95999908447266,117.68000030517578,119.52999877929688,118.19999694824219,780400,118.19999694824219
2018-12-14,119.47000122070312,116.27999877929688,117.08000183105469,116.9800033569336,872800,116.9800033569336
2018-12-17,119.72000122070312,115.0,116.4800033569336,115.75,938200,115.75
2018-12-18,119.9000015258789,115.94000244140625,116.5,118.37999725341797,1173900,118.37999725341797
2018-12-19,123.81999969482422,116.45999908447266,118.27999877929688,116.97000122070312,1226300,116.97000122070312
2018-12-20,118.79000091552734,114.30000305175781,116.33999633789062,115.5,1180600,115.5
2018-12-21,118.63999938964844,112.81999969482422,116.19999694824219,113.20999908447266,1747500,113.20999908447266
2018-12-24,114.4800033569336,110.79000091552734,112.05000305175781,111.30999755859375,540700,111.30999755859375
2018-12-26,117.19999694824219,109.3499984741211,111.62000274658203,117.0999984741211,1006000,117.0999984741211
2018-12-27,117.86000061035156,112.63999938964844,115.43000030517578,117.86000061035156,777500,117.86000061035156
2018-12-28,119.30999755859375,115.76000213623047,118.22000122070312,117.19999694824219,762200,117.19999694824219
2018-12-31,119.48999786376953,115.1500015258789,118.06999969482422,116.95999908447266,698800,116.95999908447266
2019-01-02,119.7699966430664,114.36000061035156,114.94000244140625,118.5999984741211,1192400,118.5999984741211
2019-01-03,118.30999755859375,115.58000183105469,117.56999969482422,116.9000015258789,651600,116.9000015258789
2019-01-04,123.56999969482422,118.44999694824219,118.52999877929688,122.12999725341797,1041600,122.12999725341797
2019-01-07,125.86000061035156,121.1500015258789,122.6500015258789,124.1500015258789,1033300,124.1500015258789
2019-01-08,125.98999786376953,122.33000183105469,125.72000122070312,123.05999755859375,895500,123.05999755859375
2019-01-09,128.14999389648438,122.73999786376953,122.75,127.41000366210938,1041300,127.41000366210938
2019-01-10,127.54000091552734,125.4000015258789,126.80999755859375,126.58999633789062,671200,126.58999633789062
2019-01-11,126.01000213623047,122.4000015258789,123.69000244140625,125.66999816894531,813300,125.66999816894531
2019-01-14,127.5,124.55000305175781,125.08000183105469,126.01000213623047,865700,126.01000213623047
2019-01-15,125.55999755859375,121.30999755859375,125.0,124.04000091552734,796100,124.04000091552734
2019-01-16,125.27999877929688,122.73999786376953,124.41999816894531,123.0999984741211,688400,123.0999984741211
2019-01-17,124.68000030517578,122.08999633789062,122.69999694824219,124.18000030517578,1174000,124.18000030517578
2019-01-18,126.69999694824219,124.0199966430664,125.19000244140625,126.62000274658203,739000,126.62000274658203
2019-01-22,127.30999755859375,124.0,125.69999694824219,126.72000122070312,1199000,126.72000122070312
2019-01-23,127.70999908447266,123.2300033569336,127.41000366210938,124.7300033569336,785400,124.7300033569336
2019-01-24,127.22000122070312,124.22000122070312,124.83000183105469,127.1500015258789,621900,127.1500015258789
2019-01-25,129.1699981689453,126.2300033569336,128.55999755859375,127.55999755859375,1116600,127.55999755859375
2019-01-28,128.38999938964844,125.87999725341797,126.77999877929688,128.0,891300,128.0
2019-01-29,128.2100067138672,126.12999725341797,128.0,127.04000091552734,1689000,127.04000091552734
2019-01-30,127.69000244140625,124.4000015258789,127.5,125.79000091552734,1251500,125.79000091552734
2019-01-31,128.83999633789062,125.27999877929688,125.62000274658203,128.7899932861328,1536000,128.7899932861328
2019-02-01,129.88999938964844,127.18000030517578,127.79000091552734,128.77999877929688,987900,128.77999877929688
2019-02-04,129.10000610351562,127.27999877929688,128.8699951171875,127.87999725341797,904900,127.87999725341797
2019-02-05,129.47999572753906,126.44999694824219,127.97000122070312,126.9000015258789,1608500,126.9000015258789
2019-02-06,127.72000122070312,125.54000091552734,126.44000244140625,127.43000030517578,1220100,127.43000030517578
2019-02-07,128.97000122070312,126.01000213623047,127.45999908447266,128.1999969482422,1723700,128.1999969482422
2019-02-08,136.82000732421875,132.08999633789062,136.13999938964844,135.77999877929688,3807500,135.77999877929688
2019-02-11,138.4600067138672,129.36000061035156,135.57000732421875,137.97999572753906,2428400,137.97999572753906
2019-02-12,143.97000122070312,138.5,138.6199951171875,143.13999938964844,1781100,143.13999938964844
2019-02-13,143.1699981689453,139.14999389648438,143.0,139.41000366210938,1144000,139.41000366210938
2019-02-14,139.27999877929688,136.8300018310547,138.75,138.8000030517578,888900,138.8000030517578
2019-02-15,141.07000732421875,138.88999938964844,139.8000030517578,139.2100067138672,855800,139.2100067138672
2019-02-19,141.16000366210938,138.0,138.60000610351562,139.7100067138672,793800,139.7100067138672
2019-02-20,141.07000732421875,139.1199951171875,140.1699981689453,139.77000427246094,812000,139.77000427246094
2019-02-21,140.82000732421875,138.8800048828125,139.77000427246094,140.02999877929688,777800,140.02999877929688
2019-02-22,141.25999450683594,139.86000061035156,140.1999969482422,140.5,608000,140.5
2019-02-25,142.74000549316406,141.10000610351562,141.10000610351562,141.39999389648438,707800,141.39999389648438
2019-02-26,141.72000122070312,139.7899932861328,140.5500030517578,140.02000427246094,605800,140.02000427246094
2019-02-27,140.3800048828125,138.5,140.0,138.60000610351562,683300,138.60000610351562
2019-02-28,138.4199981689453,135.77000427246094,138.4199981689453,136.1199951171875,599600,136.1199951171875
2019-03-01,139.27000427246094,136.8800048828125,137.7100067138672,137.47999572753906,749200,137.47999572753906
2019-03-04,139.00999450683594,136.39999389648438,138.33999633789062,138.22999572753906,1028400,138.22999572753906
2019-03-05,138.32000732421875,135.10000610351562,137.75,135.1699981689453,692000,135.1699981689453
2019-03-06,136.1699981689453,132.85000610351562,135.0,133.3300018310547,650900,133.3300018310547
2019-03-07,132.91000366210938,129.0399932861328,132.77999877929688,129.61000061035156,1359100,129.61000061035156
2019-03-08,132.22000122070312,128.7899932861328,129.1999969482422,132.0800018310547,1052600,132.0800018310547
2019-03-11,133.44000244140625,131.75,131.80999755859375,133.11000061035156,501600,133.11000061035156
2019-03-12,134.05999755859375,132.9600067138672,133.41000366210938,133.25999450683594,564100,133.25999450683594
2019-03-13,133.89999389648438,132.74000549316406,133.3699951171875,133.0,680100,133.0
2019-03-14,132.2899932861328,128.4600067138672,132.0500030517578,129.25999450683594,966200,129.25999450683594
2019-03-15,129.8699951171875,128.0399932861328,129.22999572753906,128.57000732421875,970500,128.57000732421875
2019-03-18,129.85000610351562,128.1300048828125,129.0399932861328,129.50999450683594,545300,129.50999450683594
2019-03-19,130.6999969482422,127.48999786376953,129.75999450683594,127.9000015258789,509500,127.9000015258789
2019-03-20,128.19000244140625,124.27999877929688,127.5999984741211,126.0199966430664,646800,126.0199966430664
2019-03-21,128.8699951171875,125.68000030517578,125.68000030517578,128.13999938964844,523000,128.13999938964844
2019-03-22,128.47000122070312,124.51000213623047,127.66000366210938,124.86000061035156,698200,124.86000061035156
2019-03-25,125.75,123.45999908447266,124.91000366210938,124.75,627600,124.75
2019-03-26,126.23999786376953,123.30000305175781,124.69000244140625,125.26000213623047,875400,125.26000213623047
2019-03-27,127.95999908447266,125.19000244140625,125.83000183105469,126.12999725341797,1004400,126.12999725341797
2019-03-28,127.79000091552734,124.58999633789062,126.4000015258789,125.9800033569336,758900,125.9800033569336
2019-03-29,127.44000244140625,124.44999694824219,125.80000305175781,126.1500015258789,681500,126.1500015258789
2019-04-01,128.75999450683594,126.51000213623047,127.04000091552734,127.87999725341797,537200,127.87999725341797
2019-04-02,128.63999938964844,127.05000305175781,127.5199966430664,127.36000061035156,399600,127.36000061035156
2019-04-03,128.25,126.58000183105469,128.0800018310547,126.81999969482422,745100,126.81999969482422
2019-04-04,129.7899932861328,126.41999816894531,126.69999694824219,129.69000244140625,532600,129.69000244140625
2019-04-05,132.02000427246094,129.97999572753906,130.25,131.58999633789062,379400,131.58999633789062
2019-04-08,132.8300018310547,130.64999389648438,131.39999389648438,132.75,532100,132.75
2019-04-09,132.7100067138672,130.63999938964844,132.7100067138672,131.30999755859375,595700,131.30999755859375
2019-04-10,132.24000549316406,129.1199951171875,131.0,131.1999969482422,646500,131.1999969482422
2019-04-11,132.05999755859375,130.7100067138672,130.9199981689453,131.39999389648438,320900,131.39999389648438
2019-04-12,133.33999633789062,130.75,132.19000244140625,132.1300048828125,467100,132.1300048828125
2019-04-15,133.58999633789062,131.4499969482422,131.8000030517578,131.5800018310547,691300,131.5800018310547
2019-04-16,132.52000427246094,129.24000549316406,131.86000061035156,131.10000610351562,587500,131.10000610351562
2019-04-17,132.42999267578125,130.3800048828125,131.5,130.8699951171875,395800,130.8699951171875
2019-04-18,131.94000244140625,130.07000732421875,130.64999389648438,131.77000427246094,615400,131.77000427246094
2019-04-22,132.17999267578125,130.88999938964844,131.0399932861328,131.39999389648438,709900,131.39999389648438
2019-04-23,134.3300018310547,131.5399932861328,131.8699951171875,134.13999938964844,880600,134.13999938964844
2019-04-24,134.8000030517578,132.47000122070312,133.97999572753906,134.16000366210938,1232200,134.16000366210938
2019-04-25,134.1300048828125,130.13999938964844,133.0,130.7100067138672,1318400,130.7100067138672
2019-04-26,130.08999633789062,118.25,128.8800048828125,127.0,1971800,127.0
2019-04-29,131.52000427246094,126.87999725341797,127.20999908447266,130.55999755859375,720900,130.55999755859375
2019-04-30,137.0399932861328,133.02000427246094,134.3699951171875,136.25,1411800,136.25
2019-05-01,138.49000549316406,135.32000732421875,136.7899932861328,135.35000610351562,808100,135.35000610351562
2019-05-02,138.14999389648438,135.3800048828125,135.58999633789062,135.8300018310547,675800,135.8300018310547
2019-05-03,139.44000244140625,136.11000061035156,137.0399932861328,139.08999633789062,413700,139.08999633789062
2019-05-06,138.33999633789062,135.10000610351562,136.4600067138672,137.77999877929688,615700,137.77999877929688
2019-05-07,138.1199951171875,134.89999389648438,136.6300048828125,136.4600067138672,807500,136.4600067138672
2019-05-08,136.82000732421875,133.9499969482422,136.1699981689453,134.0399932861328,400800,134.0399932861328
2019-05-09,133.77999877929688,130.97999572753906,132.80999755859375,132.83999633789062,497100,132.83999633789062
2019-05-10,135.5800018310547,130.83999633789062,133.02999877929688,135.36000061035156,515900,135.36000061035156
2019-05-13,133.08999633789062,130.0500030517578,132.8300018310547,131.16000366210938,774200,131.16000366210938
2019-05-14,135.1199951171875,130.77999877929688,131.1699981689453,134.2100067138672,599600,134.2100067138672
2019-05-15,136.1300048828125,131.2100067138672,132.88999938964844,135.97000122070312,543900,135.97000122070312
2019-05-16,141.49000549316406,136.88999938964844,137.67999267578125,140.30999755859375,1248000,140.30999755859375
2019-05-17,141.6300048828125,138.35000610351562,139.27000427246094,138.69000244140625,669200,138.69000244140625
2019-05-20,137.9499969482422,136.58999633789062,137.74000549316406,137.1199951171875,691100,137.1199951171875
2019-05-21,141.0399932861328,137.44000244140625,137.5800018310547,141.02999877929688,560200,141.02999877929688
2019-05-22,140.7100067138672,138.1300048828125,139.72999572753906,140.49000549316406,657800,140.49000549316406
2019-05-23,141.8699951171875,138.25999450683594,139.49000549316406,141.7100067138672,933800,141.7100067138672
2019-05-24,146.47000122070312,142.02999877929688,142.39999389648438,145.89999389648438,1264600,145.89999389648438
2019-05-28,145.8800048828125,141.42999267578125,145.82000732421875,141.4499969482422,1020500,141.4499969482422
2019-05-29,140.8300018310547,137.42999267578125,140.8300018310547,138.5399932861328,644600,138.5399932861328
2019-05-30,140.85000610351562,138.47000122070312,139.52999877929688,140.5800018310547,511100,140.5800018310547
2019-05-31,138.17999267578125,134.9600067138672,138.17999267578125,135.5500030517578,942400,135.5500030517578
2019-06-03,138.97000122070312,134.69000244140625,135.44000244140625,138.32000732421875,737100,138.32000732421875
2019-06-04,145.13999938964844,139.5399932861328,139.83999633789062,145.10000610351562,883500,145.10000610351562
2019-06-05,146.7899932861328,143.3300018310547,145.9499969482422,145.52999877929688,556600,145.52999877929688
2019-06-06,147.42999267578125,144.4600067138672,145.32000732421875,147.13999938964844,699600,147.13999938964844
2019-06-07,148.8300018310547,146.35000610351562,147.77000427246094,146.9499969482422,637000,146.9499969482422
2019-06-10,149.5,147.22999572753906,147.88999938964844,149.05999755859375,529700,149.05999755859375
2019-06-11,151.0800018310547,148.52999877929688,150.5,149.1300048828125,916700,149.1300048828125
2019-06-12,150.0,148.0,149.30999755859375,149.0,576300,149.0
2019-06-13,150.63999938964844,148.67999267578125,150.0,150.61000061035156,579600,150.61000061035156
2019-06-14,152.83999633789062,149.61000061035156,151.38999938964844,152.2899932861328,750800,152.2899932861328
2019-06-17,152.50999450683594,150.1300048828125,152.22999572753906,150.22000122070312,687300,150.22000122070312
2019-06-18,153.5399932861328,149.3699951171875,151.4199981689453,150.66000366210938,482800,150.66000366210938
2019-06-19,151.3000030517578,148.25,151.0500030517578,149.10000610351562,918400,149.10000610351562
2019-06-20,150.4199981689453,147.0,150.3000030517578,148.4499969482422,717500,148.4499969482422
2019-06-21,148.66000366210938,145.97000122070312,148.66000366210938,146.02999877929688,1150400,146.02999877929688
2019-06-24,146.9600067138672,144.72000122070312,146.72999572753906,145.92999267578125,609800,145.92999267578125
2019-06-25,146.19000244140625,142.1699981689453,145.52000427246094,142.39999389648438,768200,142.39999389648438
2019-06-26,142.3800048828125,140.36000061035156,142.3800048828125,141.75,802700,141.75
2019-06-27,145.17999267578125,141.55999755859375,142.60000610351562,145.08999633789062,421900,145.08999633789062
2019-06-28,147.64999389648438,145.08999633789062,145.08999633789062,147.47000122070312,704600,147.47000122070312
2019-07-01,150.88999938964844,148.25999450683594,149.0,150.7100067138672,562000,150.7100067138672
2019-07-02,151.52000427246094,149.02000427246094,150.5399932861328,151.47000122070312,389100,151.47000122070312
2019-07-03,153.3000030517578,150.89999389648438,152.1199951171875,153.25,207300,153.25
2019-07-05,152.35000610351562,150.41000366210938,152.22000122070312,151.39999389648438,325200,151.39999389648438
2019-07-08,152.1199951171875,150.11000061035156,151.3000030517578,150.27000427246094,593700,150.27000427246094
2019-07-09,150.66000366210938,147.86000061035156,149.72000122070312,149.8800048828125,364400,149.8800048828125
2019-07-10,150.55999755859375,147.9600067138672,150.35000610351562,148.60000610351562,325200,148.60000610351562
2019-07-11,149.19000244140625,146.0800018310547,149.19000244140625,148.9600067138672,301800,148.9600067138672
2019-07-12,151.7100067138672,148.63999938964844,149.58999633789062,151.1300048828125,443600,151.1300048828125
2019-07-15,151.85000610351562,148.60000610351562,151.63999938964844,149.5800018310547,334500,149.5800018310547
2019-07-16,151.3800048828125,149.35000610351562,149.74000549316406,150.0399932861328,413100,150.0399932861328
2019-07-17,151.35000610351562,149.25,150.50999450683594,150.9499969482422,614600,150.9499969482422
2019-07-18,154.7100067138672,149.0,150.88999938964844,154.50999450683594,1040500,154.50999450683594
2019-07-19,155.25999450683594,152.8300018310547,154.4600067138672,152.97999572753906,758400,152.97999572753906
2019-07-22,153.9499969482422,151.3000030517578,153.72999572753906,151.80999755859375,829400,151.80999755859375
2019-07-23,154.0399932861328,151.3699951171875,152.9600067138672,153.97999572753906,372400,153.97999572753906
2019-07-24,154.86000061035156,152.4600067138672,153.08999633789062,154.44000244140625,662300,154.44000244140625
2019-07-25,156.60000610351562,154.1300048828125,154.5399932861328,156.36000061035156,1008200,156.36000061035156
2019-07-26,140.55999755859375,127.2699966430664,138.0,128.83999633789062,4420300,128.83999633789062
2019-07-29,127.45999908447266,123.83999633789062,127.45999908447266,124.4800033569336,2400100,124.4800033569336
2019-07-30,126.12999725341797,122.2699966430664,124.9000015258789,125.25,1353000,125.25
2019-07-31,126.72000122070312,123.69000244140625,125.16999816894531,124.69000244140625,901600,124.69000244140625
2019-08-01,125.31999969482422,121.37999725341797,124.38999938964844,122.38999938964844,941400,122.38999938964844
2019-08-02,122.80999755859375,120.33000183105469,122.0,120.37999725341797,759800,120.37999725341797
2019-08-05,120.58000183105469,117.36000061035156,119.18000030517578,118.23999786376953,1038200,118.23999786376953
2019-08-06,119.19999694824219,116.5999984741211,118.80000305175781,117.52999877929688,804400,117.52999877929688
2019-08-07,118.80000305175781,115.55000305175781,116.19999694824219,118.44999694824219,985400,118.44999694824219
2019-08-08,119.30000305175781,117.08000183105469,118.55000305175781,117.95999908447266,850900,117.95999908447266
2019-08-09,118.62999725341797,116.5999984741211,118.4000015258789,116.7699966430664,540200,116.7699966430664
2019-08-12,116.44000244140625,113.77999877929688,116.11000061035156,113.93000030517578,747200,113.93000030517578
2019-08-13,118.12000274658203,113.62999725341797,114.31999969482422,114.80999755859375,655400,114.80999755859375
2019-08-14,114.5199966430664,111.56999969482422,113.1500015258789,112.45999908447266,972500,112.45999908447266
2019-08-15,112.6500015258789,109.70999908447266,112.27999877929688,110.44999694824219,943400,110.44999694824219
2019-08-16,112.6500015258789,108.93000030517578,110.44999694824219,111.33999633789062,667200,111.33999633789062
2019-08-19,115.30999755859375,112.56999969482422,112.77999877929688,114.06999969482422,917400,114.06999969482422
2019-08-20,114.06999969482422,111.93000030517578,113.5199966430664,113.02999877929688,667100,113.02999877929688
2019-08-21,117.3499984741211,115.54000091552734,117.26000213623047,115.9800033569336,693500,115.9800033569336
2019-08-22,116.9000015258789,114.27999877929688,116.05000305175781,116.30000305175781,442000,116.30000305175781
2019-08-23,116.06999969482422,111.5199966430664,115.31999969482422,112.08999633789062,639700,112.08999633789062
2019-08-26,114.33999633789062,112.19000244140625,113.33999633789062,113.58000183105469,709900,113.58000183105469
2019-08-27,114.37000274658203,111.58000183105469,114.37000274658203,112.58000183105469,534500,112.58000183105469
2019-08-28,113.83000183105469,111.02999877929688,112.04000091552734,113.18000030517578,376900,113.18000030517578
2019-08-29,117.45999908447266,114.5999984741211,114.73999786376953,116.70999908447266,652600,116.70999908447266
2019-08-30,119.77999877929688,117.58999633789062,117.8499984741211,118.88999938964844,661200,118.88999938964844
2019-09-03,117.04000091552734,113.04000091552734,116.81999969482422,114.33999633789062,725600,114.33999633789062
2019-09-04,116.08999633789062,114.72000122070312,114.98999786376953,115.01000213623047,458400,115.01000213623047
2019-09-05,118.68000030517578,116.19999694824219,116.41999816894531,117.83000183105469,532400,117.83000183105469
2019-09-06,119.9800033569336,117.81999969482422,118.41999816894531,118.80999755859375,444800,118.80999755859375
2019-09-09,122.06999969482422,119.37000274658203,119.58999633789062,121.29000091552734,644700,121.29000091552734
2019-09-10,126.43000030517578,120.91000366210938,121.05000305175781,125.9000015258789,704700,125.9000015258789
2019-09-11,129.8000030517578,123.12999725341797,126.8499984741211,129.0800018310547,665000,129.0800018310547
2019-09-12,129.85000610351562,125.0999984741211,129.85000610351562,125.41000366210938,760200,125.41000366210938
2019-09-13,126.79000091552734,121.19999694824219,123.0199966430664,125.6500015258789,508900,125.6500015258789
2019-09-16,125.76000213623047,122.0,125.62999725341797,122.44999694824219,846600,122.44999694824219
2019-09-17,122.5,121.01000213623047,121.62000274658203,122.19999694824219,807200,122.19999694824219
2019-09-18,123.54000091552734,121.19000244140625,122.45999908447266,122.94000244140625,606700,122.94000244140625
2019-09-19,125.0,122.54000091552734,123.12999725341797,124.2300033569336,605900,124.2300033569336
2019-09-20,125.4800033569336,122.56999969482422,124.52999877929688,123.38999938964844,958000,123.38999938964844
2019-09-23,123.5,121.27999877929688,122.06999969482422,121.69999694824219,580600,121.69999694824219
2019-09-24,122.5999984741211,119.83000183105469,121.69999694824219,120.13999938964844,833600,120.13999938964844
2019-09-25,122.43000030517578,120.61000061035156,121.01000213623047,122.2300033569336,603300,122.2300033569336
2019-09-26,123.4000015258789,121.33999633789062,122.26000213623047,121.5199966430664,467000,121.5199966430664
2019-09-27,124.7699966430664,122.68000030517578,122.77999877929688,123.58000183105469,540200,123.58000183105469
2019-09-30,125.16999816894531,123.72000122070312,123.80000305175781,124.06999969482422,396100,124.06999969482422
2019-10-01,126.18000030517578,121.08999633789062,125.02999877929688,121.2699966430664,531900,121.2699966430664
2019-10-02,120.86000061035156,117.5199966430664,120.41000366210938,118.9800033569336,825100,118.9800033569336
2019-10-03,122.06999969482422,118.97000122070312,119.31999969482422,121.94999694824219,1053800,121.94999694824219
2019-10-04,124.12000274658203,122.0,122.63999938964844,124.05999755859375,648900,124.05999755859375
2019-10-07,126.02999877929688,122.87000274658203,122.91000366210938,124.05999755859375,1064700,124.05999755859375
2019-10-08,123.70999908447266,121.61000061035156,122.91999816894531,123.68000030517578,332692,123.68000030517578
